questionId,sourceId,recordKind,questionBoundaryStatus,sourceFile,answerKeySource,sourcePage,questionImage,questionNumber,stem,options,correctAnswer,answerStatus,answerNote,ocrQuality,needsImage,imageRequirement,publisher,grade,academicYear,semester,examType,questionType,coreConcept,commonTrap,publisherChapter,officialContentCodes,officialPerformanceCodes,candidateSkillIds,skillIds,alignmentStatus,alignmentConfidence,alignmentReason,scopeOutlier,includeDecision,extractionEvidence,alignmentEvidence,canonicalExtracted,canonicalAlignment,reviewStatus
"""G1-康軒-108上-期中2-P05_R08_鶴聲國小_屏東縣_1年級_數學_108上_期中2_康軒-q001""","""G1-康軒-108上-期中2-P05_R08_鶴聲國小_屏東縣_1年級_數學_108上_期中2_康軒""","""question_group_candidate""","""not_verified_from_available_extraction""","""source_materials/tcool_math_g1_g4_康軒_翰林/grade-1/康軒/questions/P05_R08_鶴聲國小_屏東縣_1年級_數學_108上_期中2_康軒_題目卷.pdf""","""source_materials/tcool_math_g1_g4_康軒_翰林/grade-1/康軒/answers/P05_R08_鶴聲國小_屏東縣_1年級_數學_108上_期中2_康軒_答案卷.pdf""",1,"""source_materials/tcool_math_g1_g4_康軒_翰林/_analysis/pilot/pages/G1-_-108_-_2-P05_R08_____1____108___2__/page-1.jpg""","""未辨識題組#2""","""數<一-數*, Srayimel x, 畫*掉*。少#的 | | (2) Bi! Oy HPELES e LLL LLG —""",[],null,"""needs_review""",null,"""partial""",true,"""image_required""","""康軒""","""G1""","""108""","""上""","""期中2""","""文字計算／概念判斷""","""需人工複核""","""圖像／版面資訊遺失時不可憑 OCR 猜測""",null,[],[],[],[],"""uncertain""","""low""","""未能從 OCR／文字安全推得出版社章節，不強制歸類。 QA 重新稽核：未找到與題幹精確一致的現有 SkillID；章節或官方碼候選不視為 direct，SkillID 已清空。""","""not_evaluable""","""uncertain_review""","{""answerKeySource"":""source_materials/tcool_math_g1_g4_康軒_翰林/grade-1/康軒/answers/P05_R08_鶴聲國小_屏東縣_1年級_數學_108上_期中2_康軒_答案卷.pdf"",""answerNote"":null,""needsImage"":true,""ocrQuality"":""partial"",""questionImage"":""source_materials/tcool_math_g1_g4_康軒_翰林/_analysis/pilot/pages/G1-_-108_-_2-P05_R08_____1____108___2__/page-1.jpg"",""sourcePage"":1}","{""includeDecision"":""uncertain_review"",""notes"":""未能從 OCR／文字安全推得出版社章節，不強制歸類。 QA 重新稽核：未找到與題幹精確一致的現有 SkillID；章節或官方碼候選不視為 direct，SkillID 已清空。"",""publisherChapter"":null,""scopeOutlier"":""not_evaluable""}","{""answer"":null,""answer_key_source"":""source_materials/tcool_math_g1_g4_康軒_翰林/grade-1/康軒/answers/P05_R08_鶴聲國小_屏東縣_1年級_數學_108上_期中2_康軒_答案卷.pdf"",""answer_status"":""needs_review"",""id"":""G1-康軒-108上-期中2-P05_R08_鶴聲國小_屏東縣_1年級_數學_108上_期中2_康軒-q001"",""needs_image"":true,""ocr_quality"":""partial"",""original_number"":""未辨識題組#2"",""question_image"":""source_materials/tcool_math_g1_g4_康軒_翰林/_analysis/pilot/pages/G1-_-108_-_2-P05_R08_____1____108___2__/page-1.jpg"",""raw_text"":""數<一-數*, Srayimel x, 畫*掉*。少#的 | | (2) Bi! Oy HPELES e LLL LLG —"",""source_id"":""G1-康軒-108上-期中2-P05_R08_鶴聲國小_屏東縣_1年級_數學_108上_期中2_康軒"",""source_page"":1}","{""alignmentStatus"":""uncertain"",""candidateSkillIds"":[],""common_trap"":""圖像／版面資訊遺失時不可憑 OCR 猜測"",""confidence"":""low"",""core_concept"":""需人工複核"",""include_decision"":""uncertain_review"",""notes"":""未能從 OCR／文字安全推得出版社章節，不強制歸類。 QA 重新稽核：未找到與題幹精確一致的現有 SkillID；章節或官方碼候選不視為 direct，SkillID 已清空。"",""officialContentCodes"":[],""officialPerformanceCodes"":[],""publisherChapter"":null,""question_id"":""G1-康軒-108上-期中2-P05_R08_鶴聲國小_屏東縣_1年級_數學_108上_期中2_康軒-q001"",""question_type"":""文字計算／概念判斷"",""scope_outlier"":""not_evaluable"",""skillIds"":[],""source_id"":""G1-康軒-108上-期中2-P05_R08_鶴聲國小_屏東縣_1年級_數學_108上_期中2_康軒""}","""first_pass"""
"""G1-康軒-108上-期中2-P05_R08_鶴聲國小_屏東縣_1年級_數學_108上_期中2_康軒-q002""","""G1-康軒-108上-期中2-P05_R08_鶴聲國小_屏東縣_1年級_數學_108上_期中2_康軒""","""question_group_candidate""","""not_verified_from_available_extraction""","""source_materials/tcool_math_g1_g4_康軒_翰林/grade-1/康軒/questions/P05_R08_鶴聲國小_屏東縣_1年級_數學_108上_期中2_康軒_題目卷.pdf""","""source_materials/tcool_math_g1_g4_康軒_翰林/grade-1/康軒/answers/P05_R08_鶴聲國小_屏東縣_1年級_數學_108上_期中2_康軒_答案卷.pdf""",1,"""source_materials/tcool_math_g1_g4_康軒_翰林/_analysis/pilot/pages/G1-_-108_-_2-P05_R08_____1____108___2__/page-1.jpg""","""未辨識題組#2""","""Fim eRe Rape bei Bode Vv “VS SIILLLLS oe 畫0做>做看》, 再了比2一-比>。 多的?打?V , 3. LBL 的?打*V ,最無/的?打XX。 ing 2 Fe eX AREA RADE RATE V , RL LAER LATEX ©""",[],null,"""needs_review""",null,"""partial""",true,"""image_required""","""康軒""","""G1""","""108""","""上""","""期中2""","""文字計算／概念判斷""","""需人工複核""","""圖像／版面資訊遺失時不可憑 OCR 猜測""",null,[],[],[],[],"""uncertain""","""low""","""未能從 OCR／文字安全推得出版社章節，不強制歸類。 QA 重新稽核：未找到與題幹精確一致的現有 SkillID；章節或官方碼候選不視為 direct，SkillID 已清空。""","""not_evaluable""","""uncertain_review""","{""answerKeySource"":""source_materials/tcool_math_g1_g4_康軒_翰林/grade-1/康軒/answers/P05_R08_鶴聲國小_屏東縣_1年級_數學_108上_期中2_康軒_答案卷.pdf"",""answerNote"":null,""needsImage"":true,""ocrQuality"":""partial"",""questionImage"":""source_materials/tcool_math_g1_g4_康軒_翰林/_analysis/pilot/pages/G1-_-108_-_2-P05_R08_____1____108___2__/page-1.jpg"",""sourcePage"":1}","{""includeDecision"":""uncertain_review"",""notes"":""未能從 OCR／文字安全推得出版社章節，不強制歸類。 QA 重新稽核：未找到與題幹精確一致的現有 SkillID；章節或官方碼候選不視為 direct，SkillID 已清空。"",""publisherChapter"":null,""scopeOutlier"":""not_evaluable""}","{""answer"":null,""answer_key_source"":""source_materials/tcool_math_g1_g4_康軒_翰林/grade-1/康軒/answers/P05_R08_鶴聲國小_屏東縣_1年級_數學_108上_期中2_康軒_答案卷.pdf"",""answer_status"":""needs_review"",""id"":""G1-康軒-108上-期中2-P05_R08_鶴聲國小_屏東縣_1年級_數學_108上_期中2_康軒-q002"",""needs_image"":true,""ocr_quality"":""partial"",""original_number"":""未辨識題組#2"",""question_image"":""source_materials/tcool_math_g1_g4_康軒_翰林/_analysis/pilot/pages/G1-_-108_-_2-P05_R08_____1____108___2__/page-1.jpg"",""raw_text"":""Fim eRe Rape bei Bode Vv “VS SIILLLLS oe 畫0做>做看》, 再了比2一-比>。 多的?打?V , 3. LBL 的?打*V ,最無/的?打XX。 ing 2 Fe eX AREA RADE RATE V , RL LAER LATEX ©"",""source_id"":""G1-康軒-108上-期中2-P05_R08_鶴聲國小_屏東縣_1年級_數學_108上_期中2_康軒"",""source_page"":1}","{""alignmentStatus"":""uncertain"",""candidateSkillIds"":[],""common_trap"":""圖像／版面資訊遺失時不可憑 OCR 猜測"",""confidence"":""low"",""core_concept"":""需人工複核"",""include_decision"":""uncertain_review"",""notes"":""未能從 OCR／文字安全推得出版社章節，不強制歸類。 QA 重新稽核：未找到與題幹精確一致的現有 SkillID；章節或官方碼候選不視為 direct，SkillID 已清空。"",""officialContentCodes"":[],""officialPerformanceCodes"":[],""publisherChapter"":null,""question_id"":""G1-康軒-108上-期中2-P05_R08_鶴聲國小_屏東縣_1年級_數學_108上_期中2_康軒-q002"",""question_type"":""文字計算／概念判斷"",""scope_outlier"":""not_evaluable"",""skillIds"":[],""source_id"":""G1-康軒-108上-期中2-P05_R08_鶴聲國小_屏東縣_1年級_數學_108上_期中2_康軒""}","""first_pass"""
"""G1-康軒-108上-期中2-P05_R08_鶴聲國小_屏東縣_1年級_數學_108上_期中2_康軒-q003""","""G1-康軒-108上-期中2-P05_R08_鶴聲國小_屏東縣_1年級_數學_108上_期中2_康軒""","""question_group_candidate""","""not_verified_from_available_extraction""","""source_materials/tcool_math_g1_g4_康軒_翰林/grade-1/康軒/questions/P05_R08_鶴聲國小_屏東縣_1年級_數學_108上_期中2_康軒_題目卷.pdf""","""source_materials/tcool_math_g1_g4_康軒_翰林/grade-1/康軒/answers/P05_R08_鶴聲國小_屏東縣_1年級_數學_108上_期中2_康軒_答案卷.pdf""",1,"""source_materials/tcool_math_g1_g4_康軒_翰林/_analysis/pilot/pages/G1-_-108_-_2-P05_R08_____1____108___2__/page-1.jpg""","""未辨識題組#4""","""看了提示/ , RRB. CC aa ma 還 LJ lJ 1 最人多的?打*V > 最少#的?打%X。 me 從 2. [EB 。1 AR 2""",[],null,"""needs_review""",null,"""partial""",false,"""text_only""","""康軒""","""G1""","""108""","""上""","""期中2""","""文字計算／概念判斷""","""需人工複核""","""運算方向、單位或題意關係判讀錯誤""",null,[],[],[],[],"""uncertain""","""low""","""未能從 OCR／文字安全推得出版社章節，不強制歸類。 QA 重新稽核：未找到與題幹精確一致的現有 SkillID；章節或官方碼候選不視為 direct，SkillID 已清空。""","""not_evaluable""","""uncertain_review""","{""answerKeySource"":""source_materials/tcool_math_g1_g4_康軒_翰林/grade-1/康軒/answers/P05_R08_鶴聲國小_屏東縣_1年級_數學_108上_期中2_康軒_答案卷.pdf"",""answerNote"":null,""needsImage"":false,""ocrQuality"":""partial"",""questionImage"":""source_materials/tcool_math_g1_g4_康軒_翰林/_analysis/pilot/pages/G1-_-108_-_2-P05_R08_____1____108___2__/page-1.jpg"",""sourcePage"":1}","{""includeDecision"":""uncertain_review"",""notes"":""未能從 OCR／文字安全推得出版社章節，不強制歸類。 QA 重新稽核：未找到與題幹精確一致的現有 SkillID；章節或官方碼候選不視為 direct，SkillID 已清空。"",""publisherChapter"":null,""scopeOutlier"":""not_evaluable""}","{""answer"":null,""answer_key_source"":""source_materials/tcool_math_g1_g4_康軒_翰林/grade-1/康軒/answers/P05_R08_鶴聲國小_屏東縣_1年級_數學_108上_期中2_康軒_答案卷.pdf"",""answer_status"":""needs_review"",""id"":""G1-康軒-108上-期中2-P05_R08_鶴聲國小_屏東縣_1年級_數學_108上_期中2_康軒-q003"",""needs_image"":false,""ocr_quality"":""partial"",""original_number"":""未辨識題組#4"",""question_image"":""source_materials/tcool_math_g1_g4_康軒_翰林/_analysis/pilot/pages/G1-_-108_-_2-P05_R08_____1____108___2__/page-1.jpg"",""raw_text"":""看了提示/ , RRB. CC aa ma 還 LJ lJ 1 最人多的?打*V > 最少#的?打%X。 me 從 2. [EB 。1 AR 2"",""source_id"":""G1-康軒-108上-期中2-P05_R08_鶴聲國小_屏東縣_1年級_數學_108上_期中2_康軒"",""source_page"":1}","{""alignmentStatus"":""uncertain"",""candidateSkillIds"":[],""common_trap"":""運算方向、單位或題意關係判讀錯誤"",""confidence"":""low"",""core_concept"":""需人工複核"",""include_decision"":""uncertain_review"",""notes"":""未能從 OCR／文字安全推得出版社章節，不強制歸類。 QA 重新稽核：未找到與題幹精確一致的現有 SkillID；章節或官方碼候選不視為 direct，SkillID 已清空。"",""officialContentCodes"":[],""officialPerformanceCodes"":[],""publisherChapter"":null,""question_id"":""G1-康軒-108上-期中2-P05_R08_鶴聲國小_屏東縣_1年級_數學_108上_期中2_康軒-q003"",""question_type"":""文字計算／概念判斷"",""scope_outlier"":""not_evaluable"",""skillIds"":[],""source_id"":""G1-康軒-108上-期中2-P05_R08_鶴聲國小_屏東縣_1年級_數學_108上_期中2_康軒""}","""first_pass"""
"""G1-康軒-108上-期中2-P05_R08_鶴聲國小_屏東縣_1年級_數學_108上_期中2_康軒-q004""","""G1-康軒-108上-期中2-P05_R08_鶴聲國小_屏東縣_1年級_數學_108上_期中2_康軒""","""question_group_candidate""","""not_verified_from_available_extraction""","""source_materials/tcool_math_g1_g4_康軒_翰林/grade-1/康軒/questions/P05_R08_鶴聲國小_屏東縣_1年級_數學_108上_期中2_康軒_題目卷.pdf""","""source_materials/tcool_math_g1_g4_康軒_翰林/grade-1/康軒/answers/P05_R08_鶴聲國小_屏東縣_1年級_數學_108上_期中2_康軒_答案卷.pdf""",2,"""source_materials/tcool_math_g1_g4_康軒_翰林/_analysis/pilot/pages/G1-_-108_-_2-P05_R08_____1____108___2__/page-2.jpg""","""未辨識題組#2""","""夫有x(C。。 )個!長!方:形# Pee S SA (kia )個: 三: 角形; | BRASS a POS Der BRL EEO? Briard’ e SQ SESE SoM OES an 人 有xx )隻*晴?蜓# FAS 想一-想>, ALES (每%題4分p, ( ) ( ) 7 美 16 分5 3下?面?是\""如38的書 oe ce LAB i ates Sy © oa A oa EAM GE | 2 > EL] 裡*打?*V。 (1從? 上?面#數?起*,第*3 層? ET 3( )本2書7。""",[],null,"""needs_review""",null,"""partial""",false,"""text_only""","""康軒""","""G1""","""108""","""上""","""期中2""","""圖形性質或測量""","""平面圖形、周界／周長或面積比較""","""運算方向、單位或題意關係判讀錯誤""",null,[],[],[],[],"""uncertain""","""low""","""未能從 OCR／文字安全推得出版社章節，不強制歸類。 QA 重新稽核：未找到與題幹精確一致的現有 SkillID；章節或官方碼候選不視為 direct，SkillID 已清空。""","""not_evaluable""","""uncertain_review""","{""answerKeySource"":""source_materials/tcool_math_g1_g4_康軒_翰林/grade-1/康軒/answers/P05_R08_鶴聲國小_屏東縣_1年級_數學_108上_期中2_康軒_答案卷.pdf"",""answerNote"":null,""needsImage"":false,""ocrQuality"":""partial"",""questionImage"":""source_materials/tcool_math_g1_g4_康軒_翰林/_analysis/pilot/pages/G1-_-108_-_2-P05_R08_____1____108___2__/page-2.jpg"",""sourcePage"":2}","{""includeDecision"":""uncertain_review"",""notes"":""未能從 OCR／文字安全推得出版社章節，不強制歸類。 QA 重新稽核：未找到與題幹精確一致的現有 SkillID；章節或官方碼候選不視為 direct，SkillID 已清空。"",""publisherChapter"":null,""scopeOutlier"":""not_evaluable""}","{""answer"":null,""answer_key_source"":""source_materials/tcool_math_g1_g4_康軒_翰林/grade-1/康軒/answers/P05_R08_鶴聲國小_屏東縣_1年級_數學_108上_期中2_康軒_答案卷.pdf"",""answer_status"":""needs_review"",""id"":""G1-康軒-108上-期中2-P05_R08_鶴聲國小_屏東縣_1年級_數學_108上_期中2_康軒-q004"",""needs_image"":false,""ocr_quality"":""partial"",""original_number"":""未辨識題組#2"",""question_image"":""source_materials/tcool_math_g1_g4_康軒_翰林/_analysis/pilot/pages/G1-_-108_-_2-P05_R08_____1____108___2__/page-2.jpg"",""raw_text"":""夫有x(C。。 )個!長!方:形# Pee S SA (kia )個: 三: 角形; | BRASS a POS Der BRL EEO? Briard’ e SQ SESE SoM OES an 人 有xx )隻*晴?蜓# FAS 想一-想>, ALES (每%題4分p, ( ) ( ) 7 美 16 分5 3下?面?是\""如38的書 oe ce LAB i ates Sy © oa A oa EAM GE | 2 > EL] 裡*打?*V。 (1從? 上?面#數?起*,第*3 層? ET 3( )本2書7。"",""source_id"":""G1-康軒-108上-期中2-P05_R08_鶴聲國小_屏東縣_1年級_數學_108上_期中2_康軒"",""source_page"":2}","{""alignmentStatus"":""uncertain"",""candidateSkillIds"":[],""common_trap"":""運算方向、單位或題意關係判讀錯誤"",""confidence"":""low"",""core_concept"":""平面圖形、周界／周長或面積比較"",""include_decision"":""uncertain_review"",""notes"":""未能從 OCR／文字安全推得出版社章節，不強制歸類。 QA 重新稽核：未找到與題幹精確一致的現有 SkillID；章節或官方碼候選不視為 direct，SkillID 已清空。"",""officialContentCodes"":[],""officialPerformanceCodes"":[],""publisherChapter"":null,""question_id"":""G1-康軒-108上-期中2-P05_R08_鶴聲國小_屏東縣_1年級_數學_108上_期中2_康軒-q004"",""question_type"":""圖形性質或測量"",""scope_outlier"":""not_evaluable"",""skillIds"":[],""source_id"":""G1-康軒-108上-期中2-P05_R08_鶴聲國小_屏東縣_1年級_數學_108上_期中2_康軒""}","""first_pass"""
"""G1-康軒-108上-期中2-P05_R08_鶴聲國小_屏東縣_1年級_數學_108上_期中2_康軒-q005""","""G1-康軒-108上-期中2-P05_R08_鶴聲國小_屏東縣_1年級_數學_108上_期中2_康軒""","""question_group_candidate""","""not_verified_from_available_extraction""","""source_materials/tcool_math_g1_g4_康軒_翰林/grade-1/康軒/questions/P05_R08_鶴聲國小_屏東縣_1年級_數學_108上_期中2_康軒_題目卷.pdf""","""source_materials/tcool_math_g1_g4_康軒_翰林/grade-1/康軒/answers/P05_R08_鶴聲國小_屏東縣_1年級_數學_108上_期中2_康軒_答案卷.pdf""",2,"""source_materials/tcool_math_g1_g4_康軒_翰林/_analysis/pilot/pages/G1-_-108_-_2-P05_R08_____1____108___2__/page-2.jpg""","""未辨識題組#2""","""從下了面?數起。,第2 ) Fe: Hee Ti 5 本書《。 起 全2""",[],null,"""needs_review""",null,"""partial""",false,"""text_only""","""康軒""","""G1""","""108""","""上""","""期中2""","""文字計算／概念判斷""","""需人工複核""","""運算方向、單位或題意關係判讀錯誤""",null,[],[],[],[],"""uncertain""","""low""","""未能從 OCR／文字安全推得出版社章節，不強制歸類。 QA 重新稽核：未找到與題幹精確一致的現有 SkillID；章節或官方碼候選不視為 direct，SkillID 已清空。""","""not_evaluable""","""uncertain_review""","{""answerKeySource"":""source_materials/tcool_math_g1_g4_康軒_翰林/grade-1/康軒/answers/P05_R08_鶴聲國小_屏東縣_1年級_數學_108上_期中2_康軒_答案卷.pdf"",""answerNote"":null,""needsImage"":false,""ocrQuality"":""partial"",""questionImage"":""source_materials/tcool_math_g1_g4_康軒_翰林/_analysis/pilot/pages/G1-_-108_-_2-P05_R08_____1____108___2__/page-2.jpg"",""sourcePage"":2}","{""includeDecision"":""uncertain_review"",""notes"":""未能從 OCR／文字安全推得出版社章節，不強制歸類。 QA 重新稽核：未找到與題幹精確一致的現有 SkillID；章節或官方碼候選不視為 direct，SkillID 已清空。"",""publisherChapter"":null,""scopeOutlier"":""not_evaluable""}","{""answer"":null,""answer_key_source"":""source_materials/tcool_math_g1_g4_康軒_翰林/grade-1/康軒/answers/P05_R08_鶴聲國小_屏東縣_1年級_數學_108上_期中2_康軒_答案卷.pdf"",""answer_status"":""needs_review"",""id"":""G1-康軒-108上-期中2-P05_R08_鶴聲國小_屏東縣_1年級_數學_108上_期中2_康軒-q005"",""needs_image"":false,""ocr_quality"":""partial"",""original_number"":""未辨識題組#2"",""question_image"":""source_materials/tcool_math_g1_g4_康軒_翰林/_analysis/pilot/pages/G1-_-108_-_2-P05_R08_____1____108___2__/page-2.jpg"",""raw_text"":""從下了面?數起。,第2 ) Fe: Hee Ti 5 本書《。 起 全2"",""source_id"":""G1-康軒-108上-期中2-P05_R08_鶴聲國小_屏東縣_1年級_數學_108上_期中2_康軒"",""source_page"":2}","{""alignmentStatus"":""uncertain"",""candidateSkillIds"":[],""common_trap"":""運算方向、單位或題意關係判讀錯誤"",""confidence"":""low"",""core_concept"":""需人工複核"",""include_decision"":""uncertain_review"",""notes"":""未能從 OCR／文字安全推得出版社章節，不強制歸類。 QA 重新稽核：未找到與題幹精確一致的現有 SkillID；章節或官方碼候選不視為 direct，SkillID 已清空。"",""officialContentCodes"":[],""officialPerformanceCodes"":[],""publisherChapter"":null,""question_id"":""G1-康軒-108上-期中2-P05_R08_鶴聲國小_屏東縣_1年級_數學_108上_期中2_康軒-q005"",""question_type"":""文字計算／概念判斷"",""scope_outlier"":""not_evaluable"",""skillIds"":[],""source_id"":""G1-康軒-108上-期中2-P05_R08_鶴聲國小_屏東縣_1年級_數學_108上_期中2_康軒""}","""first_pass"""
"""G1-康軒-108上-期中2-P05_R08_鶴聲國小_屏東縣_1年級_數學_108上_期中2_康軒-q006""","""G1-康軒-108上-期中2-P05_R08_鶴聲國小_屏東縣_1年級_數學_108上_期中2_康軒""","""question_group_candidate""","""not_verified_from_available_extraction""","""source_materials/tcool_math_g1_g4_康軒_翰林/grade-1/康軒/questions/P05_R08_鶴聲國小_屏東縣_1年級_數學_108上_期中2_康軒_題目卷.pdf""","""source_materials/tcool_math_g1_g4_康軒_翰林/grade-1/康軒/answers/P05_R08_鶴聲國小_屏東縣_1年級_數學_108上_期中2_康軒_答案卷.pdf""",2,"""source_materials/tcool_math_g1_g4_康軒_翰林/_analysis/pilot/pages/G1-_-108_-_2-P05_R08_____1____108___2__/page-2.jpg""","""未辨識題組#2""","""FEF RMB pei aye AT Ree yee Beas wes a2 > Feel 」裡*打?*V。""",[],null,"""needs_review""",null,"""partial""",false,"""text_only""","""康軒""","""G1""","""108""","""上""","""期中2""","""文字計算／概念判斷""","""需人工複核""","""運算方向、單位或題意關係判讀錯誤""",null,[],[],[],[],"""uncertain""","""low""","""未能從 OCR／文字安全推得出版社章節，不強制歸類。 QA 重新稽核：未找到與題幹精確一致的現有 SkillID；章節或官方碼候選不視為 direct，SkillID 已清空。""","""not_evaluable""","""uncertain_review""","{""answerKeySource"":""source_materials/tcool_math_g1_g4_康軒_翰林/grade-1/康軒/answers/P05_R08_鶴聲國小_屏東縣_1年級_數學_108上_期中2_康軒_答案卷.pdf"",""answerNote"":null,""needsImage"":false,""ocrQuality"":""partial"",""questionImage"":""source_materials/tcool_math_g1_g4_康軒_翰林/_analysis/pilot/pages/G1-_-108_-_2-P05_R08_____1____108___2__/page-2.jpg"",""sourcePage"":2}","{""includeDecision"":""uncertain_review"",""notes"":""未能從 OCR／文字安全推得出版社章節，不強制歸類。 QA 重新稽核：未找到與題幹精確一致的現有 SkillID；章節或官方碼候選不視為 direct，SkillID 已清空。"",""publisherChapter"":null,""scopeOutlier"":""not_evaluable""}","{""answer"":null,""answer_key_source"":""source_materials/tcool_math_g1_g4_康軒_翰林/grade-1/康軒/answers/P05_R08_鶴聲國小_屏東縣_1年級_數學_108上_期中2_康軒_答案卷.pdf"",""answer_status"":""needs_review"",""id"":""G1-康軒-108上-期中2-P05_R08_鶴聲國小_屏東縣_1年級_數學_108上_期中2_康軒-q006"",""needs_image"":false,""ocr_quality"":""partial"",""original_number"":""未辨識題組#2"",""question_image"":""source_materials/tcool_math_g1_g4_康軒_翰林/_analysis/pilot/pages/G1-_-108_-_2-P05_R08_____1____108___2__/page-2.jpg"",""raw_text"":""FEF RMB pei aye AT Ree yee Beas wes a2 > Feel 」裡*打?*V。"",""source_id"":""G1-康軒-108上-期中2-P05_R08_鶴聲國小_屏東縣_1年級_數學_108上_期中2_康軒"",""source_page"":2}","{""alignmentStatus"":""uncertain"",""candidateSkillIds"":[],""common_trap"":""運算方向、單位或題意關係判讀錯誤"",""confidence"":""low"",""core_concept"":""需人工複核"",""include_decision"":""uncertain_review"",""notes"":""未能從 OCR／文字安全推得出版社章節，不強制歸類。 QA 重新稽核：未找到與題幹精確一致的現有 SkillID；章節或官方碼候選不視為 direct，SkillID 已清空。"",""officialContentCodes"":[],""officialPerformanceCodes"":[],""publisherChapter"":null,""question_id"":""G1-康軒-108上-期中2-P05_R08_鶴聲國小_屏東縣_1年級_數學_108上_期中2_康軒-q006"",""question_type"":""文字計算／概念判斷"",""scope_outlier"":""not_evaluable"",""skillIds"":[],""source_id"":""G1-康軒-108上-期中2-P05_R08_鶴聲國小_屏東縣_1年級_數學_108上_期中2_康軒""}","""first_pass"""
"""G1-康軒-108上-期中2-P05_R08_鶴聲國小_屏東縣_1年級_數學_108上_期中2_康軒-q007""","""G1-康軒-108上-期中2-P05_R08_鶴聲國小_屏東縣_1年級_數學_108上_期中2_康軒""","""question_group_candidate""","""not_verified_from_available_extraction""","""source_materials/tcool_math_g1_g4_康軒_翰林/grade-1/康軒/questions/P05_R08_鶴聲國小_屏東縣_1年級_數學_108上_期中2_康軒_題目卷.pdf""","""source_materials/tcool_math_g1_g4_康軒_翰林/grade-1/康軒/answers/P05_R08_鶴聲國小_屏東縣_1年級_數學_108上_期中2_康軒_答案卷.pdf""",2,"""source_materials/tcool_math_g1_g4_康軒_翰林/_analysis/pilot/pages/G1-_-108_-_2-P05_R08_____1____108___2__/page-2.jpg""","""未辨識題組#3""","""下?列*有>各#種#比*身高:的?方:法\"",正?確: ag fest laerdrev ©""",[],null,"""needs_review""",null,"""partial""",false,"""text_only""","""康軒""","""G1""","""108""","""上""","""期中2""","""文字計算／概念判斷""","""需人工複核""","""運算方向、單位或題意關係判讀錯誤""",null,[],[],[],[],"""uncertain""","""low""","""未能從 OCR／文字安全推得出版社章節，不強制歸類。 QA 重新稽核：未找到與題幹精確一致的現有 SkillID；章節或官方碼候選不視為 direct，SkillID 已清空。""","""not_evaluable""","""uncertain_review""","{""answerKeySource"":""source_materials/tcool_math_g1_g4_康軒_翰林/grade-1/康軒/answers/P05_R08_鶴聲國小_屏東縣_1年級_數學_108上_期中2_康軒_答案卷.pdf"",""answerNote"":null,""needsImage"":false,""ocrQuality"":""partial"",""questionImage"":""source_materials/tcool_math_g1_g4_康軒_翰林/_analysis/pilot/pages/G1-_-108_-_2-P05_R08_____1____108___2__/page-2.jpg"",""sourcePage"":2}","{""includeDecision"":""uncertain_review"",""notes"":""未能從 OCR／文字安全推得出版社章節，不強制歸類。 QA 重新稽核：未找到與題幹精確一致的現有 SkillID；章節或官方碼候選不視為 direct，SkillID 已清空。"",""publisherChapter"":null,""scopeOutlier"":""not_evaluable""}","{""answer"":null,""answer_key_source"":""source_materials/tcool_math_g1_g4_康軒_翰林/grade-1/康軒/answers/P05_R08_鶴聲國小_屏東縣_1年級_數學_108上_期中2_康軒_答案卷.pdf"",""answer_status"":""needs_review"",""id"":""G1-康軒-108上-期中2-P05_R08_鶴聲國小_屏東縣_1年級_數學_108上_期中2_康軒-q007"",""needs_image"":false,""ocr_quality"":""partial"",""original_number"":""未辨識題組#3"",""question_image"":""source_materials/tcool_math_g1_g4_康軒_翰林/_analysis/pilot/pages/G1-_-108_-_2-P05_R08_____1____108___2__/page-2.jpg"",""raw_text"":""下?列*有>各#種#比*身高:的?方:法\"",正?確: ag fest laerdrev ©"",""source_id"":""G1-康軒-108上-期中2-P05_R08_鶴聲國小_屏東縣_1年級_數學_108上_期中2_康軒"",""source_page"":2}","{""alignmentStatus"":""uncertain"",""candidateSkillIds"":[],""common_trap"":""運算方向、單位或題意關係判讀錯誤"",""confidence"":""low"",""core_concept"":""需人工複核"",""include_decision"":""uncertain_review"",""notes"":""未能從 OCR／文字安全推得出版社章節，不強制歸類。 QA 重新稽核：未找到與題幹精確一致的現有 SkillID；章節或官方碼候選不視為 direct，SkillID 已清空。"",""officialContentCodes"":[],""officialPerformanceCodes"":[],""publisherChapter"":null,""question_id"":""G1-康軒-108上-期中2-P05_R08_鶴聲國小_屏東縣_1年級_數學_108上_期中2_康軒-q007"",""question_type"":""文字計算／概念判斷"",""scope_outlier"":""not_evaluable"",""skillIds"":[],""source_id"":""G1-康軒-108上-期中2-P05_R08_鶴聲國小_屏東縣_1年級_數學_108上_期中2_康軒""}","""first_pass"""
"""G1-康軒-108上-期中2-P05_R08_鶴聲國小_屏東縣_1年級_數學_108上_期中2_康軒-q008""","""G1-康軒-108上-期中2-P05_R08_鶴聲國小_屏東縣_1年級_數學_108上_期中2_康軒""","""question_group_candidate""","""not_verified_from_available_extraction""","""source_materials/tcool_math_g1_g4_康軒_翰林/grade-1/康軒/questions/P05_R08_鶴聲國小_屏東縣_1年級_數學_108上_期中2_康軒_題目卷.pdf""","""source_materials/tcool_math_g1_g4_康軒_翰林/grade-1/康軒/answers/P05_R08_鶴聲國小_屏東縣_1年級_數學_108上_期中2_康軒_答案卷.pdf""",2,"""source_materials/tcool_math_g1_g4_康軒_翰林/_analysis/pilot/pages/G1-_-108_-_2-P05_R08_____1____108___2__/page-2.jpg""","""未辨識題組#1""","""aay (2) LAPS IAS BLA MEE AS Bi ~ BEE EY HHS ( & (應 (2)怡-敏2是/第2(。。 )位*。 訓 和 y (3) KeBlRr Bi F x JAS e""",[],null,"""needs_review""",null,"""partial""",false,"""text_only""","""康軒""","""G1""","""108""","""上""","""期中2""","""文字計算／概念判斷""","""需人工複核""","""運算方向、單位或題意關係判讀錯誤""",null,[],[],[],[],"""uncertain""","""low""","""未能從 OCR／文字安全推得出版社章節，不強制歸類。 QA 重新稽核：未找到與題幹精確一致的現有 SkillID；章節或官方碼候選不視為 direct，SkillID 已清空。""","""not_evaluable""","""uncertain_review""","{""answerKeySource"":""source_materials/tcool_math_g1_g4_康軒_翰林/grade-1/康軒/answers/P05_R08_鶴聲國小_屏東縣_1年級_數學_108上_期中2_康軒_答案卷.pdf"",""answerNote"":null,""needsImage"":false,""ocrQuality"":""partial"",""questionImage"":""source_materials/tcool_math_g1_g4_康軒_翰林/_analysis/pilot/pages/G1-_-108_-_2-P05_R08_____1____108___2__/page-2.jpg"",""sourcePage"":2}","{""includeDecision"":""uncertain_review"",""notes"":""未能從 OCR／文字安全推得出版社章節，不強制歸類。 QA 重新稽核：未找到與題幹精確一致的現有 SkillID；章節或官方碼候選不視為 direct，SkillID 已清空。"",""publisherChapter"":null,""scopeOutlier"":""not_evaluable""}","{""answer"":null,""answer_key_source"":""source_materials/tcool_math_g1_g4_康軒_翰林/grade-1/康軒/answers/P05_R08_鶴聲國小_屏東縣_1年級_數學_108上_期中2_康軒_答案卷.pdf"",""answer_status"":""needs_review"",""id"":""G1-康軒-108上-期中2-P05_R08_鶴聲國小_屏東縣_1年級_數學_108上_期中2_康軒-q008"",""needs_image"":false,""ocr_quality"":""partial"",""original_number"":""未辨識題組#1"",""question_image"":""source_materials/tcool_math_g1_g4_康軒_翰林/_analysis/pilot/pages/G1-_-108_-_2-P05_R08_____1____108___2__/page-2.jpg"",""raw_text"":""aay (2) LAPS IAS BLA MEE AS Bi ~ BEE EY HHS ( & (應 (2)怡-敏2是/第2(。。 )位*。 訓 和 y (3) KeBlRr Bi F x JAS e"",""source_id"":""G1-康軒-108上-期中2-P05_R08_鶴聲國小_屏東縣_1年級_數學_108上_期中2_康軒"",""source_page"":2}","{""alignmentStatus"":""uncertain"",""candidateSkillIds"":[],""common_trap"":""運算方向、單位或題意關係判讀錯誤"",""confidence"":""low"",""core_concept"":""需人工複核"",""include_decision"":""uncertain_review"",""notes"":""未能從 OCR／文字安全推得出版社章節，不強制歸類。 QA 重新稽核：未找到與題幹精確一致的現有 SkillID；章節或官方碼候選不視為 direct，SkillID 已清空。"",""officialContentCodes"":[],""officialPerformanceCodes"":[],""publisherChapter"":null,""question_id"":""G1-康軒-108上-期中2-P05_R08_鶴聲國小_屏東縣_1年級_數學_108上_期中2_康軒-q008"",""question_type"":""文字計算／概念判斷"",""scope_outlier"":""not_evaluable"",""skillIds"":[],""source_id"":""G1-康軒-108上-期中2-P05_R08_鶴聲國小_屏東縣_1年級_數學_108上_期中2_康軒""}","""first_pass"""
"""G1-康軒-108上-期中2-P05_R08_鶴聲國小_屏東縣_1年級_數學_108上_期中2_康軒-q009""","""G1-康軒-108上-期中2-P05_R08_鶴聲國小_屏東縣_1年級_數學_108上_期中2_康軒""","""question_group_candidate""","""not_verified_from_available_extraction""","""source_materials/tcool_math_g1_g4_康軒_翰林/grade-1/康軒/questions/P05_R08_鶴聲國小_屏東縣_1年級_數學_108上_期中2_康軒_題目卷.pdf""","""source_materials/tcool_math_g1_g4_康軒_翰林/grade-1/康軒/answers/P05_R08_鶴聲國小_屏東縣_1年級_數學_108上_期中2_康軒_答案卷.pdf""",2,"""source_materials/tcool_math_g1_g4_康軒_翰林/_analysis/pilot/pages/G1-_-108_-_2-P05_R08_____1____108___2__/page-2.jpg""","""未辨識題組#4""","""40%? 16 大八的?數打 V。 ) 4) Gn) )( )( )""",[],null,"""needs_review""",null,"""partial""",false,"""text_only""","""康軒""","""G1""","""108""","""上""","""期中2""","""文字計算／概念判斷""","""需人工複核""","""運算方向、單位或題意關係判讀錯誤""",null,[],[],[],[],"""uncertain""","""low""","""未能從 OCR／文字安全推得出版社章節，不強制歸類。 QA 重新稽核：未找到與題幹精確一致的現有 SkillID；章節或官方碼候選不視為 direct，SkillID 已清空。""","""not_evaluable""","""uncertain_review""","{""answerKeySource"":""source_materials/tcool_math_g1_g4_康軒_翰林/grade-1/康軒/answers/P05_R08_鶴聲國小_屏東縣_1年級_數學_108上_期中2_康軒_答案卷.pdf"",""answerNote"":null,""needsImage"":false,""ocrQuality"":""partial"",""questionImage"":""source_materials/tcool_math_g1_g4_康軒_翰林/_analysis/pilot/pages/G1-_-108_-_2-P05_R08_____1____108___2__/page-2.jpg"",""sourcePage"":2}","{""includeDecision"":""uncertain_review"",""notes"":""未能從 OCR／文字安全推得出版社章節，不強制歸類。 QA 重新稽核：未找到與題幹精確一致的現有 SkillID；章節或官方碼候選不視為 direct，SkillID 已清空。"",""publisherChapter"":null,""scopeOutlier"":""not_evaluable""}","{""answer"":null,""answer_key_source"":""source_materials/tcool_math_g1_g4_康軒_翰林/grade-1/康軒/answers/P05_R08_鶴聲國小_屏東縣_1年級_數學_108上_期中2_康軒_答案卷.pdf"",""answer_status"":""needs_review"",""id"":""G1-康軒-108上-期中2-P05_R08_鶴聲國小_屏東縣_1年級_數學_108上_期中2_康軒-q009"",""needs_image"":false,""ocr_quality"":""partial"",""original_number"":""未辨識題組#4"",""question_image"":""source_materials/tcool_math_g1_g4_康軒_翰林/_analysis/pilot/pages/G1-_-108_-_2-P05_R08_____1____108___2__/page-2.jpg"",""raw_text"":""40%? 16 大八的?數打 V。 ) 4) Gn) )( )( )"",""source_id"":""G1-康軒-108上-期中2-P05_R08_鶴聲國小_屏東縣_1年級_數學_108上_期中2_康軒"",""source_page"":2}","{""alignmentStatus"":""uncertain"",""candidateSkillIds"":[],""common_trap"":""運算方向、單位或題意關係判讀錯誤"",""confidence"":""low"",""core_concept"":""需人工複核"",""include_decision"":""uncertain_review"",""notes"":""未能從 OCR／文字安全推得出版社章節，不強制歸類。 QA 重新稽核：未找到與題幹精確一致的現有 SkillID；章節或官方碼候選不視為 direct，SkillID 已清空。"",""officialContentCodes"":[],""officialPerformanceCodes"":[],""publisherChapter"":null,""question_id"":""G1-康軒-108上-期中2-P05_R08_鶴聲國小_屏東縣_1年級_數學_108上_期中2_康軒-q009"",""question_type"":""文字計算／概念判斷"",""scope_outlier"":""not_evaluable"",""skillIds"":[],""source_id"":""G1-康軒-108上-期中2-P05_R08_鶴聲國小_屏東縣_1年級_數學_108上_期中2_康軒""}","""first_pass"""
"""G1-康軒-109上-期中1-P04_R02_寶山國小_彰化縣_1年級_數學_109上_期中1_康軒-q001""","""G1-康軒-109上-期中1-P04_R02_寶山國小_彰化縣_1年級_數學_109上_期中1_康軒""","""question_group_candidate""","""not_verified_from_available_extraction""","""source_materials/tcool_math_g1_g4_康軒_翰林/grade-1/康軒/questions/P04_R02_寶山國小_彰化縣_1年級_數學_109上_期中1_康軒_題目卷.pdf""","""source_materials/tcool_math_g1_g4_康軒_翰林/grade-1/康軒/answers/P04_R02_寶山國小_彰化縣_1年級_數學_109上_期中1_康軒_答案卷.pdf""",1,"""source_materials/tcool_math_g1_g4_康軒_翰林/_analysis/pilot/pages/G1-_-109_-_1-P04_R02_____1____109___1__/page-1.jpg""","""一、連連看(一條線 1 分共 12 分) 二比比看(共 18 分)#1""","""把答案相同的算式連起 1. 下面有 3 條繩子，由長到 來。 短填入 1、2、3。(一格 2 分) 3＋5 2＋7 1＋4 6＋0 ( ) ( ) 7＋2 6＋2 3＋3 0＋5 ( )""",[],null,"""needs_review""",null,"""text_layer""",false,"""text_only""","""康軒""","""G1""","""109""","""上""","""期中1""","""文字計算／概念判斷""","""需人工複核""","""運算方向、單位或題意關係判讀錯誤""",null,[],[],[],[],"""uncertain""","""low""","""未能從 OCR／文字安全推得出版社章節，不強制歸類。 QA 重新稽核：未找到與題幹精確一致的現有 SkillID；章節或官方碼候選不視為 direct，SkillID 已清空。""","""not_evaluable""","""uncertain_review""","{""answerKeySource"":""source_materials/tcool_math_g1_g4_康軒_翰林/grade-1/康軒/answers/P04_R02_寶山國小_彰化縣_1年級_數學_109上_期中1_康軒_答案卷.pdf"",""answerNote"":null,""needsImage"":false,""ocrQuality"":""text_layer"",""questionImage"":""source_materials/tcool_math_g1_g4_康軒_翰林/_analysis/pilot/pages/G1-_-109_-_1-P04_R02_____1____109___1__/page-1.jpg"",""sourcePage"":1}","{""includeDecision"":""uncertain_review"",""notes"":""未能從 OCR／文字安全推得出版社章節，不強制歸類。 QA 重新稽核：未找到與題幹精確一致的現有 SkillID；章節或官方碼候選不視為 direct，SkillID 已清空。"",""publisherChapter"":null,""scopeOutlier"":""not_evaluable""}","{""answer"":null,""answer_key_source"":""source_materials/tcool_math_g1_g4_康軒_翰林/grade-1/康軒/answers/P04_R02_寶山國小_彰化縣_1年級_數學_109上_期中1_康軒_答案卷.pdf"",""answer_status"":""needs_review"",""id"":""G1-康軒-109上-期中1-P04_R02_寶山國小_彰化縣_1年級_數學_109上_期中1_康軒-q001"",""needs_image"":false,""ocr_quality"":""text_layer"",""original_number"":""一、連連看(一條線 1 分共 12 分) 二比比看(共 18 分)#1"",""question_image"":""source_materials/tcool_math_g1_g4_康軒_翰林/_analysis/pilot/pages/G1-_-109_-_1-P04_R02_____1____109___1__/page-1.jpg"",""raw_text"":""把答案相同的算式連起 1. 下面有 3 條繩子，由長到 來。 短填入 1、2、3。(一格 2 分) 3＋5 2＋7 1＋4 6＋0 ( ) ( ) 7＋2 6＋2 3＋3 0＋5 ( )"",""source_id"":""G1-康軒-109上-期中1-P04_R02_寶山國小_彰化縣_1年級_數學_109上_期中1_康軒"",""source_page"":1}","{""alignmentStatus"":""uncertain"",""candidateSkillIds"":[],""common_trap"":""運算方向、單位或題意關係判讀錯誤"",""confidence"":""low"",""core_concept"":""需人工複核"",""include_decision"":""uncertain_review"",""notes"":""未能從 OCR／文字安全推得出版社章節，不強制歸類。 QA 重新稽核：未找到與題幹精確一致的現有 SkillID；章節或官方碼候選不視為 direct，SkillID 已清空。"",""officialContentCodes"":[],""officialPerformanceCodes"":[],""publisherChapter"":null,""question_id"":""G1-康軒-109上-期中1-P04_R02_寶山國小_彰化縣_1年級_數學_109上_期中1_康軒-q001"",""question_type"":""文字計算／概念判斷"",""scope_outlier"":""not_evaluable"",""skillIds"":[],""source_id"":""G1-康軒-109上-期中1-P04_R02_寶山國小_彰化縣_1年級_數學_109上_期中1_康軒""}","""first_pass"""
"""G1-康軒-109上-期中1-P04_R02_寶山國小_彰化縣_1年級_數學_109上_期中1_康軒-q002""","""G1-康軒-109上-期中1-P04_R02_寶山國小_彰化縣_1年級_數學_109上_期中1_康軒""","""question_group_candidate""","""not_verified_from_available_extraction""","""source_materials/tcool_math_g1_g4_康軒_翰林/grade-1/康軒/questions/P04_R02_寶山國小_彰化縣_1年級_數學_109上_期中1_康軒_題目卷.pdf""","""source_materials/tcool_math_g1_g4_康軒_翰林/grade-1/康軒/answers/P04_R02_寶山國小_彰化縣_1年級_數學_109上_期中1_康軒_答案卷.pdf""",1,"""source_materials/tcool_math_g1_g4_康軒_翰林/_analysis/pilot/pages/G1-_-109_-_1-P04_R02_____1____109___1__/page-1.jpg""","""一、連連看(一條線 1 分共 12 分) 二比比看(共 18 分)#2""","""多少和多少合起來是 10？""",[],null,"""needs_review""",null,"""text_layer""",false,"""text_only""","""康軒""","""G1""","""109""","""上""","""期中1""","""文字計算／概念判斷""","""需人工複核""","""運算方向、單位或題意關係判讀錯誤""",null,[],[],[],[],"""uncertain""","""low""","""未能從 OCR／文字安全推得出版社章節，不強制歸類。 QA 重新稽核：未找到與題幹精確一致的現有 SkillID；章節或官方碼候選不視為 direct，SkillID 已清空。""","""not_evaluable""","""uncertain_review""","{""answerKeySource"":""source_materials/tcool_math_g1_g4_康軒_翰林/grade-1/康軒/answers/P04_R02_寶山國小_彰化縣_1年級_數學_109上_期中1_康軒_答案卷.pdf"",""answerNote"":null,""needsImage"":false,""ocrQuality"":""text_layer"",""questionImage"":""source_materials/tcool_math_g1_g4_康軒_翰林/_analysis/pilot/pages/G1-_-109_-_1-P04_R02_____1____109___1__/page-1.jpg"",""sourcePage"":1}","{""includeDecision"":""uncertain_review"",""notes"":""未能從 OCR／文字安全推得出版社章節，不強制歸類。 QA 重新稽核：未找到與題幹精確一致的現有 SkillID；章節或官方碼候選不視為 direct，SkillID 已清空。"",""publisherChapter"":null,""scopeOutlier"":""not_evaluable""}","{""answer"":null,""answer_key_source"":""source_materials/tcool_math_g1_g4_康軒_翰林/grade-1/康軒/answers/P04_R02_寶山國小_彰化縣_1年級_數學_109上_期中1_康軒_答案卷.pdf"",""answer_status"":""needs_review"",""id"":""G1-康軒-109上-期中1-P04_R02_寶山國小_彰化縣_1年級_數學_109上_期中1_康軒-q002"",""needs_image"":false,""ocr_quality"":""text_layer"",""original_number"":""一、連連看(一條線 1 分共 12 分) 二比比看(共 18 分)#2"",""question_image"":""source_materials/tcool_math_g1_g4_康軒_翰林/_analysis/pilot/pages/G1-_-109_-_1-P04_R02_____1____109___1__/page-1.jpg"",""raw_text"":""多少和多少合起來是 10？"",""source_id"":""G1-康軒-109上-期中1-P04_R02_寶山國小_彰化縣_1年級_數學_109上_期中1_康軒"",""source_page"":1}","{""alignmentStatus"":""uncertain"",""candidateSkillIds"":[],""common_trap"":""運算方向、單位或題意關係判讀錯誤"",""confidence"":""low"",""core_concept"":""需人工複核"",""include_decision"":""uncertain_review"",""notes"":""未能從 OCR／文字安全推得出版社章節，不強制歸類。 QA 重新稽核：未找到與題幹精確一致的現有 SkillID；章節或官方碼候選不視為 direct，SkillID 已清空。"",""officialContentCodes"":[],""officialPerformanceCodes"":[],""publisherChapter"":null,""question_id"":""G1-康軒-109上-期中1-P04_R02_寶山國小_彰化縣_1年級_數學_109上_期中1_康軒-q002"",""question_type"":""文字計算／概念判斷"",""scope_outlier"":""not_evaluable"",""skillIds"":[],""source_id"":""G1-康軒-109上-期中1-P04_R02_寶山國小_彰化縣_1年級_數學_109上_期中1_康軒""}","""first_pass"""
"""G1-康軒-109上-期中1-P04_R02_寶山國小_彰化縣_1年級_數學_109上_期中1_康軒-q003""","""G1-康軒-109上-期中1-P04_R02_寶山國小_彰化縣_1年級_數學_109上_期中1_康軒""","""question_group_candidate""","""not_verified_from_available_extraction""","""source_materials/tcool_math_g1_g4_康軒_翰林/grade-1/康軒/questions/P04_R02_寶山國小_彰化縣_1年級_數學_109上_期中1_康軒_題目卷.pdf""","""source_materials/tcool_math_g1_g4_康軒_翰林/grade-1/康軒/answers/P04_R02_寶山國小_彰化縣_1年級_數學_109上_期中1_康軒_答案卷.pdf""",1,"""source_materials/tcool_math_g1_g4_康軒_翰林/_analysis/pilot/pages/G1-_-109_-_1-P04_R02_____1____109___1__/page-1.jpg""","""一、連連看(一條線 1 分共 12 分) 二比比看(共 18 分)#2""","""由高到矮填入 1、2、3、4。 ㄅ ㄉ (一格 2 分) ㄆ ㄊ ㄇ ㄋ ( ) ( ) ( ) ( )""",[],null,"""needs_review""",null,"""text_layer""",false,"""text_only""","""康軒""","""G1""","""109""","""上""","""期中1""","""文字計算／概念判斷""","""需人工複核""","""運算方向、單位或題意關係判讀錯誤""",null,[],[],[],[],"""uncertain""","""low""","""未能從 OCR／文字安全推得出版社章節，不強制歸類。 QA 重新稽核：未找到與題幹精確一致的現有 SkillID；章節或官方碼候選不視為 direct，SkillID 已清空。""","""not_evaluable""","""uncertain_review""","{""answerKeySource"":""source_materials/tcool_math_g1_g4_康軒_翰林/grade-1/康軒/answers/P04_R02_寶山國小_彰化縣_1年級_數學_109上_期中1_康軒_答案卷.pdf"",""answerNote"":null,""needsImage"":false,""ocrQuality"":""text_layer"",""questionImage"":""source_materials/tcool_math_g1_g4_康軒_翰林/_analysis/pilot/pages/G1-_-109_-_1-P04_R02_____1____109___1__/page-1.jpg"",""sourcePage"":1}","{""includeDecision"":""uncertain_review"",""notes"":""未能從 OCR／文字安全推得出版社章節，不強制歸類。 QA 重新稽核：未找到與題幹精確一致的現有 SkillID；章節或官方碼候選不視為 direct，SkillID 已清空。"",""publisherChapter"":null,""scopeOutlier"":""not_evaluable""}","{""answer"":null,""answer_key_source"":""source_materials/tcool_math_g1_g4_康軒_翰林/grade-1/康軒/answers/P04_R02_寶山國小_彰化縣_1年級_數學_109上_期中1_康軒_答案卷.pdf"",""answer_status"":""needs_review"",""id"":""G1-康軒-109上-期中1-P04_R02_寶山國小_彰化縣_1年級_數學_109上_期中1_康軒-q003"",""needs_image"":false,""ocr_quality"":""text_layer"",""original_number"":""一、連連看(一條線 1 分共 12 分) 二比比看(共 18 分)#2"",""question_image"":""source_materials/tcool_math_g1_g4_康軒_翰林/_analysis/pilot/pages/G1-_-109_-_1-P04_R02_____1____109___1__/page-1.jpg"",""raw_text"":""由高到矮填入 1、2、3、4。 ㄅ ㄉ (一格 2 分) ㄆ ㄊ ㄇ ㄋ ( ) ( ) ( ) ( )"",""source_id"":""G1-康軒-109上-期中1-P04_R02_寶山國小_彰化縣_1年級_數學_109上_期中1_康軒"",""source_page"":1}","{""alignmentStatus"":""uncertain"",""candidateSkillIds"":[],""common_trap"":""運算方向、單位或題意關係判讀錯誤"",""confidence"":""low"",""core_concept"":""需人工複核"",""include_decision"":""uncertain_review"",""notes"":""未能從 OCR／文字安全推得出版社章節，不強制歸類。 QA 重新稽核：未找到與題幹精確一致的現有 SkillID；章節或官方碼候選不視為 direct，SkillID 已清空。"",""officialContentCodes"":[],""officialPerformanceCodes"":[],""publisherChapter"":null,""question_id"":""G1-康軒-109上-期中1-P04_R02_寶山國小_彰化縣_1年級_數學_109上_期中1_康軒-q003"",""question_type"":""文字計算／概念判斷"",""scope_outlier"":""not_evaluable"",""skillIds"":[],""source_id"":""G1-康軒-109上-期中1-P04_R02_寶山國小_彰化縣_1年級_數學_109上_期中1_康軒""}","""first_pass"""
"""G1-康軒-109上-期中1-P04_R02_寶山國小_彰化縣_1年級_數學_109上_期中1_康軒-q004""","""G1-康軒-109上-期中1-P04_R02_寶山國小_彰化縣_1年級_數學_109上_期中1_康軒""","""question_group_candidate""","""not_verified_from_available_extraction""","""source_materials/tcool_math_g1_g4_康軒_翰林/grade-1/康軒/questions/P04_R02_寶山國小_彰化縣_1年級_數學_109上_期中1_康軒_題目卷.pdf""","""source_materials/tcool_math_g1_g4_康軒_翰林/grade-1/康軒/answers/P04_R02_寶山國小_彰化縣_1年級_數學_109上_期中1_康軒_答案卷.pdf""",1,"""source_materials/tcool_math_g1_g4_康軒_翰林/_analysis/pilot/pages/G1-_-109_-_1-P04_R02_____1____109___1__/page-1.jpg""","""一、連連看(一條線 1 分共 12 分) 二比比看(共 18 分)#3""","""比較薄的打(一題 2 分) ㄈ ㄌ""",[],null,"""needs_review""",null,"""text_layer""",false,"""text_only""","""康軒""","""G1""","""109""","""上""","""期中1""","""文字計算／概念判斷""","""需人工複核""","""運算方向、單位或題意關係判讀錯誤""",null,[],[],[],[],"""uncertain""","""low""","""未能從 OCR／文字安全推得出版社章節，不強制歸類。 QA 重新稽核：未找到與題幹精確一致的現有 SkillID；章節或官方碼候選不視為 direct，SkillID 已清空。""","""not_evaluable""","""uncertain_review""","{""answerKeySource"":""source_materials/tcool_math_g1_g4_康軒_翰林/grade-1/康軒/answers/P04_R02_寶山國小_彰化縣_1年級_數學_109上_期中1_康軒_答案卷.pdf"",""answerNote"":null,""needsImage"":false,""ocrQuality"":""text_layer"",""questionImage"":""source_materials/tcool_math_g1_g4_康軒_翰林/_analysis/pilot/pages/G1-_-109_-_1-P04_R02_____1____109___1__/page-1.jpg"",""sourcePage"":1}","{""includeDecision"":""uncertain_review"",""notes"":""未能從 OCR／文字安全推得出版社章節，不強制歸類。 QA 重新稽核：未找到與題幹精確一致的現有 SkillID；章節或官方碼候選不視為 direct，SkillID 已清空。"",""publisherChapter"":null,""scopeOutlier"":""not_evaluable""}","{""answer"":null,""answer_key_source"":""source_materials/tcool_math_g1_g4_康軒_翰林/grade-1/康軒/answers/P04_R02_寶山國小_彰化縣_1年級_數學_109上_期中1_康軒_答案卷.pdf"",""answer_status"":""needs_review"",""id"":""G1-康軒-109上-期中1-P04_R02_寶山國小_彰化縣_1年級_數學_109上_期中1_康軒-q004"",""needs_image"":false,""ocr_quality"":""text_layer"",""original_number"":""一、連連看(一條線 1 分共 12 分) 二比比看(共 18 分)#3"",""question_image"":""source_materials/tcool_math_g1_g4_康軒_翰林/_analysis/pilot/pages/G1-_-109_-_1-P04_R02_____1____109___1__/page-1.jpg"",""raw_text"":""比較薄的打(一題 2 分) ㄈ ㄌ"",""source_id"":""G1-康軒-109上-期中1-P04_R02_寶山國小_彰化縣_1年級_數學_109上_期中1_康軒"",""source_page"":1}","{""alignmentStatus"":""uncertain"",""candidateSkillIds"":[],""common_trap"":""運算方向、單位或題意關係判讀錯誤"",""confidence"":""low"",""core_concept"":""需人工複核"",""include_decision"":""uncertain_review"",""notes"":""未能從 OCR／文字安全推得出版社章節，不強制歸類。 QA 重新稽核：未找到與題幹精確一致的現有 SkillID；章節或官方碼候選不視為 direct，SkillID 已清空。"",""officialContentCodes"":[],""officialPerformanceCodes"":[],""publisherChapter"":null,""question_id"":""G1-康軒-109上-期中1-P04_R02_寶山國小_彰化縣_1年級_數學_109上_期中1_康軒-q004"",""question_type"":""文字計算／概念判斷"",""scope_outlier"":""not_evaluable"",""skillIds"":[],""source_id"":""G1-康軒-109上-期中1-P04_R02_寶山國小_彰化縣_1年級_數學_109上_期中1_康軒""}","""first_pass"""
"""G1-康軒-109上-期中1-P04_R02_寶山國小_彰化縣_1年級_數學_109上_期中1_康軒-q005""","""G1-康軒-109上-期中1-P04_R02_寶山國小_彰化縣_1年級_數學_109上_期中1_康軒""","""question_group_candidate""","""not_verified_from_available_extraction""","""source_materials/tcool_math_g1_g4_康軒_翰林/grade-1/康軒/questions/P04_R02_寶山國小_彰化縣_1年級_數學_109上_期中1_康軒_題目卷.pdf""","""source_materials/tcool_math_g1_g4_康軒_翰林/grade-1/康軒/answers/P04_R02_寶山國小_彰化縣_1年級_數學_109上_期中1_康軒_答案卷.pdf""",1,"""source_materials/tcool_math_g1_g4_康軒_翰林/_analysis/pilot/pages/G1-_-109_-_1-P04_R02_____1____109___1__/page-1.jpg""","""一、連連看(一條線 1 分共 12 分) 二比比看(共 18 分)#1""","""2. ( ) ( √ ) ( √ ) ( )""",[],null,"""needs_review""",null,"""text_layer""",false,"""text_only""","""康軒""","""G1""","""109""","""上""","""期中1""","""文字計算／概念判斷""","""需人工複核""","""運算方向、單位或題意關係判讀錯誤""",null,[],[],[],[],"""uncertain""","""low""","""未能從 OCR／文字安全推得出版社章節，不強制歸類。 QA 重新稽核：未找到與題幹精確一致的現有 SkillID；章節或官方碼候選不視為 direct，SkillID 已清空。""","""not_evaluable""","""uncertain_review""","{""answerKeySource"":""source_materials/tcool_math_g1_g4_康軒_翰林/grade-1/康軒/answers/P04_R02_寶山國小_彰化縣_1年級_數學_109上_期中1_康軒_答案卷.pdf"",""answerNote"":null,""needsImage"":false,""ocrQuality"":""text_layer"",""questionImage"":""source_materials/tcool_math_g1_g4_康軒_翰林/_analysis/pilot/pages/G1-_-109_-_1-P04_R02_____1____109___1__/page-1.jpg"",""sourcePage"":1}","{""includeDecision"":""uncertain_review"",""notes"":""未能從 OCR／文字安全推得出版社章節，不強制歸類。 QA 重新稽核：未找到與題幹精確一致的現有 SkillID；章節或官方碼候選不視為 direct，SkillID 已清空。"",""publisherChapter"":null,""scopeOutlier"":""not_evaluable""}","{""answer"":null,""answer_key_source"":""source_materials/tcool_math_g1_g4_康軒_翰林/grade-1/康軒/answers/P04_R02_寶山國小_彰化縣_1年級_數學_109上_期中1_康軒_答案卷.pdf"",""answer_status"":""needs_review"",""id"":""G1-康軒-109上-期中1-P04_R02_寶山國小_彰化縣_1年級_數學_109上_期中1_康軒-q005"",""needs_image"":false,""ocr_quality"":""text_layer"",""original_number"":""一、連連看(一條線 1 分共 12 分) 二比比看(共 18 分)#1"",""question_image"":""source_materials/tcool_math_g1_g4_康軒_翰林/_analysis/pilot/pages/G1-_-109_-_1-P04_R02_____1____109___1__/page-1.jpg"",""raw_text"":""2. ( ) ( √ ) ( √ ) ( )"",""source_id"":""G1-康軒-109上-期中1-P04_R02_寶山國小_彰化縣_1年級_數學_109上_期中1_康軒"",""source_page"":1}","{""alignmentStatus"":""uncertain"",""candidateSkillIds"":[],""common_trap"":""運算方向、單位或題意關係判讀錯誤"",""confidence"":""low"",""core_concept"":""需人工複核"",""include_decision"":""uncertain_review"",""notes"":""未能從 OCR／文字安全推得出版社章節，不強制歸類。 QA 重新稽核：未找到與題幹精確一致的現有 SkillID；章節或官方碼候選不視為 direct，SkillID 已清空。"",""officialContentCodes"":[],""officialPerformanceCodes"":[],""publisherChapter"":null,""question_id"":""G1-康軒-109上-期中1-P04_R02_寶山國小_彰化縣_1年級_數學_109上_期中1_康軒-q005"",""question_type"":""文字計算／概念判斷"",""scope_outlier"":""not_evaluable"",""skillIds"":[],""source_id"":""G1-康軒-109上-期中1-P04_R02_寶山國小_彰化縣_1年級_數學_109上_期中1_康軒""}","""first_pass"""
"""G1-康軒-109上-期中1-P04_R02_寶山國小_彰化縣_1年級_數學_109上_期中1_康軒-q006""","""G1-康軒-109上-期中1-P04_R02_寶山國小_彰化縣_1年級_數學_109上_期中1_康軒""","""question_group_candidate""","""not_verified_from_available_extraction""","""source_materials/tcool_math_g1_g4_康軒_翰林/grade-1/康軒/questions/P04_R02_寶山國小_彰化縣_1年級_數學_109上_期中1_康軒_題目卷.pdf""","""source_materials/tcool_math_g1_g4_康軒_翰林/grade-1/康軒/answers/P04_R02_寶山國小_彰化縣_1年級_數學_109上_期中1_康軒_答案卷.pdf""",1,"""source_materials/tcool_math_g1_g4_康軒_翰林/_analysis/pilot/pages/G1-_-109_-_1-P04_R02_____1____109___1__/page-1.jpg""","""三、填填看(一格 2 分共 34 分)#1""","""2. 10 7 5 4 直線 曲線 1""",[],null,"""needs_review""",null,"""text_layer""",false,"""text_only""","""康軒""","""G1""","""109""","""上""","""期中1""","""長度量測或比較""","""以公分量測、比較或畫線""","""運算方向、單位或題意關係判讀錯誤""","{""chapterNumber"":2,""chapterTitle"":""比長短"",""editionFamily"":""unknown""}","[""N-1-5"",""S-1-1""]","[""n-I-7""]",[],[],"""partial""","""medium""","""章節級候選；SkillID 留空，待視覺／題意複核後才做粒度對齊。 QA 重新稽核：未找到與題幹精確一致的現有 SkillID；章節或官方碼候選不視為 direct，SkillID 已清空。""","""not_evaluable""","""include_for_type_only""","{""answerKeySource"":""source_materials/tcool_math_g1_g4_康軒_翰林/grade-1/康軒/answers/P04_R02_寶山國小_彰化縣_1年級_數學_109上_期中1_康軒_答案卷.pdf"",""answerNote"":null,""needsImage"":false,""ocrQuality"":""text_layer"",""questionImage"":""source_materials/tcool_math_g1_g4_康軒_翰林/_analysis/pilot/pages/G1-_-109_-_1-P04_R02_____1____109___1__/page-1.jpg"",""sourcePage"":1}","{""includeDecision"":""include_for_type_only"",""notes"":""章節級候選；SkillID 留空，待視覺／題意複核後才做粒度對齊。 QA 重新稽核：未找到與題幹精確一致的現有 SkillID；章節或官方碼候選不視為 direct，SkillID 已清空。"",""publisherChapter"":{""chapterNumber"":2,""chapterTitle"":""比長短"",""editionFamily"":""unknown""},""scopeOutlier"":""not_evaluable""}","{""answer"":null,""answer_key_source"":""source_materials/tcool_math_g1_g4_康軒_翰林/grade-1/康軒/answers/P04_R02_寶山國小_彰化縣_1年級_數學_109上_期中1_康軒_答案卷.pdf"",""answer_status"":""needs_review"",""id"":""G1-康軒-109上-期中1-P04_R02_寶山國小_彰化縣_1年級_數學_109上_期中1_康軒-q006"",""needs_image"":false,""ocr_quality"":""text_layer"",""original_number"":""三、填填看(一格 2 分共 34 分)#1"",""question_image"":""source_materials/tcool_math_g1_g4_康軒_翰林/_analysis/pilot/pages/G1-_-109_-_1-P04_R02_____1____109___1__/page-1.jpg"",""raw_text"":""2. 10 7 5 4 直線 曲線 1"",""source_id"":""G1-康軒-109上-期中1-P04_R02_寶山國小_彰化縣_1年級_數學_109上_期中1_康軒"",""source_page"":1}","{""alignmentStatus"":""partial"",""candidateSkillIds"":[],""common_trap"":""運算方向、單位或題意關係判讀錯誤"",""confidence"":""medium"",""core_concept"":""以公分量測、比較或畫線"",""include_decision"":""include_for_type_only"",""notes"":""章節級候選；SkillID 留空，待視覺／題意複核後才做粒度對齊。 QA 重新稽核：未找到與題幹精確一致的現有 SkillID；章節或官方碼候選不視為 direct，SkillID 已清空。"",""officialContentCodes"":[""N-1-5"",""S-1-1""],""officialPerformanceCodes"":[""n-I-7""],""publisherChapter"":{""chapterNumber"":2,""chapterTitle"":""比長短"",""editionFamily"":""unknown""},""question_id"":""G1-康軒-109上-期中1-P04_R02_寶山國小_彰化縣_1年級_數學_109上_期中1_康軒-q006"",""question_type"":""長度量測或比較"",""scope_outlier"":""not_evaluable"",""skillIds"":[],""source_id"":""G1-康軒-109上-期中1-P04_R02_寶山國小_彰化縣_1年級_數學_109上_期中1_康軒""}","""first_pass"""
"""G1-康軒-109上-期中1-P04_R02_寶山國小_彰化縣_1年級_數學_109上_期中1_康軒-q007""","""G1-康軒-109上-期中1-P04_R02_寶山國小_彰化縣_1年級_數學_109上_期中1_康軒""","""question_group_candidate""","""not_verified_from_available_extraction""","""source_materials/tcool_math_g1_g4_康軒_翰林/grade-1/康軒/questions/P04_R02_寶山國小_彰化縣_1年級_數學_109上_期中1_康軒_題目卷.pdf""","""source_materials/tcool_math_g1_g4_康軒_翰林/grade-1/康軒/answers/P04_R02_寶山國小_彰化縣_1年級_數學_109上_期中1_康軒_答案卷.pdf""",2,"""source_materials/tcool_math_g1_g4_康軒_翰林/_analysis/pilot/pages/G1-_-109_-_1-P04_R02_____1____109___1__/page-2.jpg""","""未辨識題組#3""","""28 — 27 — 26 — 25 — 24 — 23 2. 0＋6＝( )""",[],null,"""needs_review""",null,"""text_layer""",false,"""text_only""","""康軒""","""G1""","""109""","""上""","""期中1""","""文字計算／概念判斷""","""需人工複核""","""運算方向、單位或題意關係判讀錯誤""",null,[],[],[],[],"""uncertain""","""low""","""未能從 OCR／文字安全推得出版社章節，不強制歸類。 QA 重新稽核：未找到與題幹精確一致的現有 SkillID；章節或官方碼候選不視為 direct，SkillID 已清空。""","""not_evaluable""","""uncertain_review""","{""answerKeySource"":""source_materials/tcool_math_g1_g4_康軒_翰林/grade-1/康軒/answers/P04_R02_寶山國小_彰化縣_1年級_數學_109上_期中1_康軒_答案卷.pdf"",""answerNote"":null,""needsImage"":false,""ocrQuality"":""text_layer"",""questionImage"":""source_materials/tcool_math_g1_g4_康軒_翰林/_analysis/pilot/pages/G1-_-109_-_1-P04_R02_____1____109___1__/page-2.jpg"",""sourcePage"":2}","{""includeDecision"":""uncertain_review"",""notes"":""未能從 OCR／文字安全推得出版社章節，不強制歸類。 QA 重新稽核：未找到與題幹精確一致的現有 SkillID；章節或官方碼候選不視為 direct，SkillID 已清空。"",""publisherChapter"":null,""scopeOutlier"":""not_evaluable""}","{""answer"":null,""answer_key_source"":""source_materials/tcool_math_g1_g4_康軒_翰林/grade-1/康軒/answers/P04_R02_寶山國小_彰化縣_1年級_數學_109上_期中1_康軒_答案卷.pdf"",""answer_status"":""needs_review"",""id"":""G1-康軒-109上-期中1-P04_R02_寶山國小_彰化縣_1年級_數學_109上_期中1_康軒-q007"",""needs_image"":false,""ocr_quality"":""text_layer"",""original_number"":""未辨識題組#3"",""question_image"":""source_materials/tcool_math_g1_g4_康軒_翰林/_analysis/pilot/pages/G1-_-109_-_1-P04_R02_____1____109___1__/page-2.jpg"",""raw_text"":""28 — 27 — 26 — 25 — 24 — 23 2. 0＋6＝( )"",""source_id"":""G1-康軒-109上-期中1-P04_R02_寶山國小_彰化縣_1年級_數學_109上_期中1_康軒"",""source_page"":2}","{""alignmentStatus"":""uncertain"",""candidateSkillIds"":[],""common_trap"":""運算方向、單位或題意關係判讀錯誤"",""confidence"":""low"",""core_concept"":""需人工複核"",""include_decision"":""uncertain_review"",""notes"":""未能從 OCR／文字安全推得出版社章節，不強制歸類。 QA 重新稽核：未找到與題幹精確一致的現有 SkillID；章節或官方碼候選不視為 direct，SkillID 已清空。"",""officialContentCodes"":[],""officialPerformanceCodes"":[],""publisherChapter"":null,""question_id"":""G1-康軒-109上-期中1-P04_R02_寶山國小_彰化縣_1年級_數學_109上_期中1_康軒-q007"",""question_type"":""文字計算／概念判斷"",""scope_outlier"":""not_evaluable"",""skillIds"":[],""source_id"":""G1-康軒-109上-期中1-P04_R02_寶山國小_彰化縣_1年級_數學_109上_期中1_康軒""}","""first_pass"""
"""G1-康軒-109上-期中1-P04_R02_寶山國小_彰化縣_1年級_數學_109上_期中1_康軒-q008""","""G1-康軒-109上-期中1-P04_R02_寶山國小_彰化縣_1年級_數學_109上_期中1_康軒""","""question_group_candidate""","""not_verified_from_available_extraction""","""source_materials/tcool_math_g1_g4_康軒_翰林/grade-1/康軒/questions/P04_R02_寶山國小_彰化縣_1年級_數學_109上_期中1_康軒_題目卷.pdf""","""source_materials/tcool_math_g1_g4_康軒_翰林/grade-1/康軒/answers/P04_R02_寶山國小_彰化縣_1年級_數學_109上_期中1_康軒_答案卷.pdf""",2,"""source_materials/tcool_math_g1_g4_康軒_翰林/_analysis/pilot/pages/G1-_-109_-_1-P04_R02_____1____109___1__/page-2.jpg""","""未辨識題組#4""","""9 — 10 — 11 — 12 — 13 — 14""",[],null,"""needs_review""",null,"""text_layer""",false,"""text_only""","""康軒""","""G1""","""109""","""上""","""期中1""","""文字計算／概念判斷""","""需人工複核""","""運算方向、單位或題意關係判讀錯誤""",null,[],[],[],[],"""uncertain""","""low""","""未能從 OCR／文字安全推得出版社章節，不強制歸類。 QA 重新稽核：未找到與題幹精確一致的現有 SkillID；章節或官方碼候選不視為 direct，SkillID 已清空。""","""not_evaluable""","""uncertain_review""","{""answerKeySource"":""source_materials/tcool_math_g1_g4_康軒_翰林/grade-1/康軒/answers/P04_R02_寶山國小_彰化縣_1年級_數學_109上_期中1_康軒_答案卷.pdf"",""answerNote"":null,""needsImage"":false,""ocrQuality"":""text_layer"",""questionImage"":""source_materials/tcool_math_g1_g4_康軒_翰林/_analysis/pilot/pages/G1-_-109_-_1-P04_R02_____1____109___1__/page-2.jpg"",""sourcePage"":2}","{""includeDecision"":""uncertain_review"",""notes"":""未能從 OCR／文字安全推得出版社章節，不強制歸類。 QA 重新稽核：未找到與題幹精確一致的現有 SkillID；章節或官方碼候選不視為 direct，SkillID 已清空。"",""publisherChapter"":null,""scopeOutlier"":""not_evaluable""}","{""answer"":null,""answer_key_source"":""source_materials/tcool_math_g1_g4_康軒_翰林/grade-1/康軒/answers/P04_R02_寶山國小_彰化縣_1年級_數學_109上_期中1_康軒_答案卷.pdf"",""answer_status"":""needs_review"",""id"":""G1-康軒-109上-期中1-P04_R02_寶山國小_彰化縣_1年級_數學_109上_期中1_康軒-q008"",""needs_image"":false,""ocr_quality"":""text_layer"",""original_number"":""未辨識題組#4"",""question_image"":""source_materials/tcool_math_g1_g4_康軒_翰林/_analysis/pilot/pages/G1-_-109_-_1-P04_R02_____1____109___1__/page-2.jpg"",""raw_text"":""9 — 10 — 11 — 12 — 13 — 14"",""source_id"":""G1-康軒-109上-期中1-P04_R02_寶山國小_彰化縣_1年級_數學_109上_期中1_康軒"",""source_page"":2}","{""alignmentStatus"":""uncertain"",""candidateSkillIds"":[],""common_trap"":""運算方向、單位或題意關係判讀錯誤"",""confidence"":""low"",""core_concept"":""需人工複核"",""include_decision"":""uncertain_review"",""notes"":""未能從 OCR／文字安全推得出版社章節，不強制歸類。 QA 重新稽核：未找到與題幹精確一致的現有 SkillID；章節或官方碼候選不視為 direct，SkillID 已清空。"",""officialContentCodes"":[],""officialPerformanceCodes"":[],""publisherChapter"":null,""question_id"":""G1-康軒-109上-期中1-P04_R02_寶山國小_彰化縣_1年級_數學_109上_期中1_康軒-q008"",""question_type"":""文字計算／概念判斷"",""scope_outlier"":""not_evaluable"",""skillIds"":[],""source_id"":""G1-康軒-109上-期中1-P04_R02_寶山國小_彰化縣_1年級_數學_109上_期中1_康軒""}","""first_pass"""
"""G1-康軒-109上-期中1-P04_R02_寶山國小_彰化縣_1年級_數學_109上_期中1_康軒-q009""","""G1-康軒-109上-期中1-P04_R02_寶山國小_彰化縣_1年級_數學_109上_期中1_康軒""","""question_group_candidate""","""not_verified_from_available_extraction""","""source_materials/tcool_math_g1_g4_康軒_翰林/grade-1/康軒/questions/P04_R02_寶山國小_彰化縣_1年級_數學_109上_期中1_康軒_題目卷.pdf""","""source_materials/tcool_math_g1_g4_康軒_翰林/grade-1/康軒/answers/P04_R02_寶山國小_彰化縣_1年級_數學_109上_期中1_康軒_答案卷.pdf""",2,"""source_materials/tcool_math_g1_g4_康軒_翰林/_analysis/pilot/pages/G1-_-109_-_1-P04_R02_____1____109___1__/page-2.jpg""","""未辨識題組#1""","""是第( 19 )個，牠的後面""",[],null,"""needs_review""",null,"""text_layer""",false,"""text_only""","""康軒""","""G1""","""109""","""上""","""期中1""","""文字計算／概念判斷""","""需人工複核""","""運算方向、單位或題意關係判讀錯誤""",null,[],[],[],[],"""uncertain""","""low""","""未能從 OCR／文字安全推得出版社章節，不強制歸類。 QA 重新稽核：未找到與題幹精確一致的現有 SkillID；章節或官方碼候選不視為 direct，SkillID 已清空。""","""not_evaluable""","""uncertain_review""","{""answerKeySource"":""source_materials/tcool_math_g1_g4_康軒_翰林/grade-1/康軒/answers/P04_R02_寶山國小_彰化縣_1年級_數學_109上_期中1_康軒_答案卷.pdf"",""answerNote"":null,""needsImage"":false,""ocrQuality"":""text_layer"",""questionImage"":""source_materials/tcool_math_g1_g4_康軒_翰林/_analysis/pilot/pages/G1-_-109_-_1-P04_R02_____1____109___1__/page-2.jpg"",""sourcePage"":2}","{""includeDecision"":""uncertain_review"",""notes"":""未能從 OCR／文字安全推得出版社章節，不強制歸類。 QA 重新稽核：未找到與題幹精確一致的現有 SkillID；章節或官方碼候選不視為 direct，SkillID 已清空。"",""publisherChapter"":null,""scopeOutlier"":""not_evaluable""}","{""answer"":null,""answer_key_source"":""source_materials/tcool_math_g1_g4_康軒_翰林/grade-1/康軒/answers/P04_R02_寶山國小_彰化縣_1年級_數學_109上_期中1_康軒_答案卷.pdf"",""answer_status"":""needs_review"",""id"":""G1-康軒-109上-期中1-P04_R02_寶山國小_彰化縣_1年級_數學_109上_期中1_康軒-q009"",""needs_image"":false,""ocr_quality"":""text_layer"",""original_number"":""未辨識題組#1"",""question_image"":""source_materials/tcool_math_g1_g4_康軒_翰林/_analysis/pilot/pages/G1-_-109_-_1-P04_R02_____1____109___1__/page-2.jpg"",""raw_text"":""是第( 19 )個，牠的後面"",""source_id"":""G1-康軒-109上-期中1-P04_R02_寶山國小_彰化縣_1年級_數學_109上_期中1_康軒"",""source_page"":2}","{""alignmentStatus"":""uncertain"",""candidateSkillIds"":[],""common_trap"":""運算方向、單位或題意關係判讀錯誤"",""confidence"":""low"",""core_concept"":""需人工複核"",""include_decision"":""uncertain_review"",""notes"":""未能從 OCR／文字安全推得出版社章節，不強制歸類。 QA 重新稽核：未找到與題幹精確一致的現有 SkillID；章節或官方碼候選不視為 direct，SkillID 已清空。"",""officialContentCodes"":[],""officialPerformanceCodes"":[],""publisherChapter"":null,""question_id"":""G1-康軒-109上-期中1-P04_R02_寶山國小_彰化縣_1年級_數學_109上_期中1_康軒-q009"",""question_type"":""文字計算／概念判斷"",""scope_outlier"":""not_evaluable"",""skillIds"":[],""source_id"":""G1-康軒-109上-期中1-P04_R02_寶山國小_彰化縣_1年級_數學_109上_期中1_康軒""}","""first_pass"""
"""G1-康軒-109上-期中1-P04_R02_寶山國小_彰化縣_1年級_數學_109上_期中1_康軒-q010""","""G1-康軒-109上-期中1-P04_R02_寶山國小_彰化縣_1年級_數學_109上_期中1_康軒""","""question_group_candidate""","""not_verified_from_available_extraction""","""source_materials/tcool_math_g1_g4_康軒_翰林/grade-1/康軒/questions/P04_R02_寶山國小_彰化縣_1年級_數學_109上_期中1_康軒_題目卷.pdf""","""source_materials/tcool_math_g1_g4_康軒_翰林/grade-1/康軒/answers/P04_R02_寶山國小_彰化縣_1年級_數學_109上_期中1_康軒_答案卷.pdf""",2,"""source_materials/tcool_math_g1_g4_康軒_翰林/_analysis/pilot/pages/G1-_-109_-_1-P04_R02_____1____109___1__/page-2.jpg""","""未辨識題組#5""","""3＋5＝( ) 有( 18 )個。""",[],null,"""needs_review""",null,"""text_layer""",false,"""text_only""","""康軒""","""G1""","""109""","""上""","""期中1""","""文字計算／概念判斷""","""需人工複核""","""運算方向、單位或題意關係判讀錯誤""",null,[],[],[],[],"""uncertain""","""low""","""未能從 OCR／文字安全推得出版社章節，不強制歸類。 QA 重新稽核：未找到與題幹精確一致的現有 SkillID；章節或官方碼候選不視為 direct，SkillID 已清空。""","""not_evaluable""","""uncertain_review""","{""answerKeySource"":""source_materials/tcool_math_g1_g4_康軒_翰林/grade-1/康軒/answers/P04_R02_寶山國小_彰化縣_1年級_數學_109上_期中1_康軒_答案卷.pdf"",""answerNote"":null,""needsImage"":false,""ocrQuality"":""text_layer"",""questionImage"":""source_materials/tcool_math_g1_g4_康軒_翰林/_analysis/pilot/pages/G1-_-109_-_1-P04_R02_____1____109___1__/page-2.jpg"",""sourcePage"":2}","{""includeDecision"":""uncertain_review"",""notes"":""未能從 OCR／文字安全推得出版社章節，不強制歸類。 QA 重新稽核：未找到與題幹精確一致的現有 SkillID；章節或官方碼候選不視為 direct，SkillID 已清空。"",""publisherChapter"":null,""scopeOutlier"":""not_evaluable""}","{""answer"":null,""answer_key_source"":""source_materials/tcool_math_g1_g4_康軒_翰林/grade-1/康軒/answers/P04_R02_寶山國小_彰化縣_1年級_數學_109上_期中1_康軒_答案卷.pdf"",""answer_status"":""needs_review"",""id"":""G1-康軒-109上-期中1-P04_R02_寶山國小_彰化縣_1年級_數學_109上_期中1_康軒-q010"",""needs_image"":false,""ocr_quality"":""text_layer"",""original_number"":""未辨識題組#5"",""question_image"":""source_materials/tcool_math_g1_g4_康軒_翰林/_analysis/pilot/pages/G1-_-109_-_1-P04_R02_____1____109___1__/page-2.jpg"",""raw_text"":""3＋5＝( ) 有( 18 )個。"",""source_id"":""G1-康軒-109上-期中1-P04_R02_寶山國小_彰化縣_1年級_數學_109上_期中1_康軒"",""source_page"":2}","{""alignmentStatus"":""uncertain"",""candidateSkillIds"":[],""common_trap"":""運算方向、單位或題意關係判讀錯誤"",""confidence"":""low"",""core_concept"":""需人工複核"",""include_decision"":""uncertain_review"",""notes"":""未能從 OCR／文字安全推得出版社章節，不強制歸類。 QA 重新稽核：未找到與題幹精確一致的現有 SkillID；章節或官方碼候選不視為 direct，SkillID 已清空。"",""officialContentCodes"":[],""officialPerformanceCodes"":[],""publisherChapter"":null,""question_id"":""G1-康軒-109上-期中1-P04_R02_寶山國小_彰化縣_1年級_數學_109上_期中1_康軒-q010"",""question_type"":""文字計算／概念判斷"",""scope_outlier"":""not_evaluable"",""skillIds"":[],""source_id"":""G1-康軒-109上-期中1-P04_R02_寶山國小_彰化縣_1年級_數學_109上_期中1_康軒""}","""first_pass"""
"""G1-康軒-109上-期中1-P04_R02_寶山國小_彰化縣_1年級_數學_109上_期中1_康軒-q011""","""G1-康軒-109上-期中1-P04_R02_寶山國小_彰化縣_1年級_數學_109上_期中1_康軒""","""question_group_candidate""","""not_verified_from_available_extraction""","""source_materials/tcool_math_g1_g4_康軒_翰林/grade-1/康軒/questions/P04_R02_寶山國小_彰化縣_1年級_數學_109上_期中1_康軒_題目卷.pdf""","""source_materials/tcool_math_g1_g4_康軒_翰林/grade-1/康軒/answers/P04_R02_寶山國小_彰化縣_1年級_數學_109上_期中1_康軒_答案卷.pdf""",2,"""source_materials/tcool_math_g1_g4_康軒_翰林/_analysis/pilot/pages/G1-_-109_-_1-P04_R02_____1____109___1__/page-2.jpg""","""未辨識題組#2""","""是第( 26 )個，牠的前面 有( 3 )個。""",[],null,"""needs_review""",null,"""text_layer""",false,"""text_only""","""康軒""","""G1""","""109""","""上""","""期中1""","""文字計算／概念判斷""","""需人工複核""","""運算方向、單位或題意關係判讀錯誤""",null,[],[],[],[],"""uncertain""","""low""","""未能從 OCR／文字安全推得出版社章節，不強制歸類。 QA 重新稽核：未找到與題幹精確一致的現有 SkillID；章節或官方碼候選不視為 direct，SkillID 已清空。""","""not_evaluable""","""uncertain_review""","{""answerKeySource"":""source_materials/tcool_math_g1_g4_康軒_翰林/grade-1/康軒/answers/P04_R02_寶山國小_彰化縣_1年級_數學_109上_期中1_康軒_答案卷.pdf"",""answerNote"":null,""needsImage"":false,""ocrQuality"":""text_layer"",""questionImage"":""source_materials/tcool_math_g1_g4_康軒_翰林/_analysis/pilot/pages/G1-_-109_-_1-P04_R02_____1____109___1__/page-2.jpg"",""sourcePage"":2}","{""includeDecision"":""uncertain_review"",""notes"":""未能從 OCR／文字安全推得出版社章節，不強制歸類。 QA 重新稽核：未找到與題幹精確一致的現有 SkillID；章節或官方碼候選不視為 direct，SkillID 已清空。"",""publisherChapter"":null,""scopeOutlier"":""not_evaluable""}","{""answer"":null,""answer_key_source"":""source_materials/tcool_math_g1_g4_康軒_翰林/grade-1/康軒/answers/P04_R02_寶山國小_彰化縣_1年級_數學_109上_期中1_康軒_答案卷.pdf"",""answer_status"":""needs_review"",""id"":""G1-康軒-109上-期中1-P04_R02_寶山國小_彰化縣_1年級_數學_109上_期中1_康軒-q011"",""needs_image"":false,""ocr_quality"":""text_layer"",""original_number"":""未辨識題組#2"",""question_image"":""source_materials/tcool_math_g1_g4_康軒_翰林/_analysis/pilot/pages/G1-_-109_-_1-P04_R02_____1____109___1__/page-2.jpg"",""raw_text"":""是第( 26 )個，牠的前面 有( 3 )個。"",""source_id"":""G1-康軒-109上-期中1-P04_R02_寶山國小_彰化縣_1年級_數學_109上_期中1_康軒"",""source_page"":2}","{""alignmentStatus"":""uncertain"",""candidateSkillIds"":[],""common_trap"":""運算方向、單位或題意關係判讀錯誤"",""confidence"":""low"",""core_concept"":""需人工複核"",""include_decision"":""uncertain_review"",""notes"":""未能從 OCR／文字安全推得出版社章節，不強制歸類。 QA 重新稽核：未找到與題幹精確一致的現有 SkillID；章節或官方碼候選不視為 direct，SkillID 已清空。"",""officialContentCodes"":[],""officialPerformanceCodes"":[],""publisherChapter"":null,""question_id"":""G1-康軒-109上-期中1-P04_R02_寶山國小_彰化縣_1年級_數學_109上_期中1_康軒-q011"",""question_type"":""文字計算／概念判斷"",""scope_outlier"":""not_evaluable"",""skillIds"":[],""source_id"":""G1-康軒-109上-期中1-P04_R02_寶山國小_彰化縣_1年級_數學_109上_期中1_康軒""}","""first_pass"""
"""G1-康軒-109上-期中1-P04_R02_寶山國小_彰化縣_1年級_數學_109上_期中1_康軒-q012""","""G1-康軒-109上-期中1-P04_R02_寶山國小_彰化縣_1年級_數學_109上_期中1_康軒""","""question_group_candidate""","""not_verified_from_available_extraction""","""source_materials/tcool_math_g1_g4_康軒_翰林/grade-1/康軒/questions/P04_R02_寶山國小_彰化縣_1年級_數學_109上_期中1_康軒_題目卷.pdf""","""source_materials/tcool_math_g1_g4_康軒_翰林/grade-1/康軒/answers/P04_R02_寶山國小_彰化縣_1年級_數學_109上_期中1_康軒_答案卷.pdf""",2,"""source_materials/tcool_math_g1_g4_康軒_翰林/_analysis/pilot/pages/G1-_-109_-_1-P04_R02_____1____109___1__/page-2.jpg""","""未辨識題組#3""","""是第( 22 )個，牠的前面 一個是第( 21 )個，後面一個""",[],null,"""needs_review""",null,"""text_layer""",false,"""text_only""","""康軒""","""G1""","""109""","""上""","""期中1""","""文字計算／概念判斷""","""需人工複核""","""運算方向、單位或題意關係判讀錯誤""",null,[],[],[],[],"""uncertain""","""low""","""未能從 OCR／文字安全推得出版社章節，不強制歸類。 QA 重新稽核：未找到與題幹精確一致的現有 SkillID；章節或官方碼候選不視為 direct，SkillID 已清空。""","""not_evaluable""","""uncertain_review""","{""answerKeySource"":""source_materials/tcool_math_g1_g4_康軒_翰林/grade-1/康軒/answers/P04_R02_寶山國小_彰化縣_1年級_數學_109上_期中1_康軒_答案卷.pdf"",""answerNote"":null,""needsImage"":false,""ocrQuality"":""text_layer"",""questionImage"":""source_materials/tcool_math_g1_g4_康軒_翰林/_analysis/pilot/pages/G1-_-109_-_1-P04_R02_____1____109___1__/page-2.jpg"",""sourcePage"":2}","{""includeDecision"":""uncertain_review"",""notes"":""未能從 OCR／文字安全推得出版社章節，不強制歸類。 QA 重新稽核：未找到與題幹精確一致的現有 SkillID；章節或官方碼候選不視為 direct，SkillID 已清空。"",""publisherChapter"":null,""scopeOutlier"":""not_evaluable""}","{""answer"":null,""answer_key_source"":""source_materials/tcool_math_g1_g4_康軒_翰林/grade-1/康軒/answers/P04_R02_寶山國小_彰化縣_1年級_數學_109上_期中1_康軒_答案卷.pdf"",""answer_status"":""needs_review"",""id"":""G1-康軒-109上-期中1-P04_R02_寶山國小_彰化縣_1年級_數學_109上_期中1_康軒-q012"",""needs_image"":false,""ocr_quality"":""text_layer"",""original_number"":""未辨識題組#3"",""question_image"":""source_materials/tcool_math_g1_g4_康軒_翰林/_analysis/pilot/pages/G1-_-109_-_1-P04_R02_____1____109___1__/page-2.jpg"",""raw_text"":""是第( 22 )個，牠的前面 一個是第( 21 )個，後面一個"",""source_id"":""G1-康軒-109上-期中1-P04_R02_寶山國小_彰化縣_1年級_數學_109上_期中1_康軒"",""source_page"":2}","{""alignmentStatus"":""uncertain"",""candidateSkillIds"":[],""common_trap"":""運算方向、單位或題意關係判讀錯誤"",""confidence"":""low"",""core_concept"":""需人工複核"",""include_decision"":""uncertain_review"",""notes"":""未能從 OCR／文字安全推得出版社章節，不強制歸類。 QA 重新稽核：未找到與題幹精確一致的現有 SkillID；章節或官方碼候選不視為 direct，SkillID 已清空。"",""officialContentCodes"":[],""officialPerformanceCodes"":[],""publisherChapter"":null,""question_id"":""G1-康軒-109上-期中1-P04_R02_寶山國小_彰化縣_1年級_數學_109上_期中1_康軒-q012"",""question_type"":""文字計算／概念判斷"",""scope_outlier"":""not_evaluable"",""skillIds"":[],""source_id"":""G1-康軒-109上-期中1-P04_R02_寶山國小_彰化縣_1年級_數學_109上_期中1_康軒""}","""first_pass"""
"""G1-康軒-109上-期中1-P04_R02_寶山國小_彰化縣_1年級_數學_109上_期中1_康軒-q013""","""G1-康軒-109上-期中1-P04_R02_寶山國小_彰化縣_1年級_數學_109上_期中1_康軒""","""question_group_candidate""","""not_verified_from_available_extraction""","""source_materials/tcool_math_g1_g4_康軒_翰林/grade-1/康軒/questions/P04_R02_寶山國小_彰化縣_1年級_數學_109上_期中1_康軒_題目卷.pdf""","""source_materials/tcool_math_g1_g4_康軒_翰林/grade-1/康軒/answers/P04_R02_寶山國小_彰化縣_1年級_數學_109上_期中1_康軒_答案卷.pdf""",2,"""source_materials/tcool_math_g1_g4_康軒_翰林/_analysis/pilot/pages/G1-_-109_-_1-P04_R02_____1____109___1__/page-2.jpg""","""五、題組題(一題 2 分共 8 分)#1""","""觀察下列物品，再圈圈看。""",[],null,"""needs_review""",null,"""text_layer""",false,"""text_only""","""康軒""","""G1""","""109""","""上""","""期中1""","""文字計算／概念判斷""","""需人工複核""","""運算方向、單位或題意關係判讀錯誤""",null,[],[],[],[],"""uncertain""","""low""","""未能從 OCR／文字安全推得出版社章節，不強制歸類。 QA 重新稽核：未找到與題幹精確一致的現有 SkillID；章節或官方碼候選不視為 direct，SkillID 已清空。""","""not_evaluable""","""uncertain_review""","{""answerKeySource"":""source_materials/tcool_math_g1_g4_康軒_翰林/grade-1/康軒/answers/P04_R02_寶山國小_彰化縣_1年級_數學_109上_期中1_康軒_答案卷.pdf"",""answerNote"":null,""needsImage"":false,""ocrQuality"":""text_layer"",""questionImage"":""source_materials/tcool_math_g1_g4_康軒_翰林/_analysis/pilot/pages/G1-_-109_-_1-P04_R02_____1____109___1__/page-2.jpg"",""sourcePage"":2}","{""includeDecision"":""uncertain_review"",""notes"":""未能從 OCR／文字安全推得出版社章節，不強制歸類。 QA 重新稽核：未找到與題幹精確一致的現有 SkillID；章節或官方碼候選不視為 direct，SkillID 已清空。"",""publisherChapter"":null,""scopeOutlier"":""not_evaluable""}","{""answer"":null,""answer_key_source"":""source_materials/tcool_math_g1_g4_康軒_翰林/grade-1/康軒/answers/P04_R02_寶山國小_彰化縣_1年級_數學_109上_期中1_康軒_答案卷.pdf"",""answer_status"":""needs_review"",""id"":""G1-康軒-109上-期中1-P04_R02_寶山國小_彰化縣_1年級_數學_109上_期中1_康軒-q013"",""needs_image"":false,""ocr_quality"":""text_layer"",""original_number"":""五、題組題(一題 2 分共 8 分)#1"",""question_image"":""source_materials/tcool_math_g1_g4_康軒_翰林/_analysis/pilot/pages/G1-_-109_-_1-P04_R02_____1____109___1__/page-2.jpg"",""raw_text"":""觀察下列物品，再圈圈看。"",""source_id"":""G1-康軒-109上-期中1-P04_R02_寶山國小_彰化縣_1年級_數學_109上_期中1_康軒"",""source_page"":2}","{""alignmentStatus"":""uncertain"",""candidateSkillIds"":[],""common_trap"":""運算方向、單位或題意關係判讀錯誤"",""confidence"":""low"",""core_concept"":""需人工複核"",""include_decision"":""uncertain_review"",""notes"":""未能從 OCR／文字安全推得出版社章節，不強制歸類。 QA 重新稽核：未找到與題幹精確一致的現有 SkillID；章節或官方碼候選不視為 direct，SkillID 已清空。"",""officialContentCodes"":[],""officialPerformanceCodes"":[],""publisherChapter"":null,""question_id"":""G1-康軒-109上-期中1-P04_R02_寶山國小_彰化縣_1年級_數學_109上_期中1_康軒-q013"",""question_type"":""文字計算／概念判斷"",""scope_outlier"":""not_evaluable"",""skillIds"":[],""source_id"":""G1-康軒-109上-期中1-P04_R02_寶山國小_彰化縣_1年級_數學_109上_期中1_康軒""}","""first_pass"""
"""G1-康軒-109上-期中1-P04_R02_寶山國小_彰化縣_1年級_數學_109上_期中1_康軒-q014""","""G1-康軒-109上-期中1-P04_R02_寶山國小_彰化縣_1年級_數學_109上_期中1_康軒""","""question_group_candidate""","""not_verified_from_available_extraction""","""source_materials/tcool_math_g1_g4_康軒_翰林/grade-1/康軒/questions/P04_R02_寶山國小_彰化縣_1年級_數學_109上_期中1_康軒_題目卷.pdf""","""source_materials/tcool_math_g1_g4_康軒_翰林/grade-1/康軒/answers/P04_R02_寶山國小_彰化縣_1年級_數學_109上_期中1_康軒_答案卷.pdf""",2,"""source_materials/tcool_math_g1_g4_康軒_翰林/_analysis/pilot/pages/G1-_-109_-_1-P04_R02_____1____109___1__/page-2.jpg""","""五、題組題(一題 2 分共 8 分)#1""","""哪些物品只有平平的面？""",[],null,"""needs_review""",null,"""text_layer""",false,"""text_only""","""康軒""","""G1""","""109""","""上""","""期中1""","""文字計算／概念判斷""","""需人工複核""","""運算方向、單位或題意關係判讀錯誤""",null,[],[],[],[],"""uncertain""","""low""","""未能從 OCR／文字安全推得出版社章節，不強制歸類。 QA 重新稽核：未找到與題幹精確一致的現有 SkillID；章節或官方碼候選不視為 direct，SkillID 已清空。""","""not_evaluable""","""uncertain_review""","{""answerKeySource"":""source_materials/tcool_math_g1_g4_康軒_翰林/grade-1/康軒/answers/P04_R02_寶山國小_彰化縣_1年級_數學_109上_期中1_康軒_答案卷.pdf"",""answerNote"":null,""needsImage"":false,""ocrQuality"":""text_layer"",""questionImage"":""source_materials/tcool_math_g1_g4_康軒_翰林/_analysis/pilot/pages/G1-_-109_-_1-P04_R02_____1____109___1__/page-2.jpg"",""sourcePage"":2}","{""includeDecision"":""uncertain_review"",""notes"":""未能從 OCR／文字安全推得出版社章節，不強制歸類。 QA 重新稽核：未找到與題幹精確一致的現有 SkillID；章節或官方碼候選不視為 direct，SkillID 已清空。"",""publisherChapter"":null,""scopeOutlier"":""not_evaluable""}","{""answer"":null,""answer_key_source"":""source_materials/tcool_math_g1_g4_康軒_翰林/grade-1/康軒/answers/P04_R02_寶山國小_彰化縣_1年級_數學_109上_期中1_康軒_答案卷.pdf"",""answer_status"":""needs_review"",""id"":""G1-康軒-109上-期中1-P04_R02_寶山國小_彰化縣_1年級_數學_109上_期中1_康軒-q014"",""needs_image"":false,""ocr_quality"":""text_layer"",""original_number"":""五、題組題(一題 2 分共 8 分)#1"",""question_image"":""source_materials/tcool_math_g1_g4_康軒_翰林/_analysis/pilot/pages/G1-_-109_-_1-P04_R02_____1____109___1__/page-2.jpg"",""raw_text"":""哪些物品只有平平的面？"",""source_id"":""G1-康軒-109上-期中1-P04_R02_寶山國小_彰化縣_1年級_數學_109上_期中1_康軒"",""source_page"":2}","{""alignmentStatus"":""uncertain"",""candidateSkillIds"":[],""common_trap"":""運算方向、單位或題意關係判讀錯誤"",""confidence"":""low"",""core_concept"":""需人工複核"",""include_decision"":""uncertain_review"",""notes"":""未能從 OCR／文字安全推得出版社章節，不強制歸類。 QA 重新稽核：未找到與題幹精確一致的現有 SkillID；章節或官方碼候選不視為 direct，SkillID 已清空。"",""officialContentCodes"":[],""officialPerformanceCodes"":[],""publisherChapter"":null,""question_id"":""G1-康軒-109上-期中1-P04_R02_寶山國小_彰化縣_1年級_數學_109上_期中1_康軒-q014"",""question_type"":""文字計算／概念判斷"",""scope_outlier"":""not_evaluable"",""skillIds"":[],""source_id"":""G1-康軒-109上-期中1-P04_R02_寶山國小_彰化縣_1年級_數學_109上_期中1_康軒""}","""first_pass"""
"""G1-康軒-109上-期中1-P04_R02_寶山國小_彰化縣_1年級_數學_109上_期中1_康軒-q015""","""G1-康軒-109上-期中1-P04_R02_寶山國小_彰化縣_1年級_數學_109上_期中1_康軒""","""question_group_candidate""","""not_verified_from_available_extraction""","""source_materials/tcool_math_g1_g4_康軒_翰林/grade-1/康軒/questions/P04_R02_寶山國小_彰化縣_1年級_數學_109上_期中1_康軒_題目卷.pdf""","""source_materials/tcool_math_g1_g4_康軒_翰林/grade-1/康軒/answers/P04_R02_寶山國小_彰化縣_1年級_數學_109上_期中1_康軒_答案卷.pdf""",2,"""source_materials/tcool_math_g1_g4_康軒_翰林/_analysis/pilot/pages/G1-_-109_-_1-P04_R02_____1____109___1__/page-2.jpg""","""五、題組題(一題 2 分共 8 分)#2""","""哪些物品只有彎彎的面？""",[],null,"""needs_review""",null,"""text_layer""",false,"""text_only""","""康軒""","""G1""","""109""","""上""","""期中1""","""文字計算／概念判斷""","""需人工複核""","""運算方向、單位或題意關係判讀錯誤""",null,[],[],[],[],"""uncertain""","""low""","""未能從 OCR／文字安全推得出版社章節，不強制歸類。 QA 重新稽核：未找到與題幹精確一致的現有 SkillID；章節或官方碼候選不視為 direct，SkillID 已清空。""","""not_evaluable""","""uncertain_review""","{""answerKeySource"":""source_materials/tcool_math_g1_g4_康軒_翰林/grade-1/康軒/answers/P04_R02_寶山國小_彰化縣_1年級_數學_109上_期中1_康軒_答案卷.pdf"",""answerNote"":null,""needsImage"":false,""ocrQuality"":""text_layer"",""questionImage"":""source_materials/tcool_math_g1_g4_康軒_翰林/_analysis/pilot/pages/G1-_-109_-_1-P04_R02_____1____109___1__/page-2.jpg"",""sourcePage"":2}","{""includeDecision"":""uncertain_review"",""notes"":""未能從 OCR／文字安全推得出版社章節，不強制歸類。 QA 重新稽核：未找到與題幹精確一致的現有 SkillID；章節或官方碼候選不視為 direct，SkillID 已清空。"",""publisherChapter"":null,""scopeOutlier"":""not_evaluable""}","{""answer"":null,""answer_key_source"":""source_materials/tcool_math_g1_g4_康軒_翰林/grade-1/康軒/answers/P04_R02_寶山國小_彰化縣_1年級_數學_109上_期中1_康軒_答案卷.pdf"",""answer_status"":""needs_review"",""id"":""G1-康軒-109上-期中1-P04_R02_寶山國小_彰化縣_1年級_數學_109上_期中1_康軒-q015"",""needs_image"":false,""ocr_quality"":""text_layer"",""original_number"":""五、題組題(一題 2 分共 8 分)#2"",""question_image"":""source_materials/tcool_math_g1_g4_康軒_翰林/_analysis/pilot/pages/G1-_-109_-_1-P04_R02_____1____109___1__/page-2.jpg"",""raw_text"":""哪些物品只有彎彎的面？"",""source_id"":""G1-康軒-109上-期中1-P04_R02_寶山國小_彰化縣_1年級_數學_109上_期中1_康軒"",""source_page"":2}","{""alignmentStatus"":""uncertain"",""candidateSkillIds"":[],""common_trap"":""運算方向、單位或題意關係判讀錯誤"",""confidence"":""low"",""core_concept"":""需人工複核"",""include_decision"":""uncertain_review"",""notes"":""未能從 OCR／文字安全推得出版社章節，不強制歸類。 QA 重新稽核：未找到與題幹精確一致的現有 SkillID；章節或官方碼候選不視為 direct，SkillID 已清空。"",""officialContentCodes"":[],""officialPerformanceCodes"":[],""publisherChapter"":null,""question_id"":""G1-康軒-109上-期中1-P04_R02_寶山國小_彰化縣_1年級_數學_109上_期中1_康軒-q015"",""question_type"":""文字計算／概念判斷"",""scope_outlier"":""not_evaluable"",""skillIds"":[],""source_id"":""G1-康軒-109上-期中1-P04_R02_寶山國小_彰化縣_1年級_數學_109上_期中1_康軒""}","""first_pass"""
"""G1-康軒-109上-期中1-P04_R02_寶山國小_彰化縣_1年級_數學_109上_期中1_康軒-q016""","""G1-康軒-109上-期中1-P04_R02_寶山國小_彰化縣_1年級_數學_109上_期中1_康軒""","""question_group_candidate""","""not_verified_from_available_extraction""","""source_materials/tcool_math_g1_g4_康軒_翰林/grade-1/康軒/questions/P04_R02_寶山國小_彰化縣_1年級_數學_109上_期中1_康軒_題目卷.pdf""","""source_materials/tcool_math_g1_g4_康軒_翰林/grade-1/康軒/answers/P04_R02_寶山國小_彰化縣_1年級_數學_109上_期中1_康軒_答案卷.pdf""",2,"""source_materials/tcool_math_g1_g4_康軒_翰林/_analysis/pilot/pages/G1-_-109_-_1-P04_R02_____1____109___1__/page-2.jpg""","""五、題組題(一題 2 分共 8 分)#2""","""觀察下列物品，再圈圈看。""",[],null,"""needs_review""",null,"""text_layer""",false,"""text_only""","""康軒""","""G1""","""109""","""上""","""期中1""","""文字計算／概念判斷""","""需人工複核""","""運算方向、單位或題意關係判讀錯誤""",null,[],[],[],[],"""uncertain""","""low""","""未能從 OCR／文字安全推得出版社章節，不強制歸類。 QA 重新稽核：未找到與題幹精確一致的現有 SkillID；章節或官方碼候選不視為 direct，SkillID 已清空。""","""not_evaluable""","""uncertain_review""","{""answerKeySource"":""source_materials/tcool_math_g1_g4_康軒_翰林/grade-1/康軒/answers/P04_R02_寶山國小_彰化縣_1年級_數學_109上_期中1_康軒_答案卷.pdf"",""answerNote"":null,""needsImage"":false,""ocrQuality"":""text_layer"",""questionImage"":""source_materials/tcool_math_g1_g4_康軒_翰林/_analysis/pilot/pages/G1-_-109_-_1-P04_R02_____1____109___1__/page-2.jpg"",""sourcePage"":2}","{""includeDecision"":""uncertain_review"",""notes"":""未能從 OCR／文字安全推得出版社章節，不強制歸類。 QA 重新稽核：未找到與題幹精確一致的現有 SkillID；章節或官方碼候選不視為 direct，SkillID 已清空。"",""publisherChapter"":null,""scopeOutlier"":""not_evaluable""}","{""answer"":null,""answer_key_source"":""source_materials/tcool_math_g1_g4_康軒_翰林/grade-1/康軒/answers/P04_R02_寶山國小_彰化縣_1年級_數學_109上_期中1_康軒_答案卷.pdf"",""answer_status"":""needs_review"",""id"":""G1-康軒-109上-期中1-P04_R02_寶山國小_彰化縣_1年級_數學_109上_期中1_康軒-q016"",""needs_image"":false,""ocr_quality"":""text_layer"",""original_number"":""五、題組題(一題 2 分共 8 分)#2"",""question_image"":""source_materials/tcool_math_g1_g4_康軒_翰林/_analysis/pilot/pages/G1-_-109_-_1-P04_R02_____1____109___1__/page-2.jpg"",""raw_text"":""觀察下列物品，再圈圈看。"",""source_id"":""G1-康軒-109上-期中1-P04_R02_寶山國小_彰化縣_1年級_數學_109上_期中1_康軒"",""source_page"":2}","{""alignmentStatus"":""uncertain"",""candidateSkillIds"":[],""common_trap"":""運算方向、單位或題意關係判讀錯誤"",""confidence"":""low"",""core_concept"":""需人工複核"",""include_decision"":""uncertain_review"",""notes"":""未能從 OCR／文字安全推得出版社章節，不強制歸類。 QA 重新稽核：未找到與題幹精確一致的現有 SkillID；章節或官方碼候選不視為 direct，SkillID 已清空。"",""officialContentCodes"":[],""officialPerformanceCodes"":[],""publisherChapter"":null,""question_id"":""G1-康軒-109上-期中1-P04_R02_寶山國小_彰化縣_1年級_數學_109上_期中1_康軒-q016"",""question_type"":""文字計算／概念判斷"",""scope_outlier"":""not_evaluable"",""skillIds"":[],""source_id"":""G1-康軒-109上-期中1-P04_R02_寶山國小_彰化縣_1年級_數學_109上_期中1_康軒""}","""first_pass"""
"""G1-康軒-109上-期中1-P04_R02_寶山國小_彰化縣_1年級_數學_109上_期中1_康軒-q017""","""G1-康軒-109上-期中1-P04_R02_寶山國小_彰化縣_1年級_數學_109上_期中1_康軒""","""question_group_candidate""","""not_verified_from_available_extraction""","""source_materials/tcool_math_g1_g4_康軒_翰林/grade-1/康軒/questions/P04_R02_寶山國小_彰化縣_1年級_數學_109上_期中1_康軒_題目卷.pdf""","""source_materials/tcool_math_g1_g4_康軒_翰林/grade-1/康軒/answers/P04_R02_寶山國小_彰化縣_1年級_數學_109上_期中1_康軒_答案卷.pdf""",2,"""source_materials/tcool_math_g1_g4_康軒_翰林/_analysis/pilot/pages/G1-_-109_-_1-P04_R02_____1____109___1__/page-2.jpg""","""五、題組題(一題 2 分共 8 分)#1""","""有( )個正方形。 (1)哪個物品容易堆疊，而且容易 滾動？""",[],null,"""needs_review""",null,"""text_layer""",false,"""text_only""","""康軒""","""G1""","""109""","""上""","""期中1""","""圖形性質或測量""","""平面圖形、周界／周長或面積比較""","""運算方向、單位或題意關係判讀錯誤""",null,[],[],[],[],"""uncertain""","""low""","""未能從 OCR／文字安全推得出版社章節，不強制歸類。 QA 重新稽核：未找到與題幹精確一致的現有 SkillID；章節或官方碼候選不視為 direct，SkillID 已清空。""","""not_evaluable""","""uncertain_review""","{""answerKeySource"":""source_materials/tcool_math_g1_g4_康軒_翰林/grade-1/康軒/answers/P04_R02_寶山國小_彰化縣_1年級_數學_109上_期中1_康軒_答案卷.pdf"",""answerNote"":null,""needsImage"":false,""ocrQuality"":""text_layer"",""questionImage"":""source_materials/tcool_math_g1_g4_康軒_翰林/_analysis/pilot/pages/G1-_-109_-_1-P04_R02_____1____109___1__/page-2.jpg"",""sourcePage"":2}","{""includeDecision"":""uncertain_review"",""notes"":""未能從 OCR／文字安全推得出版社章節，不強制歸類。 QA 重新稽核：未找到與題幹精確一致的現有 SkillID；章節或官方碼候選不視為 direct，SkillID 已清空。"",""publisherChapter"":null,""scopeOutlier"":""not_evaluable""}","{""answer"":null,""answer_key_source"":""source_materials/tcool_math_g1_g4_康軒_翰林/grade-1/康軒/answers/P04_R02_寶山國小_彰化縣_1年級_數學_109上_期中1_康軒_答案卷.pdf"",""answer_status"":""needs_review"",""id"":""G1-康軒-109上-期中1-P04_R02_寶山國小_彰化縣_1年級_數學_109上_期中1_康軒-q017"",""needs_image"":false,""ocr_quality"":""text_layer"",""original_number"":""五、題組題(一題 2 分共 8 分)#1"",""question_image"":""source_materials/tcool_math_g1_g4_康軒_翰林/_analysis/pilot/pages/G1-_-109_-_1-P04_R02_____1____109___1__/page-2.jpg"",""raw_text"":""有( )個正方形。 (1)哪個物品容易堆疊，而且容易 滾動？"",""source_id"":""G1-康軒-109上-期中1-P04_R02_寶山國小_彰化縣_1年級_數學_109上_期中1_康軒"",""source_page"":2}","{""alignmentStatus"":""uncertain"",""candidateSkillIds"":[],""common_trap"":""運算方向、單位或題意關係判讀錯誤"",""confidence"":""low"",""core_concept"":""平面圖形、周界／周長或面積比較"",""include_decision"":""uncertain_review"",""notes"":""未能從 OCR／文字安全推得出版社章節，不強制歸類。 QA 重新稽核：未找到與題幹精確一致的現有 SkillID；章節或官方碼候選不視為 direct，SkillID 已清空。"",""officialContentCodes"":[],""officialPerformanceCodes"":[],""publisherChapter"":null,""question_id"":""G1-康軒-109上-期中1-P04_R02_寶山國小_彰化縣_1年級_數學_109上_期中1_康軒-q017"",""question_type"":""圖形性質或測量"",""scope_outlier"":""not_evaluable"",""skillIds"":[],""source_id"":""G1-康軒-109上-期中1-P04_R02_寶山國小_彰化縣_1年級_數學_109上_期中1_康軒""}","""first_pass"""
"""G1-康軒-109上-期中1-P04_R02_寶山國小_彰化縣_1年級_數學_109上_期中1_康軒-q018""","""G1-康軒-109上-期中1-P04_R02_寶山國小_彰化縣_1年級_數學_109上_期中1_康軒""","""question_group_candidate""","""not_verified_from_available_extraction""","""source_materials/tcool_math_g1_g4_康軒_翰林/grade-1/康軒/questions/P04_R02_寶山國小_彰化縣_1年級_數學_109上_期中1_康軒_題目卷.pdf""","""source_materials/tcool_math_g1_g4_康軒_翰林/grade-1/康軒/answers/P04_R02_寶山國小_彰化縣_1年級_數學_109上_期中1_康軒_答案卷.pdf""",2,"""source_materials/tcool_math_g1_g4_康軒_翰林/_analysis/pilot/pages/G1-_-109_-_1-P04_R02_____1____109___1__/page-2.jpg""","""五、題組題(一題 2 分共 8 分)#2""","""有( )個長方形。""",[],null,"""needs_review""",null,"""text_layer""",false,"""text_only""","""康軒""","""G1""","""109""","""上""","""期中1""","""圖形性質或測量""","""平面圖形、周界／周長或面積比較""","""運算方向、單位或題意關係判讀錯誤""",null,[],[],[],[],"""uncertain""","""low""","""未能從 OCR／文字安全推得出版社章節，不強制歸類。 QA 重新稽核：未找到與題幹精確一致的現有 SkillID；章節或官方碼候選不視為 direct，SkillID 已清空。""","""not_evaluable""","""uncertain_review""","{""answerKeySource"":""source_materials/tcool_math_g1_g4_康軒_翰林/grade-1/康軒/answers/P04_R02_寶山國小_彰化縣_1年級_數學_109上_期中1_康軒_答案卷.pdf"",""answerNote"":null,""needsImage"":false,""ocrQuality"":""text_layer"",""questionImage"":""source_materials/tcool_math_g1_g4_康軒_翰林/_analysis/pilot/pages/G1-_-109_-_1-P04_R02_____1____109___1__/page-2.jpg"",""sourcePage"":2}","{""includeDecision"":""uncertain_review"",""notes"":""未能從 OCR／文字安全推得出版社章節，不強制歸類。 QA 重新稽核：未找到與題幹精確一致的現有 SkillID；章節或官方碼候選不視為 direct，SkillID 已清空。"",""publisherChapter"":null,""scopeOutlier"":""not_evaluable""}","{""answer"":null,""answer_key_source"":""source_materials/tcool_math_g1_g4_康軒_翰林/grade-1/康軒/answers/P04_R02_寶山國小_彰化縣_1年級_數學_109上_期中1_康軒_答案卷.pdf"",""answer_status"":""needs_review"",""id"":""G1-康軒-109上-期中1-P04_R02_寶山國小_彰化縣_1年級_數學_109上_期中1_康軒-q018"",""needs_image"":false,""ocr_quality"":""text_layer"",""original_number"":""五、題組題(一題 2 分共 8 分)#2"",""question_image"":""source_materials/tcool_math_g1_g4_康軒_翰林/_analysis/pilot/pages/G1-_-109_-_1-P04_R02_____1____109___1__/page-2.jpg"",""raw_text"":""有( )個長方形。"",""source_id"":""G1-康軒-109上-期中1-P04_R02_寶山國小_彰化縣_1年級_數學_109上_期中1_康軒"",""source_page"":2}","{""alignmentStatus"":""uncertain"",""candidateSkillIds"":[],""common_trap"":""運算方向、單位或題意關係判讀錯誤"",""confidence"":""low"",""core_concept"":""平面圖形、周界／周長或面積比較"",""include_decision"":""uncertain_review"",""notes"":""未能從 OCR／文字安全推得出版社章節，不強制歸類。 QA 重新稽核：未找到與題幹精確一致的現有 SkillID；章節或官方碼候選不視為 direct，SkillID 已清空。"",""officialContentCodes"":[],""officialPerformanceCodes"":[],""publisherChapter"":null,""question_id"":""G1-康軒-109上-期中1-P04_R02_寶山國小_彰化縣_1年級_數學_109上_期中1_康軒-q018"",""question_type"":""圖形性質或測量"",""scope_outlier"":""not_evaluable"",""skillIds"":[],""source_id"":""G1-康軒-109上-期中1-P04_R02_寶山國小_彰化縣_1年級_數學_109上_期中1_康軒""}","""first_pass"""
"""G1-康軒-109上-期中1-P04_R02_寶山國小_彰化縣_1年級_數學_109上_期中1_康軒-q019""","""G1-康軒-109上-期中1-P04_R02_寶山國小_彰化縣_1年級_數學_109上_期中1_康軒""","""question_group_candidate""","""not_verified_from_available_extraction""","""source_materials/tcool_math_g1_g4_康軒_翰林/grade-1/康軒/questions/P04_R02_寶山國小_彰化縣_1年級_數學_109上_期中1_康軒_題目卷.pdf""","""source_materials/tcool_math_g1_g4_康軒_翰林/grade-1/康軒/answers/P04_R02_寶山國小_彰化縣_1年級_數學_109上_期中1_康軒_答案卷.pdf""",2,"""source_materials/tcool_math_g1_g4_康軒_翰林/_analysis/pilot/pages/G1-_-109_-_1-P04_R02_____1____109___1__/page-2.jpg""","""五、題組題(一題 2 分共 8 分)#3""","""有( )個三角形。 布丁""",[],null,"""needs_review""",null,"""text_layer""",false,"""text_only""","""康軒""","""G1""","""109""","""上""","""期中1""","""圖形性質或測量""","""平面圖形、周界／周長或面積比較""","""運算方向、單位或題意關係判讀錯誤""",null,[],[],[],[],"""uncertain""","""low""","""未能從 OCR／文字安全推得出版社章節，不強制歸類。 QA 重新稽核：未找到與題幹精確一致的現有 SkillID；章節或官方碼候選不視為 direct，SkillID 已清空。""","""not_evaluable""","""uncertain_review""","{""answerKeySource"":""source_materials/tcool_math_g1_g4_康軒_翰林/grade-1/康軒/answers/P04_R02_寶山國小_彰化縣_1年級_數學_109上_期中1_康軒_答案卷.pdf"",""answerNote"":null,""needsImage"":false,""ocrQuality"":""text_layer"",""questionImage"":""source_materials/tcool_math_g1_g4_康軒_翰林/_analysis/pilot/pages/G1-_-109_-_1-P04_R02_____1____109___1__/page-2.jpg"",""sourcePage"":2}","{""includeDecision"":""uncertain_review"",""notes"":""未能從 OCR／文字安全推得出版社章節，不強制歸類。 QA 重新稽核：未找到與題幹精確一致的現有 SkillID；章節或官方碼候選不視為 direct，SkillID 已清空。"",""publisherChapter"":null,""scopeOutlier"":""not_evaluable""}","{""answer"":null,""answer_key_source"":""source_materials/tcool_math_g1_g4_康軒_翰林/grade-1/康軒/answers/P04_R02_寶山國小_彰化縣_1年級_數學_109上_期中1_康軒_答案卷.pdf"",""answer_status"":""needs_review"",""id"":""G1-康軒-109上-期中1-P04_R02_寶山國小_彰化縣_1年級_數學_109上_期中1_康軒-q019"",""needs_image"":false,""ocr_quality"":""text_layer"",""original_number"":""五、題組題(一題 2 分共 8 分)#3"",""question_image"":""source_materials/tcool_math_g1_g4_康軒_翰林/_analysis/pilot/pages/G1-_-109_-_1-P04_R02_____1____109___1__/page-2.jpg"",""raw_text"":""有( )個三角形。 布丁"",""source_id"":""G1-康軒-109上-期中1-P04_R02_寶山國小_彰化縣_1年級_數學_109上_期中1_康軒"",""source_page"":2}","{""alignmentStatus"":""uncertain"",""candidateSkillIds"":[],""common_trap"":""運算方向、單位或題意關係判讀錯誤"",""confidence"":""low"",""core_concept"":""平面圖形、周界／周長或面積比較"",""include_decision"":""uncertain_review"",""notes"":""未能從 OCR／文字安全推得出版社章節，不強制歸類。 QA 重新稽核：未找到與題幹精確一致的現有 SkillID；章節或官方碼候選不視為 direct，SkillID 已清空。"",""officialContentCodes"":[],""officialPerformanceCodes"":[],""publisherChapter"":null,""question_id"":""G1-康軒-109上-期中1-P04_R02_寶山國小_彰化縣_1年級_數學_109上_期中1_康軒-q019"",""question_type"":""圖形性質或測量"",""scope_outlier"":""not_evaluable"",""skillIds"":[],""source_id"":""G1-康軒-109上-期中1-P04_R02_寶山國小_彰化縣_1年級_數學_109上_期中1_康軒""}","""first_pass"""
"""G1-康軒-109上-期中1-P04_R02_寶山國小_彰化縣_1年級_數學_109上_期中1_康軒-q020""","""G1-康軒-109上-期中1-P04_R02_寶山國小_彰化縣_1年級_數學_109上_期中1_康軒""","""question_group_candidate""","""not_verified_from_available_extraction""","""source_materials/tcool_math_g1_g4_康軒_翰林/grade-1/康軒/questions/P04_R02_寶山國小_彰化縣_1年級_數學_109上_期中1_康軒_題目卷.pdf""","""source_materials/tcool_math_g1_g4_康軒_翰林/grade-1/康軒/answers/P04_R02_寶山國小_彰化縣_1年級_數學_109上_期中1_康軒_答案卷.pdf""",2,"""source_materials/tcool_math_g1_g4_康軒_翰林/_analysis/pilot/pages/G1-_-109_-_1-P04_R02_____1____109___1__/page-2.jpg""","""五、題組題(一題 2 分共 8 分)#2""","""哪個物品不容易堆疊？""",[],null,"""needs_review""",null,"""text_layer""",false,"""text_only""","""康軒""","""G1""","""109""","""上""","""期中1""","""文字計算／概念判斷""","""需人工複核""","""運算方向、單位或題意關係判讀錯誤""",null,[],[],[],[],"""uncertain""","""low""","""未能從 OCR／文字安全推得出版社章節，不強制歸類。 QA 重新稽核：未找到與題幹精確一致的現有 SkillID；章節或官方碼候選不視為 direct，SkillID 已清空。""","""not_evaluable""","""uncertain_review""","{""answerKeySource"":""source_materials/tcool_math_g1_g4_康軒_翰林/grade-1/康軒/answers/P04_R02_寶山國小_彰化縣_1年級_數學_109上_期中1_康軒_答案卷.pdf"",""answerNote"":null,""needsImage"":false,""ocrQuality"":""text_layer"",""questionImage"":""source_materials/tcool_math_g1_g4_康軒_翰林/_analysis/pilot/pages/G1-_-109_-_1-P04_R02_____1____109___1__/page-2.jpg"",""sourcePage"":2}","{""includeDecision"":""uncertain_review"",""notes"":""未能從 OCR／文字安全推得出版社章節，不強制歸類。 QA 重新稽核：未找到與題幹精確一致的現有 SkillID；章節或官方碼候選不視為 direct，SkillID 已清空。"",""publisherChapter"":null,""scopeOutlier"":""not_evaluable""}","{""answer"":null,""answer_key_source"":""source_materials/tcool_math_g1_g4_康軒_翰林/grade-1/康軒/answers/P04_R02_寶山國小_彰化縣_1年級_數學_109上_期中1_康軒_答案卷.pdf"",""answer_status"":""needs_review"",""id"":""G1-康軒-109上-期中1-P04_R02_寶山國小_彰化縣_1年級_數學_109上_期中1_康軒-q020"",""needs_image"":false,""ocr_quality"":""text_layer"",""original_number"":""五、題組題(一題 2 分共 8 分)#2"",""question_image"":""source_materials/tcool_math_g1_g4_康軒_翰林/_analysis/pilot/pages/G1-_-109_-_1-P04_R02_____1____109___1__/page-2.jpg"",""raw_text"":""哪個物品不容易堆疊？"",""source_id"":""G1-康軒-109上-期中1-P04_R02_寶山國小_彰化縣_1年級_數學_109上_期中1_康軒"",""source_page"":2}","{""alignmentStatus"":""uncertain"",""candidateSkillIds"":[],""common_trap"":""運算方向、單位或題意關係判讀錯誤"",""confidence"":""low"",""core_concept"":""需人工複核"",""include_decision"":""uncertain_review"",""notes"":""未能從 OCR／文字安全推得出版社章節，不強制歸類。 QA 重新稽核：未找到與題幹精確一致的現有 SkillID；章節或官方碼候選不視為 direct，SkillID 已清空。"",""officialContentCodes"":[],""officialPerformanceCodes"":[],""publisherChapter"":null,""question_id"":""G1-康軒-109上-期中1-P04_R02_寶山國小_彰化縣_1年級_數學_109上_期中1_康軒-q020"",""question_type"":""文字計算／概念判斷"",""scope_outlier"":""not_evaluable"",""skillIds"":[],""source_id"":""G1-康軒-109上-期中1-P04_R02_寶山國小_彰化縣_1年級_數學_109上_期中1_康軒""}","""first_pass"""
"""G1-康軒-109上-期中1-P04_R02_寶山國小_彰化縣_1年級_數學_109上_期中1_康軒-q021""","""G1-康軒-109上-期中1-P04_R02_寶山國小_彰化縣_1年級_數學_109上_期中1_康軒""","""question_group_candidate""","""not_verified_from_available_extraction""","""source_materials/tcool_math_g1_g4_康軒_翰林/grade-1/康軒/questions/P04_R02_寶山國小_彰化縣_1年級_數學_109上_期中1_康軒_題目卷.pdf""","""source_materials/tcool_math_g1_g4_康軒_翰林/grade-1/康軒/answers/P04_R02_寶山國小_彰化縣_1年級_數學_109上_期中1_康軒_答案卷.pdf""",2,"""source_materials/tcool_math_g1_g4_康軒_翰林/_analysis/pilot/pages/G1-_-109_-_1-P04_R02_____1____109___1__/page-2.jpg""","""四、計算題(一題 3 分共 18 分)#1""","""4＋2＝( ) 布丁 2""",[],null,"""needs_review""",null,"""text_layer""",false,"""text_only""","""康軒""","""G1""","""109""","""上""","""期中1""","""文字計算／概念判斷""","""需人工複核""","""運算方向、單位或題意關係判讀錯誤""",null,[],[],[],[],"""uncertain""","""low""","""未能從 OCR／文字安全推得出版社章節，不強制歸類。 QA 重新稽核：未找到與題幹精確一致的現有 SkillID；章節或官方碼候選不視為 direct，SkillID 已清空。""","""not_evaluable""","""uncertain_review""","{""answerKeySource"":""source_materials/tcool_math_g1_g4_康軒_翰林/grade-1/康軒/answers/P04_R02_寶山國小_彰化縣_1年級_數學_109上_期中1_康軒_答案卷.pdf"",""answerNote"":null,""needsImage"":false,""ocrQuality"":""text_layer"",""questionImage"":""source_materials/tcool_math_g1_g4_康軒_翰林/_analysis/pilot/pages/G1-_-109_-_1-P04_R02_____1____109___1__/page-2.jpg"",""sourcePage"":2}","{""includeDecision"":""uncertain_review"",""notes"":""未能從 OCR／文字安全推得出版社章節，不強制歸類。 QA 重新稽核：未找到與題幹精確一致的現有 SkillID；章節或官方碼候選不視為 direct，SkillID 已清空。"",""publisherChapter"":null,""scopeOutlier"":""not_evaluable""}","{""answer"":null,""answer_key_source"":""source_materials/tcool_math_g1_g4_康軒_翰林/grade-1/康軒/answers/P04_R02_寶山國小_彰化縣_1年級_數學_109上_期中1_康軒_答案卷.pdf"",""answer_status"":""needs_review"",""id"":""G1-康軒-109上-期中1-P04_R02_寶山國小_彰化縣_1年級_數學_109上_期中1_康軒-q021"",""needs_image"":false,""ocr_quality"":""text_layer"",""original_number"":""四、計算題(一題 3 分共 18 分)#1"",""question_image"":""source_materials/tcool_math_g1_g4_康軒_翰林/_analysis/pilot/pages/G1-_-109_-_1-P04_R02_____1____109___1__/page-2.jpg"",""raw_text"":""4＋2＝( ) 布丁 2"",""source_id"":""G1-康軒-109上-期中1-P04_R02_寶山國小_彰化縣_1年級_數學_109上_期中1_康軒"",""source_page"":2}","{""alignmentStatus"":""uncertain"",""candidateSkillIds"":[],""common_trap"":""運算方向、單位或題意關係判讀錯誤"",""confidence"":""low"",""core_concept"":""需人工複核"",""include_decision"":""uncertain_review"",""notes"":""未能從 OCR／文字安全推得出版社章節，不強制歸類。 QA 重新稽核：未找到與題幹精確一致的現有 SkillID；章節或官方碼候選不視為 direct，SkillID 已清空。"",""officialContentCodes"":[],""officialPerformanceCodes"":[],""publisherChapter"":null,""question_id"":""G1-康軒-109上-期中1-P04_R02_寶山國小_彰化縣_1年級_數學_109上_期中1_康軒-q021"",""question_type"":""文字計算／概念判斷"",""scope_outlier"":""not_evaluable"",""skillIds"":[],""source_id"":""G1-康軒-109上-期中1-P04_R02_寶山國小_彰化縣_1年級_數學_109上_期中1_康軒""}","""first_pass"""
"""G1-康軒-109上-期中1-P04_R02_寶山國小_彰化縣_1年級_數學_109上_期中1_康軒-q022""","""G1-康軒-109上-期中1-P04_R02_寶山國小_彰化縣_1年級_數學_109上_期中1_康軒""","""question_group_candidate""","""not_verified_from_available_extraction""","""source_materials/tcool_math_g1_g4_康軒_翰林/grade-1/康軒/questions/P04_R02_寶山國小_彰化縣_1年級_數學_109上_期中1_康軒_題目卷.pdf""","""source_materials/tcool_math_g1_g4_康軒_翰林/grade-1/康軒/answers/P04_R02_寶山國小_彰化縣_1年級_數學_109上_期中1_康軒_答案卷.pdf""",3,"""source_materials/tcool_math_g1_g4_康軒_翰林/_analysis/pilot/pages/G1-_-109_-_1-P04_R02_____1____109___1__/page-3.jpg""","""六、畫出一樣多的圈(每題 2 分 2.一年甲班原有 7 位小朋#1""","""1. ○○○○○ ○○○○○ ○○○○○ ○""",[],null,"""needs_review""",null,"""text_layer""",false,"""text_only""","""康軒""","""G1""","""109""","""上""","""期中1""","""文字計算／概念判斷""","""需人工複核""","""運算方向、單位或題意關係判讀錯誤""",null,[],[],[],[],"""uncertain""","""low""","""未能從 OCR／文字安全推得出版社章節，不強制歸類。 QA 重新稽核：未找到與題幹精確一致的現有 SkillID；章節或官方碼候選不視為 direct，SkillID 已清空。""","""not_evaluable""","""uncertain_review""","{""answerKeySource"":""source_materials/tcool_math_g1_g4_康軒_翰林/grade-1/康軒/answers/P04_R02_寶山國小_彰化縣_1年級_數學_109上_期中1_康軒_答案卷.pdf"",""answerNote"":null,""needsImage"":false,""ocrQuality"":""text_layer"",""questionImage"":""source_materials/tcool_math_g1_g4_康軒_翰林/_analysis/pilot/pages/G1-_-109_-_1-P04_R02_____1____109___1__/page-3.jpg"",""sourcePage"":3}","{""includeDecision"":""uncertain_review"",""notes"":""未能從 OCR／文字安全推得出版社章節，不強制歸類。 QA 重新稽核：未找到與題幹精確一致的現有 SkillID；章節或官方碼候選不視為 direct，SkillID 已清空。"",""publisherChapter"":null,""scopeOutlier"":""not_evaluable""}","{""answer"":null,""answer_key_source"":""source_materials/tcool_math_g1_g4_康軒_翰林/grade-1/康軒/answers/P04_R02_寶山國小_彰化縣_1年級_數學_109上_期中1_康軒_答案卷.pdf"",""answer_status"":""needs_review"",""id"":""G1-康軒-109上-期中1-P04_R02_寶山國小_彰化縣_1年級_數學_109上_期中1_康軒-q022"",""needs_image"":false,""ocr_quality"":""text_layer"",""original_number"":""六、畫出一樣多的圈(每題 2 分 2.一年甲班原有 7 位小朋#1"",""question_image"":""source_materials/tcool_math_g1_g4_康軒_翰林/_analysis/pilot/pages/G1-_-109_-_1-P04_R02_____1____109___1__/page-3.jpg"",""raw_text"":""1. ○○○○○ ○○○○○ ○○○○○ ○"",""source_id"":""G1-康軒-109上-期中1-P04_R02_寶山國小_彰化縣_1年級_數學_109上_期中1_康軒"",""source_page"":3}","{""alignmentStatus"":""uncertain"",""candidateSkillIds"":[],""common_trap"":""運算方向、單位或題意關係判讀錯誤"",""confidence"":""low"",""core_concept"":""需人工複核"",""include_decision"":""uncertain_review"",""notes"":""未能從 OCR／文字安全推得出版社章節，不強制歸類。 QA 重新稽核：未找到與題幹精確一致的現有 SkillID；章節或官方碼候選不視為 direct，SkillID 已清空。"",""officialContentCodes"":[],""officialPerformanceCodes"":[],""publisherChapter"":null,""question_id"":""G1-康軒-109上-期中1-P04_R02_寶山國小_彰化縣_1年級_數學_109上_期中1_康軒-q022"",""question_type"":""文字計算／概念判斷"",""scope_outlier"":""not_evaluable"",""skillIds"":[],""source_id"":""G1-康軒-109上-期中1-P04_R02_寶山國小_彰化縣_1年級_數學_109上_期中1_康軒""}","""first_pass"""
"""G1-康軒-109上-期中1-P04_R02_寶山國小_彰化縣_1年級_數學_109上_期中1_康軒-q023""","""G1-康軒-109上-期中1-P04_R02_寶山國小_彰化縣_1年級_數學_109上_期中1_康軒""","""question_group_candidate""","""not_verified_from_available_extraction""","""source_materials/tcool_math_g1_g4_康軒_翰林/grade-1/康軒/questions/P04_R02_寶山國小_彰化縣_1年級_數學_109上_期中1_康軒_題目卷.pdf""","""source_materials/tcool_math_g1_g4_康軒_翰林/grade-1/康軒/answers/P04_R02_寶山國小_彰化縣_1年級_數學_109上_期中1_康軒_答案卷.pdf""",3,"""source_materials/tcool_math_g1_g4_康軒_翰林/_analysis/pilot/pages/G1-_-109_-_1-P04_R02_____1____109___1__/page-3.jpg""","""六、畫出一樣多的圈(每題 2 分 2.一年甲班原有 7 位小朋#2""","""2. ○○○○○ ○○○○○ ○○○○○ ○○○○○ 答：( )位 ○○○""",[],null,"""needs_review""",null,"""text_layer""",false,"""text_only""","""康軒""","""G1""","""109""","""上""","""期中1""","""文字計算／概念判斷""","""需人工複核""","""運算方向、單位或題意關係判讀錯誤""",null,[],[],[],[],"""uncertain""","""low""","""未能從 OCR／文字安全推得出版社章節，不強制歸類。 QA 重新稽核：未找到與題幹精確一致的現有 SkillID；章節或官方碼候選不視為 direct，SkillID 已清空。""","""not_evaluable""","""uncertain_review""","{""answerKeySource"":""source_materials/tcool_math_g1_g4_康軒_翰林/grade-1/康軒/answers/P04_R02_寶山國小_彰化縣_1年級_數學_109上_期中1_康軒_答案卷.pdf"",""answerNote"":null,""needsImage"":false,""ocrQuality"":""text_layer"",""questionImage"":""source_materials/tcool_math_g1_g4_康軒_翰林/_analysis/pilot/pages/G1-_-109_-_1-P04_R02_____1____109___1__/page-3.jpg"",""sourcePage"":3}","{""includeDecision"":""uncertain_review"",""notes"":""未能從 OCR／文字安全推得出版社章節，不強制歸類。 QA 重新稽核：未找到與題幹精確一致的現有 SkillID；章節或官方碼候選不視為 direct，SkillID 已清空。"",""publisherChapter"":null,""scopeOutlier"":""not_evaluable""}","{""answer"":null,""answer_key_source"":""source_materials/tcool_math_g1_g4_康軒_翰林/grade-1/康軒/answers/P04_R02_寶山國小_彰化縣_1年級_數學_109上_期中1_康軒_答案卷.pdf"",""answer_status"":""needs_review"",""id"":""G1-康軒-109上-期中1-P04_R02_寶山國小_彰化縣_1年級_數學_109上_期中1_康軒-q023"",""needs_image"":false,""ocr_quality"":""text_layer"",""original_number"":""六、畫出一樣多的圈(每題 2 分 2.一年甲班原有 7 位小朋#2"",""question_image"":""source_materials/tcool_math_g1_g4_康軒_翰林/_analysis/pilot/pages/G1-_-109_-_1-P04_R02_____1____109___1__/page-3.jpg"",""raw_text"":""2. ○○○○○ ○○○○○ ○○○○○ ○○○○○ 答：( )位 ○○○"",""source_id"":""G1-康軒-109上-期中1-P04_R02_寶山國小_彰化縣_1年級_數學_109上_期中1_康軒"",""source_page"":3}","{""alignmentStatus"":""uncertain"",""candidateSkillIds"":[],""common_trap"":""運算方向、單位或題意關係判讀錯誤"",""confidence"":""low"",""core_concept"":""需人工複核"",""include_decision"":""uncertain_review"",""notes"":""未能從 OCR／文字安全推得出版社章節，不強制歸類。 QA 重新稽核：未找到與題幹精確一致的現有 SkillID；章節或官方碼候選不視為 direct，SkillID 已清空。"",""officialContentCodes"":[],""officialPerformanceCodes"":[],""publisherChapter"":null,""question_id"":""G1-康軒-109上-期中1-P04_R02_寶山國小_彰化縣_1年級_數學_109上_期中1_康軒-q023"",""question_type"":""文字計算／概念判斷"",""scope_outlier"":""not_evaluable"",""skillIds"":[],""source_id"":""G1-康軒-109上-期中1-P04_R02_寶山國小_彰化縣_1年級_數學_109上_期中1_康軒""}","""first_pass"""
"""G1-康軒-109上-期中1-P04_R02_寶山國小_彰化縣_1年級_數學_109上_期中1_康軒-q024""","""G1-康軒-109上-期中1-P04_R02_寶山國小_彰化縣_1年級_數學_109上_期中1_康軒""","""question_group_candidate""","""not_verified_from_available_extraction""","""source_materials/tcool_math_g1_g4_康軒_翰林/grade-1/康軒/questions/P04_R02_寶山國小_彰化縣_1年級_數學_109上_期中1_康軒_題目卷.pdf""","""source_materials/tcool_math_g1_g4_康軒_翰林/grade-1/康軒/answers/P04_R02_寶山國小_彰化縣_1年級_數學_109上_期中1_康軒_答案卷.pdf""",3,"""source_materials/tcool_math_g1_g4_康軒_翰林/_analysis/pilot/pages/G1-_-109_-_1-P04_R02_____1____109___1__/page-3.jpg""","""六、畫出一樣多的圈(每題 2 分 2.一年甲班原有 7 位小朋#3""","""農場裡原有 2 隻白豬，又""",[],null,"""needs_review""",null,"""text_layer""",false,"""text_only""","""康軒""","""G1""","""109""","""上""","""期中1""","""文字計算／概念判斷""","""需人工複核""","""運算方向、單位或題意關係判讀錯誤""",null,[],[],[],[],"""uncertain""","""low""","""未能從 OCR／文字安全推得出版社章節，不強制歸類。 QA 重新稽核：未找到與題幹精確一致的現有 SkillID；章節或官方碼候選不視為 direct，SkillID 已清空。""","""not_evaluable""","""uncertain_review""","{""answerKeySource"":""source_materials/tcool_math_g1_g4_康軒_翰林/grade-1/康軒/answers/P04_R02_寶山國小_彰化縣_1年級_數學_109上_期中1_康軒_答案卷.pdf"",""answerNote"":null,""needsImage"":false,""ocrQuality"":""text_layer"",""questionImage"":""source_materials/tcool_math_g1_g4_康軒_翰林/_analysis/pilot/pages/G1-_-109_-_1-P04_R02_____1____109___1__/page-3.jpg"",""sourcePage"":3}","{""includeDecision"":""uncertain_review"",""notes"":""未能從 OCR／文字安全推得出版社章節，不強制歸類。 QA 重新稽核：未找到與題幹精確一致的現有 SkillID；章節或官方碼候選不視為 direct，SkillID 已清空。"",""publisherChapter"":null,""scopeOutlier"":""not_evaluable""}","{""answer"":null,""answer_key_source"":""source_materials/tcool_math_g1_g4_康軒_翰林/grade-1/康軒/answers/P04_R02_寶山國小_彰化縣_1年級_數學_109上_期中1_康軒_答案卷.pdf"",""answer_status"":""needs_review"",""id"":""G1-康軒-109上-期中1-P04_R02_寶山國小_彰化縣_1年級_數學_109上_期中1_康軒-q024"",""needs_image"":false,""ocr_quality"":""text_layer"",""original_number"":""六、畫出一樣多的圈(每題 2 分 2.一年甲班原有 7 位小朋#3"",""question_image"":""source_materials/tcool_math_g1_g4_康軒_翰林/_analysis/pilot/pages/G1-_-109_-_1-P04_R02_____1____109___1__/page-3.jpg"",""raw_text"":""農場裡原有 2 隻白豬，又"",""source_id"":""G1-康軒-109上-期中1-P04_R02_寶山國小_彰化縣_1年級_數學_109上_期中1_康軒"",""source_page"":3}","{""alignmentStatus"":""uncertain"",""candidateSkillIds"":[],""common_trap"":""運算方向、單位或題意關係判讀錯誤"",""confidence"":""low"",""core_concept"":""需人工複核"",""include_decision"":""uncertain_review"",""notes"":""未能從 OCR／文字安全推得出版社章節，不強制歸類。 QA 重新稽核：未找到與題幹精確一致的現有 SkillID；章節或官方碼候選不視為 direct，SkillID 已清空。"",""officialContentCodes"":[],""officialPerformanceCodes"":[],""publisherChapter"":null,""question_id"":""G1-康軒-109上-期中1-P04_R02_寶山國小_彰化縣_1年級_數學_109上_期中1_康軒-q024"",""question_type"":""文字計算／概念判斷"",""scope_outlier"":""not_evaluable"",""skillIds"":[],""source_id"":""G1-康軒-109上-期中1-P04_R02_寶山國小_彰化縣_1年級_數學_109上_期中1_康軒""}","""first_pass"""
"""G1-康軒-109上-期中1-P04_R02_寶山國小_彰化縣_1年級_數學_109上_期中1_康軒-q025""","""G1-康軒-109上-期中1-P04_R02_寶山國小_彰化縣_1年級_數學_109上_期中1_康軒""","""question_group_candidate""","""not_verified_from_available_extraction""","""source_materials/tcool_math_g1_g4_康軒_翰林/grade-1/康軒/questions/P04_R02_寶山國小_彰化縣_1年級_數學_109上_期中1_康軒_題目卷.pdf""","""source_materials/tcool_math_g1_g4_康軒_翰林/grade-1/康軒/answers/P04_R02_寶山國小_彰化縣_1年級_數學_109上_期中1_康軒_答案卷.pdf""",3,"""source_materials/tcool_math_g1_g4_康軒_翰林/_analysis/pilot/pages/G1-_-109_-_1-P04_R02_____1____109___1__/page-3.jpg""","""七、應用題(一題 2 分共 6 分)#1""","""小于有 5 枝彩色筆，小婕 隻豬？ 有 4 枝彩色筆，他們一共 有幾枝彩色筆？ 答：( )隻 答：( )枝 3""",[],null,"""needs_review""",null,"""text_layer""",false,"""text_only""","""康軒""","""G1""","""109""","""上""","""期中1""","""加減計算或應用""","""加減法意義、計算與情境解題""","""運算方向、單位或題意關係判讀錯誤""","{""chapterNumber"":7,""chapterTitle"":""10 以內的加法"",""editionFamily"":""unknown""}","[""N-1-2"",""N-1-3"",""R-1-1""]","[""n-I-2"",""r-I-1""]",[],[],"""partial""","""medium""","""章節級候選；SkillID 留空，待視覺／題意複核後才做粒度對齊。 QA 重新稽核：未找到與題幹精確一致的現有 SkillID；章節或官方碼候選不視為 direct，SkillID 已清空。""","""not_evaluable""","""include_for_type_only""","{""answerKeySource"":""source_materials/tcool_math_g1_g4_康軒_翰林/grade-1/康軒/answers/P04_R02_寶山國小_彰化縣_1年級_數學_109上_期中1_康軒_答案卷.pdf"",""answerNote"":null,""needsImage"":false,""ocrQuality"":""text_layer"",""questionImage"":""source_materials/tcool_math_g1_g4_康軒_翰林/_analysis/pilot/pages/G1-_-109_-_1-P04_R02_____1____109___1__/page-3.jpg"",""sourcePage"":3}","{""includeDecision"":""include_for_type_only"",""notes"":""章節級候選；SkillID 留空，待視覺／題意複核後才做粒度對齊。 QA 重新稽核：未找到與題幹精確一致的現有 SkillID；章節或官方碼候選不視為 direct，SkillID 已清空。"",""publisherChapter"":{""chapterNumber"":7,""chapterTitle"":""10 以內的加法"",""editionFamily"":""unknown""},""scopeOutlier"":""not_evaluable""}","{""answer"":null,""answer_key_source"":""source_materials/tcool_math_g1_g4_康軒_翰林/grade-1/康軒/answers/P04_R02_寶山國小_彰化縣_1年級_數學_109上_期中1_康軒_答案卷.pdf"",""answer_status"":""needs_review"",""id"":""G1-康軒-109上-期中1-P04_R02_寶山國小_彰化縣_1年級_數學_109上_期中1_康軒-q025"",""needs_image"":false,""ocr_quality"":""text_layer"",""original_number"":""七、應用題(一題 2 分共 6 分)#1"",""question_image"":""source_materials/tcool_math_g1_g4_康軒_翰林/_analysis/pilot/pages/G1-_-109_-_1-P04_R02_____1____109___1__/page-3.jpg"",""raw_text"":""小于有 5 枝彩色筆，小婕 隻豬？ 有 4 枝彩色筆，他們一共 有幾枝彩色筆？ 答：( )隻 答：( )枝 3"",""source_id"":""G1-康軒-109上-期中1-P04_R02_寶山國小_彰化縣_1年級_數學_109上_期中1_康軒"",""source_page"":3}","{""alignmentStatus"":""partial"",""candidateSkillIds"":[],""common_trap"":""運算方向、單位或題意關係判讀錯誤"",""confidence"":""medium"",""core_concept"":""加減法意義、計算與情境解題"",""include_decision"":""include_for_type_only"",""notes"":""章節級候選；SkillID 留空，待視覺／題意複核後才做粒度對齊。 QA 重新稽核：未找到與題幹精確一致的現有 SkillID；章節或官方碼候選不視為 direct，SkillID 已清空。"",""officialContentCodes"":[""N-1-2"",""N-1-3"",""R-1-1""],""officialPerformanceCodes"":[""n-I-2"",""r-I-1""],""publisherChapter"":{""chapterNumber"":7,""chapterTitle"":""10 以內的加法"",""editionFamily"":""unknown""},""question_id"":""G1-康軒-109上-期中1-P04_R02_寶山國小_彰化縣_1年級_數學_109上_期中1_康軒-q025"",""question_type"":""加減計算或應用"",""scope_outlier"":""not_evaluable"",""skillIds"":[],""source_id"":""G1-康軒-109上-期中1-P04_R02_寶山國小_彰化縣_1年級_數學_109上_期中1_康軒""}","""first_pass"""
"""G1-翰林-113下-期末2-P01_R01_安和國小_新北市_1年級_數學_113下_期末2_翰林-q001""","""G1-翰林-113下-期末2-P01_R01_安和國小_新北市_1年級_數學_113下_期末2_翰林""","""question_group_candidate""","""not_verified_from_available_extraction""","""source_materials/tcool_math_g1_g4_康軒_翰林/grade-1/翰林/questions/P01_R01_安和國小_新北市_1年級_數學_113下_期末2_翰林_題目卷.pdf""","""source_materials/tcool_math_g1_g4_康軒_翰林/grade-1/翰林/answers/P01_R01_安和國小_新北市_1年級_數學_113下_期末2_翰林_答案卷.pdf""",1,"""source_materials/tcool_math_g1_g4_康軒_翰林/_analysis/pilot/pages/G1-_-113_-_2-P01_R01_____1____113___2__/page-1.jpg""","""一、 填填看：80％（每格2分）#1""","""小偉的生日快到了，媽媽 日 一 二 三 四 五 六 想送給他一個40元的玩偶，當 1 2 3 作生日禮物。如果 4 5 6 7 8 9 10""",[],null,"""needs_review""",null,"""text_layer""",false,"""text_only""","""翰林""","""G1""","""113""","""下""","""期末2""","""錢幣與金額應用""","""數錢、湊付或找補""","""運算方向、單位或題意關係判讀錯誤""",null,[],[],[],[],"""uncertain""","""low""","""未能從 OCR／文字安全推得出版社章節，不強制歸類。 QA 重新稽核：未找到與題幹精確一致的現有 SkillID；章節或官方碼候選不視為 direct，SkillID 已清空。""","""not_evaluable""","""uncertain_review""","{""answerKeySource"":""source_materials/tcool_math_g1_g4_康軒_翰林/grade-1/翰林/answers/P01_R01_安和國小_新北市_1年級_數學_113下_期末2_翰林_答案卷.pdf"",""answerNote"":null,""needsImage"":false,""ocrQuality"":""text_layer"",""questionImage"":""source_materials/tcool_math_g1_g4_康軒_翰林/_analysis/pilot/pages/G1-_-113_-_2-P01_R01_____1____113___2__/page-1.jpg"",""sourcePage"":1}","{""includeDecision"":""uncertain_review"",""notes"":""未能從 OCR／文字安全推得出版社章節，不強制歸類。 QA 重新稽核：未找到與題幹精確一致的現有 SkillID；章節或官方碼候選不視為 direct，SkillID 已清空。"",""publisherChapter"":null,""scopeOutlier"":""not_evaluable""}","{""answer"":null,""answer_key_source"":""source_materials/tcool_math_g1_g4_康軒_翰林/grade-1/翰林/answers/P01_R01_安和國小_新北市_1年級_數學_113下_期末2_翰林_答案卷.pdf"",""answer_status"":""needs_review"",""id"":""G1-翰林-113下-期末2-P01_R01_安和國小_新北市_1年級_數學_113下_期末2_翰林-q001"",""needs_image"":false,""ocr_quality"":""text_layer"",""original_number"":""一、 填填看：80％（每格2分）#1"",""question_image"":""source_materials/tcool_math_g1_g4_康軒_翰林/_analysis/pilot/pages/G1-_-113_-_2-P01_R01_____1____113___2__/page-1.jpg"",""raw_text"":""小偉的生日快到了，媽媽 日 一 二 三 四 五 六 想送給他一個40元的玩偶，當 1 2 3 作生日禮物。如果 4 5 6 7 8 9 10"",""source_id"":""G1-翰林-113下-期末2-P01_R01_安和國小_新北市_1年級_數學_113下_期末2_翰林"",""source_page"":1}","{""alignmentStatus"":""uncertain"",""candidateSkillIds"":[],""common_trap"":""運算方向、單位或題意關係判讀錯誤"",""confidence"":""low"",""core_concept"":""數錢、湊付或找補"",""include_decision"":""uncertain_review"",""notes"":""未能從 OCR／文字安全推得出版社章節，不強制歸類。 QA 重新稽核：未找到與題幹精確一致的現有 SkillID；章節或官方碼候選不視為 direct，SkillID 已清空。"",""officialContentCodes"":[],""officialPerformanceCodes"":[],""publisherChapter"":null,""question_id"":""G1-翰林-113下-期末2-P01_R01_安和國小_新北市_1年級_數學_113下_期末2_翰林-q001"",""question_type"":""錢幣與金額應用"",""scope_outlier"":""not_evaluable"",""skillIds"":[],""source_id"":""G1-翰林-113下-期末2-P01_R01_安和國小_新北市_1年級_數學_113下_期末2_翰林""}","""first_pass"""
"""G1-翰林-113下-期末2-P01_R01_安和國小_新北市_1年級_數學_113下_期末2_翰林-q002""","""G1-翰林-113下-期末2-P01_R01_安和國小_新北市_1年級_數學_113下_期末2_翰林""","""question_group_candidate""","""not_verified_from_available_extraction""","""source_materials/tcool_math_g1_g4_康軒_翰林/grade-1/翰林/questions/P01_R01_安和國小_新北市_1年級_數學_113下_期末2_翰林_題目卷.pdf""","""source_materials/tcool_math_g1_g4_康軒_翰林/grade-1/翰林/answers/P01_R01_安和國小_新北市_1年級_數學_113下_期末2_翰林_答案卷.pdf""",1,"""source_materials/tcool_math_g1_g4_康軒_翰林/_analysis/pilot/pages/G1-_-113_-_2-P01_R01_____1____113___2__/page-1.jpg""","""一、 填填看：80％（每格2分）#1""","""全部用○ 10 元付，要付（ ） 11 12 13 14 15 16 17 個○ 10 元。 ○元付，要付（ ）""",[],null,"""needs_review""",null,"""text_layer""",false,"""text_only""","""翰林""","""G1""","""113""","""下""","""期末2""","""錢幣與金額應用""","""數錢、湊付或找補""","""運算方向、單位或題意關係判讀錯誤""",null,[],[],[],[],"""uncertain""","""low""","""未能從 OCR／文字安全推得出版社章節，不強制歸類。 QA 重新稽核：未找到與題幹精確一致的現有 SkillID；章節或官方碼候選不視為 direct，SkillID 已清空。""","""not_evaluable""","""uncertain_review""","{""answerKeySource"":""source_materials/tcool_math_g1_g4_康軒_翰林/grade-1/翰林/answers/P01_R01_安和國小_新北市_1年級_數學_113下_期末2_翰林_答案卷.pdf"",""answerNote"":null,""needsImage"":false,""ocrQuality"":""text_layer"",""questionImage"":""source_materials/tcool_math_g1_g4_康軒_翰林/_analysis/pilot/pages/G1-_-113_-_2-P01_R01_____1____113___2__/page-1.jpg"",""sourcePage"":1}","{""includeDecision"":""uncertain_review"",""notes"":""未能從 OCR／文字安全推得出版社章節，不強制歸類。 QA 重新稽核：未找到與題幹精確一致的現有 SkillID；章節或官方碼候選不視為 direct，SkillID 已清空。"",""publisherChapter"":null,""scopeOutlier"":""not_evaluable""}","{""answer"":null,""answer_key_source"":""source_materials/tcool_math_g1_g4_康軒_翰林/grade-1/翰林/answers/P01_R01_安和國小_新北市_1年級_數學_113下_期末2_翰林_答案卷.pdf"",""answer_status"":""needs_review"",""id"":""G1-翰林-113下-期末2-P01_R01_安和國小_新北市_1年級_數學_113下_期末2_翰林-q002"",""needs_image"":false,""ocr_quality"":""text_layer"",""original_number"":""一、 填填看：80％（每格2分）#1"",""question_image"":""source_materials/tcool_math_g1_g4_康軒_翰林/_analysis/pilot/pages/G1-_-113_-_2-P01_R01_____1____113___2__/page-1.jpg"",""raw_text"":""全部用○ 10 元付，要付（ ） 11 12 13 14 15 16 17 個○ 10 元。 ○元付，要付（ ）"",""source_id"":""G1-翰林-113下-期末2-P01_R01_安和國小_新北市_1年級_數學_113下_期末2_翰林"",""source_page"":1}","{""alignmentStatus"":""uncertain"",""candidateSkillIds"":[],""common_trap"":""運算方向、單位或題意關係判讀錯誤"",""confidence"":""low"",""core_concept"":""數錢、湊付或找補"",""include_decision"":""uncertain_review"",""notes"":""未能從 OCR／文字安全推得出版社章節，不強制歸類。 QA 重新稽核：未找到與題幹精確一致的現有 SkillID；章節或官方碼候選不視為 direct，SkillID 已清空。"",""officialContentCodes"":[],""officialPerformanceCodes"":[],""publisherChapter"":null,""question_id"":""G1-翰林-113下-期末2-P01_R01_安和國小_新北市_1年級_數學_113下_期末2_翰林-q002"",""question_type"":""錢幣與金額應用"",""scope_outlier"":""not_evaluable"",""skillIds"":[],""source_id"":""G1-翰林-113下-期末2-P01_R01_安和國小_新北市_1年級_數學_113下_期末2_翰林""}","""first_pass"""
"""G1-翰林-113下-期末2-P01_R01_安和國小_新北市_1年級_數學_113下_期末2_翰林-q003""","""G1-翰林-113下-期末2-P01_R01_安和國小_新北市_1年級_數學_113下_期末2_翰林""","""question_group_candidate""","""not_verified_from_available_extraction""","""source_materials/tcool_math_g1_g4_康軒_翰林/grade-1/翰林/questions/P01_R01_安和國小_新北市_1年級_數學_113下_期末2_翰林_題目卷.pdf""","""source_materials/tcool_math_g1_g4_康軒_翰林/grade-1/翰林/answers/P01_R01_安和國小_新北市_1年級_數學_113下_期末2_翰林_答案卷.pdf""",1,"""source_materials/tcool_math_g1_g4_康軒_翰林/_analysis/pilot/pages/G1-_-113_-_2-P01_R01_____1____113___2__/page-1.jpg""","""一、 填填看：80％（每格2分）#2""","""全部用 5 18 19 20 21 22 23 24 個○ 5 元。 25 26 27 28 29 30 31 端午節""",[],null,"""needs_review""",null,"""text_layer""",false,"""text_only""","""翰林""","""G1""","""113""","""下""","""期末2""","""錢幣與金額應用""","""數錢、湊付或找補""","""運算方向、單位或題意關係判讀錯誤""",null,[],[],[],[],"""uncertain""","""low""","""未能從 OCR／文字安全推得出版社章節，不強制歸類。 QA 重新稽核：未找到與題幹精確一致的現有 SkillID；章節或官方碼候選不視為 direct，SkillID 已清空。""","""not_evaluable""","""uncertain_review""","{""answerKeySource"":""source_materials/tcool_math_g1_g4_康軒_翰林/grade-1/翰林/answers/P01_R01_安和國小_新北市_1年級_數學_113下_期末2_翰林_答案卷.pdf"",""answerNote"":null,""needsImage"":false,""ocrQuality"":""text_layer"",""questionImage"":""source_materials/tcool_math_g1_g4_康軒_翰林/_analysis/pilot/pages/G1-_-113_-_2-P01_R01_____1____113___2__/page-1.jpg"",""sourcePage"":1}","{""includeDecision"":""uncertain_review"",""notes"":""未能從 OCR／文字安全推得出版社章節，不強制歸類。 QA 重新稽核：未找到與題幹精確一致的現有 SkillID；章節或官方碼候選不視為 direct，SkillID 已清空。"",""publisherChapter"":null,""scopeOutlier"":""not_evaluable""}","{""answer"":null,""answer_key_source"":""source_materials/tcool_math_g1_g4_康軒_翰林/grade-1/翰林/answers/P01_R01_安和國小_新北市_1年級_數學_113下_期末2_翰林_答案卷.pdf"",""answer_status"":""needs_review"",""id"":""G1-翰林-113下-期末2-P01_R01_安和國小_新北市_1年級_數學_113下_期末2_翰林-q003"",""needs_image"":false,""ocr_quality"":""text_layer"",""original_number"":""一、 填填看：80％（每格2分）#2"",""question_image"":""source_materials/tcool_math_g1_g4_康軒_翰林/_analysis/pilot/pages/G1-_-113_-_2-P01_R01_____1____113___2__/page-1.jpg"",""raw_text"":""全部用 5 18 19 20 21 22 23 24 個○ 5 元。 25 26 27 28 29 30 31 端午節"",""source_id"":""G1-翰林-113下-期末2-P01_R01_安和國小_新北市_1年級_數學_113下_期末2_翰林"",""source_page"":1}","{""alignmentStatus"":""uncertain"",""candidateSkillIds"":[],""common_trap"":""運算方向、單位或題意關係判讀錯誤"",""confidence"":""low"",""core_concept"":""數錢、湊付或找補"",""include_decision"":""uncertain_review"",""notes"":""未能從 OCR／文字安全推得出版社章節，不強制歸類。 QA 重新稽核：未找到與題幹精確一致的現有 SkillID；章節或官方碼候選不視為 direct，SkillID 已清空。"",""officialContentCodes"":[],""officialPerformanceCodes"":[],""publisherChapter"":null,""question_id"":""G1-翰林-113下-期末2-P01_R01_安和國小_新北市_1年級_數學_113下_期末2_翰林-q003"",""question_type"":""錢幣與金額應用"",""scope_outlier"":""not_evaluable"",""skillIds"":[],""source_id"":""G1-翰林-113下-期末2-P01_R01_安和國小_新北市_1年級_數學_113下_期末2_翰林""}","""first_pass"""
"""G1-翰林-113下-期末2-P01_R01_安和國小_新北市_1年級_數學_113下_期末2_翰林-q004""","""G1-翰林-113下-期末2-P01_R01_安和國小_新北市_1年級_數學_113下_期末2_翰林""","""question_group_candidate""","""not_verified_from_available_extraction""","""source_materials/tcool_math_g1_g4_康軒_翰林/grade-1/翰林/questions/P01_R01_安和國小_新北市_1年級_數學_113下_期末2_翰林_題目卷.pdf""","""source_materials/tcool_math_g1_g4_康軒_翰林/grade-1/翰林/answers/P01_R01_安和國小_新北市_1年級_數學_113下_期末2_翰林_答案卷.pdf""",1,"""source_materials/tcool_math_g1_g4_康軒_翰林/_analysis/pilot/pages/G1-_-113_-_2-P01_R01_____1____113___2__/page-1.jpg""","""一、 填填看：80％（每格2分）#3""","""媽媽買完玩偶後，錢包裡只 （1）今天是端午節， 剩 13 元，如果想再買一個 是 5 月（ ）日星期（ ）； 一模一樣的玩偶給妹妹，需 再補多少元？【用○ 1 畫畫 10 ○ 昨天是 5 月（ ）日星期（ ） 看】 明天是（）月（）日星期（） （2）小明星期一和星期四都 要上英文課，請問小明 5 月共 上了（ ）天英文課。 （3）母親節是五月的第二個""",[],null,"""needs_review""",null,"""text_layer""",true,"""image_required""","""翰林""","""G1""","""113""","""下""","""期末2""","""日期與月曆應用""","""年月日、星期與日期順序""","""圖像／版面資訊遺失時不可憑 OCR 猜測""","{""chapterNumber"":7,""chapterTitle"":""幾月幾日星期幾"",""editionFamily"":""unknown""}","[""N-1-6""]","[""n-I-9""]",[],[],"""partial""","""medium""","""章節級候選；SkillID 留空，待視覺／題意複核後才做粒度對齊。 QA 重新稽核：未找到與題幹精確一致的現有 SkillID；章節或官方碼候選不視為 direct，SkillID 已清空。""","""not_evaluable""","""include_for_type_only""","{""answerKeySource"":""source_materials/tcool_math_g1_g4_康軒_翰林/grade-1/翰林/answers/P01_R01_安和國小_新北市_1年級_數學_113下_期末2_翰林_答案卷.pdf"",""answerNote"":null,""needsImage"":true,""ocrQuality"":""text_layer"",""questionImage"":""source_materials/tcool_math_g1_g4_康軒_翰林/_analysis/pilot/pages/G1-_-113_-_2-P01_R01_____1____113___2__/page-1.jpg"",""sourcePage"":1}","{""includeDecision"":""include_for_type_only"",""notes"":""章節級候選；SkillID 留空，待視覺／題意複核後才做粒度對齊。 QA 重新稽核：未找到與題幹精確一致的現有 SkillID；章節或官方碼候選不視為 direct，SkillID 已清空。"",""publisherChapter"":{""chapterNumber"":7,""chapterTitle"":""幾月幾日星期幾"",""editionFamily"":""unknown""},""scopeOutlier"":""not_evaluable""}","{""answer"":null,""answer_key_source"":""source_materials/tcool_math_g1_g4_康軒_翰林/grade-1/翰林/answers/P01_R01_安和國小_新北市_1年級_數學_113下_期末2_翰林_答案卷.pdf"",""answer_status"":""needs_review"",""id"":""G1-翰林-113下-期末2-P01_R01_安和國小_新北市_1年級_數學_113下_期末2_翰林-q004"",""needs_image"":true,""ocr_quality"":""text_layer"",""original_number"":""一、 填填看：80％（每格2分）#3"",""question_image"":""source_materials/tcool_math_g1_g4_康軒_翰林/_analysis/pilot/pages/G1-_-113_-_2-P01_R01_____1____113___2__/page-1.jpg"",""raw_text"":""媽媽買完玩偶後，錢包裡只 （1）今天是端午節， 剩 13 元，如果想再買一個 是 5 月（ ）日星期（ ）； 一模一樣的玩偶給妹妹，需 再補多少元？【用○ 1 畫畫 10 ○ 昨天是 5 月（ ）日星期（ ） 看】 明天是（）月（）日星期（） （2）小明星期一和星期四都 要上英文課，請問小明 5 月共 上了（ ）天英文課。 （3）母親節是五月的第二個"",""source_id"":""G1-翰林-113下-期末2-P01_R01_安和國小_新北市_1年級_數學_113下_期末2_翰林"",""source_page"":1}","{""alignmentStatus"":""partial"",""candidateSkillIds"":[],""common_trap"":""圖像／版面資訊遺失時不可憑 OCR 猜測"",""confidence"":""medium"",""core_concept"":""年月日、星期與日期順序"",""include_decision"":""include_for_type_only"",""notes"":""章節級候選；SkillID 留空，待視覺／題意複核後才做粒度對齊。 QA 重新稽核：未找到與題幹精確一致的現有 SkillID；章節或官方碼候選不視為 direct，SkillID 已清空。"",""officialContentCodes"":[""N-1-6""],""officialPerformanceCodes"":[""n-I-9""],""publisherChapter"":{""chapterNumber"":7,""chapterTitle"":""幾月幾日星期幾"",""editionFamily"":""unknown""},""question_id"":""G1-翰林-113下-期末2-P01_R01_安和國小_新北市_1年級_數學_113下_期末2_翰林-q004"",""question_type"":""日期與月曆應用"",""scope_outlier"":""not_evaluable"",""skillIds"":[],""source_id"":""G1-翰林-113下-期末2-P01_R01_安和國小_新北市_1年級_數學_113下_期末2_翰林""}","""first_pass"""
"""G1-翰林-113下-期末2-P01_R01_安和國小_新北市_1年級_數學_113下_期末2_翰林-q005""","""G1-翰林-113下-期末2-P01_R01_安和國小_新北市_1年級_數學_113下_期末2_翰林""","""question_group_candidate""","""not_verified_from_available_extraction""","""source_materials/tcool_math_g1_g4_康軒_翰林/grade-1/翰林/questions/P01_R01_安和國小_新北市_1年級_數學_113下_期末2_翰林_題目卷.pdf""","""source_materials/tcool_math_g1_g4_康軒_翰林/grade-1/翰林/answers/P01_R01_安和國小_新北市_1年級_數學_113下_期末2_翰林_答案卷.pdf""",1,"""source_materials/tcool_math_g1_g4_康軒_翰林/_analysis/pilot/pages/G1-_-113_-_2-P01_R01_____1____113___2__/page-1.jpg""","""一、 填填看：80％（每格2分）#2""","""下面是爸爸、媽媽、弟弟、 星期日，是5月（ ）日。 妹妹四個人的生日日期， （4）安和圖書館每個月的第 （1）按照一年中的先後順序 在□裡填入 1、2、3、4。 三個星期二會舉辦「說故事」 爸爸 8月2日 活動，五月份的「說故事」活 媽媽 4 月 17 日 動是5月（ ）日。 弟弟 2 月 21 日 （5）爸爸這個月的星期五和 妹妹 7 月 30 日 星期六放假，請問爸爸五月 （2）今天是 6 月 20 日，接下 一共有（ ）天放假。 來是（ ）的生日 1""",[],null,"""needs_review""",null,"""text_layer""",false,"""text_only""","""翰林""","""G1""","""113""","""下""","""期末2""","""日期與月曆應用""","""年月日、星期與日期順序""","""運算方向、單位或題意關係判讀錯誤""","{""chapterNumber"":8,""chapterTitle"":""兩位數的加減法"",""editionFamily"":""unknown""}","[""N-1-2"",""R-1-1""]","[""n-I-2"",""r-I-1""]",[],[],"""partial""","""medium""","""章節級候選；SkillID 留空，待視覺／題意複核後才做粒度對齊。 QA 重新稽核：未找到與題幹精確一致的現有 SkillID；章節或官方碼候選不視為 direct，SkillID 已清空。""","""not_evaluable""","""include_for_type_only""","{""answerKeySource"":""source_materials/tcool_math_g1_g4_康軒_翰林/grade-1/翰林/answers/P01_R01_安和國小_新北市_1年級_數學_113下_期末2_翰林_答案卷.pdf"",""answerNote"":null,""needsImage"":false,""ocrQuality"":""text_layer"",""questionImage"":""source_materials/tcool_math_g1_g4_康軒_翰林/_analysis/pilot/pages/G1-_-113_-_2-P01_R01_____1____113___2__/page-1.jpg"",""sourcePage"":1}","{""includeDecision"":""include_for_type_only"",""notes"":""章節級候選；SkillID 留空，待視覺／題意複核後才做粒度對齊。 QA 重新稽核：未找到與題幹精確一致的現有 SkillID；章節或官方碼候選不視為 direct，SkillID 已清空。"",""publisherChapter"":{""chapterNumber"":8,""chapterTitle"":""兩位數的加減法"",""editionFamily"":""unknown""},""scopeOutlier"":""not_evaluable""}","{""answer"":null,""answer_key_source"":""source_materials/tcool_math_g1_g4_康軒_翰林/grade-1/翰林/answers/P01_R01_安和國小_新北市_1年級_數學_113下_期末2_翰林_答案卷.pdf"",""answer_status"":""needs_review"",""id"":""G1-翰林-113下-期末2-P01_R01_安和國小_新北市_1年級_數學_113下_期末2_翰林-q005"",""needs_image"":false,""ocr_quality"":""text_layer"",""original_number"":""一、 填填看：80％（每格2分）#2"",""question_image"":""source_materials/tcool_math_g1_g4_康軒_翰林/_analysis/pilot/pages/G1-_-113_-_2-P01_R01_____1____113___2__/page-1.jpg"",""raw_text"":""下面是爸爸、媽媽、弟弟、 星期日，是5月（ ）日。 妹妹四個人的生日日期， （4）安和圖書館每個月的第 （1）按照一年中的先後順序 在□裡填入 1、2、3、4。 三個星期二會舉辦「說故事」 爸爸 8月2日 活動，五月份的「說故事」活 媽媽 4 月 17 日 動是5月（ ）日。 弟弟 2 月 21 日 （5）爸爸這個月的星期五和 妹妹 7 月 30 日 星期六放假，請問爸爸五月 （2）今天是 6 月 20 日，接下 一共有（ ）天放假。 來是（ ）的生日 1"",""source_id"":""G1-翰林-113下-期末2-P01_R01_安和國小_新北市_1年級_數學_113下_期末2_翰林"",""source_page"":1}","{""alignmentStatus"":""partial"",""candidateSkillIds"":[],""common_trap"":""運算方向、單位或題意關係判讀錯誤"",""confidence"":""medium"",""core_concept"":""年月日、星期與日期順序"",""include_decision"":""include_for_type_only"",""notes"":""章節級候選；SkillID 留空，待視覺／題意複核後才做粒度對齊。 QA 重新稽核：未找到與題幹精確一致的現有 SkillID；章節或官方碼候選不視為 direct，SkillID 已清空。"",""officialContentCodes"":[""N-1-2"",""R-1-1""],""officialPerformanceCodes"":[""n-I-2"",""r-I-1""],""publisherChapter"":{""chapterNumber"":8,""chapterTitle"":""兩位數的加減法"",""editionFamily"":""unknown""},""question_id"":""G1-翰林-113下-期末2-P01_R01_安和國小_新北市_1年級_數學_113下_期末2_翰林-q005"",""question_type"":""日期與月曆應用"",""scope_outlier"":""not_evaluable"",""skillIds"":[],""source_id"":""G1-翰林-113下-期末2-P01_R01_安和國小_新北市_1年級_數學_113下_期末2_翰林""}","""first_pass"""
"""G1-翰林-113下-期末2-P01_R01_安和國小_新北市_1年級_數學_113下_期末2_翰林-q006""","""G1-翰林-113下-期末2-P01_R01_安和國小_新北市_1年級_數學_113下_期末2_翰林""","""question_group_candidate""","""not_verified_from_available_extraction""","""source_materials/tcool_math_g1_g4_康軒_翰林/grade-1/翰林/questions/P01_R01_安和國小_新北市_1年級_數學_113下_期末2_翰林_題目卷.pdf""","""source_materials/tcool_math_g1_g4_康軒_翰林/grade-1/翰林/answers/P01_R01_安和國小_新北市_1年級_數學_113下_期末2_翰林_答案卷.pdf""",2,"""source_materials/tcool_math_g1_g4_康軒_翰林/_analysis/pilot/pages/G1-_-113_-_2-P01_R01_____1____113___2__/page-2.jpg""","""未辨識題組#4""","""一年甲班票選最喜歡的卡 6.小明的錢包裡有四種錢幣 通人物。 （1）請寫出票數： 用○畫記 票數 （ㄅ） ○○○○○ （ ）票 拉布布 ○○○○○ （1）先用「正」畫記，再寫 出數量。 （ㄆ） ○○○○○ （ ）票 卡皮巴拉 ○○ （ㄇ） ○○○○○○ （ ）票 吉伊卡哇 ○○○○○○ （2）最受小朋友喜愛的卡通 人物是（ ）（填【代號】） （3）票選最多票和最少票相 （2）數量最多的錢幣是 差（ ）票。 （ ）元的錢幣 （4）每個人投一票，一年甲 （3）小明的錢包裡共有 班共有（ ）個人。 （ ）元。 （4）小明如果想買100元的小""",[],null,"""needs_review""",null,"""text_layer""",true,"""image_required""","""翰林""","""G1""","""113""","""下""","""期末2""","""錢幣與金額應用""","""數錢、湊付或找補""","""圖像／版面資訊遺失時不可憑 OCR 猜測""","{""chapterNumber"":7,""chapterTitle"":""幾月幾日星期幾"",""editionFamily"":""unknown""}","[""N-1-6""]","[""n-I-9""]",[],[],"""partial""","""medium""","""章節級候選；SkillID 留空，待視覺／題意複核後才做粒度對齊。 QA 重新稽核：未找到與題幹精確一致的現有 SkillID；章節或官方碼候選不視為 direct，SkillID 已清空。""","""not_evaluable""","""include_for_type_only""","{""answerKeySource"":""source_materials/tcool_math_g1_g4_康軒_翰林/grade-1/翰林/answers/P01_R01_安和國小_新北市_1年級_數學_113下_期末2_翰林_答案卷.pdf"",""answerNote"":null,""needsImage"":true,""ocrQuality"":""text_layer"",""questionImage"":""source_materials/tcool_math_g1_g4_康軒_翰林/_analysis/pilot/pages/G1-_-113_-_2-P01_R01_____1____113___2__/page-2.jpg"",""sourcePage"":2}","{""includeDecision"":""include_for_type_only"",""notes"":""章節級候選；SkillID 留空，待視覺／題意複核後才做粒度對齊。 QA 重新稽核：未找到與題幹精確一致的現有 SkillID；章節或官方碼候選不視為 direct，SkillID 已清空。"",""publisherChapter"":{""chapterNumber"":7,""chapterTitle"":""幾月幾日星期幾"",""editionFamily"":""unknown""},""scopeOutlier"":""not_evaluable""}","{""answer"":null,""answer_key_source"":""source_materials/tcool_math_g1_g4_康軒_翰林/grade-1/翰林/answers/P01_R01_安和國小_新北市_1年級_數學_113下_期末2_翰林_答案卷.pdf"",""answer_status"":""needs_review"",""id"":""G1-翰林-113下-期末2-P01_R01_安和國小_新北市_1年級_數學_113下_期末2_翰林-q006"",""needs_image"":true,""ocr_quality"":""text_layer"",""original_number"":""未辨識題組#4"",""question_image"":""source_materials/tcool_math_g1_g4_康軒_翰林/_analysis/pilot/pages/G1-_-113_-_2-P01_R01_____1____113___2__/page-2.jpg"",""raw_text"":""一年甲班票選最喜歡的卡 6.小明的錢包裡有四種錢幣 通人物。 （1）請寫出票數： 用○畫記 票數 （ㄅ） ○○○○○ （ ）票 拉布布 ○○○○○ （1）先用「正」畫記，再寫 出數量。 （ㄆ） ○○○○○ （ ）票 卡皮巴拉 ○○ （ㄇ） ○○○○○○ （ ）票 吉伊卡哇 ○○○○○○ （2）最受小朋友喜愛的卡通 人物是（ ）（填【代號】） （3）票選最多票和最少票相 （2）數量最多的錢幣是 差（ ）票。 （ ）元的錢幣 （4）每個人投一票，一年甲 （3）小明的錢包裡共有 班共有（ ）個人。 （ ）元。 （4）小明如果想買100元的小"",""source_id"":""G1-翰林-113下-期末2-P01_R01_安和國小_新北市_1年級_數學_113下_期末2_翰林"",""source_page"":2}","{""alignmentStatus"":""partial"",""candidateSkillIds"":[],""common_trap"":""圖像／版面資訊遺失時不可憑 OCR 猜測"",""confidence"":""medium"",""core_concept"":""數錢、湊付或找補"",""include_decision"":""include_for_type_only"",""notes"":""章節級候選；SkillID 留空，待視覺／題意複核後才做粒度對齊。 QA 重新稽核：未找到與題幹精確一致的現有 SkillID；章節或官方碼候選不視為 direct，SkillID 已清空。"",""officialContentCodes"":[""N-1-6""],""officialPerformanceCodes"":[""n-I-9""],""publisherChapter"":{""chapterNumber"":7,""chapterTitle"":""幾月幾日星期幾"",""editionFamily"":""unknown""},""question_id"":""G1-翰林-113下-期末2-P01_R01_安和國小_新北市_1年級_數學_113下_期末2_翰林-q006"",""question_type"":""錢幣與金額應用"",""scope_outlier"":""not_evaluable"",""skillIds"":[],""source_id"":""G1-翰林-113下-期末2-P01_R01_安和國小_新北市_1年級_數學_113下_期末2_翰林""}","""first_pass"""
"""G1-翰林-113下-期末2-P01_R01_安和國小_新北市_1年級_數學_113下_期末2_翰林-q007""","""G1-翰林-113下-期末2-P01_R01_安和國小_新北市_1年級_數學_113下_期末2_翰林""","""question_group_candidate""","""not_verified_from_available_extraction""","""source_materials/tcool_math_g1_g4_康軒_翰林/grade-1/翰林/questions/P01_R01_安和國小_新北市_1年級_數學_113下_期末2_翰林_題目卷.pdf""","""source_materials/tcool_math_g1_g4_康軒_翰林/grade-1/翰林/answers/P01_R01_安和國小_新北市_1年級_數學_113下_期末2_翰林_答案卷.pdf""",2,"""source_materials/tcool_math_g1_g4_康軒_翰林/_analysis/pilot/pages/G1-_-113_-_2-P01_R01_____1____113___2__/page-2.jpg""","""未辨識題組#5""","""小棠到麥噹噹用餐，錢包 汽車，需要再補（ ）元。 裡裝了以下的錢幣：""",[],null,"""needs_review""",null,"""text_layer""",false,"""text_only""","""翰林""","""G1""","""113""","""下""","""期末2""","""錢幣與金額應用""","""數錢、湊付或找補""","""運算方向、單位或題意關係判讀錯誤""",null,[],[],[],[],"""uncertain""","""low""","""未能從 OCR／文字安全推得出版社章節，不強制歸類。 QA 重新稽核：未找到與題幹精確一致的現有 SkillID；章節或官方碼候選不視為 direct，SkillID 已清空。""","""not_evaluable""","""uncertain_review""","{""answerKeySource"":""source_materials/tcool_math_g1_g4_康軒_翰林/grade-1/翰林/answers/P01_R01_安和國小_新北市_1年級_數學_113下_期末2_翰林_答案卷.pdf"",""answerNote"":null,""needsImage"":false,""ocrQuality"":""text_layer"",""questionImage"":""source_materials/tcool_math_g1_g4_康軒_翰林/_analysis/pilot/pages/G1-_-113_-_2-P01_R01_____1____113___2__/page-2.jpg"",""sourcePage"":2}","{""includeDecision"":""uncertain_review"",""notes"":""未能從 OCR／文字安全推得出版社章節，不強制歸類。 QA 重新稽核：未找到與題幹精確一致的現有 SkillID；章節或官方碼候選不視為 direct，SkillID 已清空。"",""publisherChapter"":null,""scopeOutlier"":""not_evaluable""}","{""answer"":null,""answer_key_source"":""source_materials/tcool_math_g1_g4_康軒_翰林/grade-1/翰林/answers/P01_R01_安和國小_新北市_1年級_數學_113下_期末2_翰林_答案卷.pdf"",""answer_status"":""needs_review"",""id"":""G1-翰林-113下-期末2-P01_R01_安和國小_新北市_1年級_數學_113下_期末2_翰林-q007"",""needs_image"":false,""ocr_quality"":""text_layer"",""original_number"":""未辨識題組#5"",""question_image"":""source_materials/tcool_math_g1_g4_康軒_翰林/_analysis/pilot/pages/G1-_-113_-_2-P01_R01_____1____113___2__/page-2.jpg"",""raw_text"":""小棠到麥噹噹用餐，錢包 汽車，需要再補（ ）元。 裡裝了以下的錢幣："",""source_id"":""G1-翰林-113下-期末2-P01_R01_安和國小_新北市_1年級_數學_113下_期末2_翰林"",""source_page"":2}","{""alignmentStatus"":""uncertain"",""candidateSkillIds"":[],""common_trap"":""運算方向、單位或題意關係判讀錯誤"",""confidence"":""low"",""core_concept"":""數錢、湊付或找補"",""include_decision"":""uncertain_review"",""notes"":""未能從 OCR／文字安全推得出版社章節，不強制歸類。 QA 重新稽核：未找到與題幹精確一致的現有 SkillID；章節或官方碼候選不視為 direct，SkillID 已清空。"",""officialContentCodes"":[],""officialPerformanceCodes"":[],""publisherChapter"":null,""question_id"":""G1-翰林-113下-期末2-P01_R01_安和國小_新北市_1年級_數學_113下_期末2_翰林-q007"",""question_type"":""錢幣與金額應用"",""scope_outlier"":""not_evaluable"",""skillIds"":[],""source_id"":""G1-翰林-113下-期末2-P01_R01_安和國小_新北市_1年級_數學_113下_期末2_翰林""}","""first_pass"""
"""G1-翰林-113下-期末2-P01_R01_安和國小_新北市_1年級_數學_113下_期末2_翰林-q008""","""G1-翰林-113下-期末2-P01_R01_安和國小_新北市_1年級_數學_113下_期末2_翰林""","""question_group_candidate""","""not_verified_from_available_extraction""","""source_materials/tcool_math_g1_g4_康軒_翰林/grade-1/翰林/questions/P01_R01_安和國小_新北市_1年級_數學_113下_期末2_翰林_題目卷.pdf""","""source_materials/tcool_math_g1_g4_康軒_翰林/grade-1/翰林/answers/P01_R01_安和國小_新北市_1年級_數學_113下_期末2_翰林_答案卷.pdf""",2,"""source_materials/tcool_math_g1_g4_康軒_翰林/_analysis/pilot/pages/G1-_-113_-_2-P01_R01_____1____113___2__/page-2.jpg""","""二、 算算看：20％（每題4分）#1""","""弟弟有 27 張寶可夢卡，比哥 哥少 8 張，請問哥哥有幾張寶 可夢卡？【畫○ 10 和○ 1 做做看】 小棠想買以下的餐點，小棠帶 的錢夠買的打「○」，不夠買 的打「×」： 算式： 做法： （ ）（ ） （ ）（ ） （ ）張 2""",[],null,"""needs_review""",null,"""text_layer""",true,"""image_required""","""翰林""","""G1""","""113""","""下""","""期末2""","""乘法意義或乘法應用""","""等組、倍數與乘法算式""","""圖像／版面資訊遺失時不可憑 OCR 猜測""",null,[],[],[],[],"""uncertain""","""low""","""未能從 OCR／文字安全推得出版社章節，不強制歸類。 QA 重新稽核：未找到與題幹精確一致的現有 SkillID；章節或官方碼候選不視為 direct，SkillID 已清空。""","""not_evaluable""","""uncertain_review""","{""answerKeySource"":""source_materials/tcool_math_g1_g4_康軒_翰林/grade-1/翰林/answers/P01_R01_安和國小_新北市_1年級_數學_113下_期末2_翰林_答案卷.pdf"",""answerNote"":null,""needsImage"":true,""ocrQuality"":""text_layer"",""questionImage"":""source_materials/tcool_math_g1_g4_康軒_翰林/_analysis/pilot/pages/G1-_-113_-_2-P01_R01_____1____113___2__/page-2.jpg"",""sourcePage"":2}","{""includeDecision"":""uncertain_review"",""notes"":""未能從 OCR／文字安全推得出版社章節，不強制歸類。 QA 重新稽核：未找到與題幹精確一致的現有 SkillID；章節或官方碼候選不視為 direct，SkillID 已清空。"",""publisherChapter"":null,""scopeOutlier"":""not_evaluable""}","{""answer"":null,""answer_key_source"":""source_materials/tcool_math_g1_g4_康軒_翰林/grade-1/翰林/answers/P01_R01_安和國小_新北市_1年級_數學_113下_期末2_翰林_答案卷.pdf"",""answer_status"":""needs_review"",""id"":""G1-翰林-113下-期末2-P01_R01_安和國小_新北市_1年級_數學_113下_期末2_翰林-q008"",""needs_image"":true,""ocr_quality"":""text_layer"",""original_number"":""二、 算算看：20％（每題4分）#1"",""question_image"":""source_materials/tcool_math_g1_g4_康軒_翰林/_analysis/pilot/pages/G1-_-113_-_2-P01_R01_____1____113___2__/page-2.jpg"",""raw_text"":""弟弟有 27 張寶可夢卡，比哥 哥少 8 張，請問哥哥有幾張寶 可夢卡？【畫○ 10 和○ 1 做做看】 小棠想買以下的餐點，小棠帶 的錢夠買的打「○」，不夠買 的打「×」： 算式： 做法： （ ）（ ） （ ）（ ） （ ）張 2"",""source_id"":""G1-翰林-113下-期末2-P01_R01_安和國小_新北市_1年級_數學_113下_期末2_翰林"",""source_page"":2}","{""alignmentStatus"":""uncertain"",""candidateSkillIds"":[],""common_trap"":""圖像／版面資訊遺失時不可憑 OCR 猜測"",""confidence"":""low"",""core_concept"":""等組、倍數與乘法算式"",""include_decision"":""uncertain_review"",""notes"":""未能從 OCR／文字安全推得出版社章節，不強制歸類。 QA 重新稽核：未找到與題幹精確一致的現有 SkillID；章節或官方碼候選不視為 direct，SkillID 已清空。"",""officialContentCodes"":[],""officialPerformanceCodes"":[],""publisherChapter"":null,""question_id"":""G1-翰林-113下-期末2-P01_R01_安和國小_新北市_1年級_數學_113下_期末2_翰林-q008"",""question_type"":""乘法意義或乘法應用"",""scope_outlier"":""not_evaluable"",""skillIds"":[],""source_id"":""G1-翰林-113下-期末2-P01_R01_安和國小_新北市_1年級_數學_113下_期末2_翰林""}","""first_pass"""
"""G1-翰林-113下-期末2-P01_R01_安和國小_新北市_1年級_數學_113下_期末2_翰林-q009""","""G1-翰林-113下-期末2-P01_R01_安和國小_新北市_1年級_數學_113下_期末2_翰林""","""question_group_candidate""","""not_verified_from_available_extraction""","""source_materials/tcool_math_g1_g4_康軒_翰林/grade-1/翰林/questions/P01_R01_安和國小_新北市_1年級_數學_113下_期末2_翰林_題目卷.pdf""","""source_materials/tcool_math_g1_g4_康軒_翰林/grade-1/翰林/answers/P01_R01_安和國小_新北市_1年級_數學_113下_期末2_翰林_答案卷.pdf""",3,"""source_materials/tcool_math_g1_g4_康軒_翰林/_analysis/pilot/pages/G1-_-113_-_2-P01_R01_____1____113___2__/page-3.jpg""","""未辨識題組#2""","""老師有一些貼紙，想送給 （2）軒軒如果想買 2 瓶飲 班上 26 個學生一人一張， 料，需要多少元？ 但後來發現不夠 9 張，請 【畫○ 10 和 1 ○做做看】 問老師原來有幾張貼紙？ 【 畫○ 10 和 1 ○做做看】 算式： 做法： 算式： 做法： （ ）元 （ ）張""",[],null,"""needs_review""",null,"""text_layer""",true,"""image_required""","""翰林""","""G1""","""113""","""下""","""期末2""","""錢幣與金額應用""","""數錢、湊付或找補""","""圖像／版面資訊遺失時不可憑 OCR 猜測""","{""chapterNumber"":1,""chapterTitle"":""20 以內的加法"",""editionFamily"":""unknown""}","[""N-1-2"",""R-1-1""]","[""n-I-2"",""r-I-1""]",[],[],"""partial""","""medium""","""章節級候選；SkillID 留空，待視覺／題意複核後才做粒度對齊。 QA 重新稽核：未找到與題幹精確一致的現有 SkillID；章節或官方碼候選不視為 direct，SkillID 已清空。""","""not_evaluable""","""include_for_type_only""","{""answerKeySource"":""source_materials/tcool_math_g1_g4_康軒_翰林/grade-1/翰林/answers/P01_R01_安和國小_新北市_1年級_數學_113下_期末2_翰林_答案卷.pdf"",""answerNote"":null,""needsImage"":true,""ocrQuality"":""text_layer"",""questionImage"":""source_materials/tcool_math_g1_g4_康軒_翰林/_analysis/pilot/pages/G1-_-113_-_2-P01_R01_____1____113___2__/page-3.jpg"",""sourcePage"":3}","{""includeDecision"":""include_for_type_only"",""notes"":""章節級候選；SkillID 留空，待視覺／題意複核後才做粒度對齊。 QA 重新稽核：未找到與題幹精確一致的現有 SkillID；章節或官方碼候選不視為 direct，SkillID 已清空。"",""publisherChapter"":{""chapterNumber"":1,""chapterTitle"":""20 以內的加法"",""editionFamily"":""unknown""},""scopeOutlier"":""not_evaluable""}","{""answer"":null,""answer_key_source"":""source_materials/tcool_math_g1_g4_康軒_翰林/grade-1/翰林/answers/P01_R01_安和國小_新北市_1年級_數學_113下_期末2_翰林_答案卷.pdf"",""answer_status"":""needs_review"",""id"":""G1-翰林-113下-期末2-P01_R01_安和國小_新北市_1年級_數學_113下_期末2_翰林-q009"",""needs_image"":true,""ocr_quality"":""text_layer"",""original_number"":""未辨識題組#2"",""question_image"":""source_materials/tcool_math_g1_g4_康軒_翰林/_analysis/pilot/pages/G1-_-113_-_2-P01_R01_____1____113___2__/page-3.jpg"",""raw_text"":""老師有一些貼紙，想送給 （2）軒軒如果想買 2 瓶飲 班上 26 個學生一人一張， 料，需要多少元？ 但後來發現不夠 9 張，請 【畫○ 10 和 1 ○做做看】 問老師原來有幾張貼紙？ 【 畫○ 10 和 1 ○做做看】 算式： 做法： 算式： 做法： （ ）元 （ ）張"",""source_id"":""G1-翰林-113下-期末2-P01_R01_安和國小_新北市_1年級_數學_113下_期末2_翰林"",""source_page"":3}","{""alignmentStatus"":""partial"",""candidateSkillIds"":[],""common_trap"":""圖像／版面資訊遺失時不可憑 OCR 猜測"",""confidence"":""medium"",""core_concept"":""數錢、湊付或找補"",""include_decision"":""include_for_type_only"",""notes"":""章節級候選；SkillID 留空，待視覺／題意複核後才做粒度對齊。 QA 重新稽核：未找到與題幹精確一致的現有 SkillID；章節或官方碼候選不視為 direct，SkillID 已清空。"",""officialContentCodes"":[""N-1-2"",""R-1-1""],""officialPerformanceCodes"":[""n-I-2"",""r-I-1""],""publisherChapter"":{""chapterNumber"":1,""chapterTitle"":""20 以內的加法"",""editionFamily"":""unknown""},""question_id"":""G1-翰林-113下-期末2-P01_R01_安和國小_新北市_1年級_數學_113下_期末2_翰林-q009"",""question_type"":""錢幣與金額應用"",""scope_outlier"":""not_evaluable"",""skillIds"":[],""source_id"":""G1-翰林-113下-期末2-P01_R01_安和國小_新北市_1年級_數學_113下_期末2_翰林""}","""first_pass"""
"""G1-翰林-113下-期末2-P01_R01_安和國小_新北市_1年級_數學_113下_期末2_翰林-q010""","""G1-翰林-113下-期末2-P01_R01_安和國小_新北市_1年級_數學_113下_期末2_翰林""","""question_group_candidate""","""not_verified_from_available_extraction""","""source_materials/tcool_math_g1_g4_康軒_翰林/grade-1/翰林/questions/P01_R01_安和國小_新北市_1年級_數學_113下_期末2_翰林_題目卷.pdf""","""source_materials/tcool_math_g1_g4_康軒_翰林/grade-1/翰林/answers/P01_R01_安和國小_新北市_1年級_數學_113下_期末2_翰林_答案卷.pdf""",3,"""source_materials/tcool_math_g1_g4_康軒_翰林/_analysis/pilot/pages/G1-_-113_-_2-P01_R01_____1____113___2__/page-3.jpg""","""未辨識題組#3""","""便利商店本月推出以下 （3）買一個冰淇淋比買一 四項特價商品： 包餅乾，要多付多少元？ 【畫○ 10 和 1 ○做做看】 3 算式： 做法： （1）妙妙買了一塊蛋糕後 ，身上還剩16元，請問妙妙 原有多少元？ 【 畫○ 10 和 1 ○做做看】 （ ）元 算式： 做法： （ ）元 3""",[],null,"""needs_review""",null,"""text_layer""",true,"""image_required""","""翰林""","""G1""","""113""","""下""","""期末2""","""錢幣與金額應用""","""數錢、湊付或找補""","""圖像／版面資訊遺失時不可憑 OCR 猜測""",null,[],[],[],[],"""uncertain""","""low""","""未能從 OCR／文字安全推得出版社章節，不強制歸類。 QA 重新稽核：未找到與題幹精確一致的現有 SkillID；章節或官方碼候選不視為 direct，SkillID 已清空。""","""not_evaluable""","""uncertain_review""","{""answerKeySource"":""source_materials/tcool_math_g1_g4_康軒_翰林/grade-1/翰林/answers/P01_R01_安和國小_新北市_1年級_數學_113下_期末2_翰林_答案卷.pdf"",""answerNote"":null,""needsImage"":true,""ocrQuality"":""text_layer"",""questionImage"":""source_materials/tcool_math_g1_g4_康軒_翰林/_analysis/pilot/pages/G1-_-113_-_2-P01_R01_____1____113___2__/page-3.jpg"",""sourcePage"":3}","{""includeDecision"":""uncertain_review"",""notes"":""未能從 OCR／文字安全推得出版社章節，不強制歸類。 QA 重新稽核：未找到與題幹精確一致的現有 SkillID；章節或官方碼候選不視為 direct，SkillID 已清空。"",""publisherChapter"":null,""scopeOutlier"":""not_evaluable""}","{""answer"":null,""answer_key_source"":""source_materials/tcool_math_g1_g4_康軒_翰林/grade-1/翰林/answers/P01_R01_安和國小_新北市_1年級_數學_113下_期末2_翰林_答案卷.pdf"",""answer_status"":""needs_review"",""id"":""G1-翰林-113下-期末2-P01_R01_安和國小_新北市_1年級_數學_113下_期末2_翰林-q010"",""needs_image"":true,""ocr_quality"":""text_layer"",""original_number"":""未辨識題組#3"",""question_image"":""source_materials/tcool_math_g1_g4_康軒_翰林/_analysis/pilot/pages/G1-_-113_-_2-P01_R01_____1____113___2__/page-3.jpg"",""raw_text"":""便利商店本月推出以下 （3）買一個冰淇淋比買一 四項特價商品： 包餅乾，要多付多少元？ 【畫○ 10 和 1 ○做做看】 3 算式： 做法： （1）妙妙買了一塊蛋糕後 ，身上還剩16元，請問妙妙 原有多少元？ 【 畫○ 10 和 1 ○做做看】 （ ）元 算式： 做法： （ ）元 3"",""source_id"":""G1-翰林-113下-期末2-P01_R01_安和國小_新北市_1年級_數學_113下_期末2_翰林"",""source_page"":3}","{""alignmentStatus"":""uncertain"",""candidateSkillIds"":[],""common_trap"":""圖像／版面資訊遺失時不可憑 OCR 猜測"",""confidence"":""low"",""core_concept"":""數錢、湊付或找補"",""include_decision"":""uncertain_review"",""notes"":""未能從 OCR／文字安全推得出版社章節，不強制歸類。 QA 重新稽核：未找到與題幹精確一致的現有 SkillID；章節或官方碼候選不視為 direct，SkillID 已清空。"",""officialContentCodes"":[],""officialPerformanceCodes"":[],""publisherChapter"":null,""question_id"":""G1-翰林-113下-期末2-P01_R01_安和國小_新北市_1年級_數學_113下_期末2_翰林-q010"",""question_type"":""錢幣與金額應用"",""scope_outlier"":""not_evaluable"",""skillIds"":[],""source_id"":""G1-翰林-113下-期末2-P01_R01_安和國小_新北市_1年級_數學_113下_期末2_翰林""}","""first_pass"""
"""G2-康軒-112下-期中1-P01_R10_安和國小_新北市_2年級_數學_112下_期中1_康軒-q001""","""G2-康軒-112下-期中1-P01_R10_安和國小_新北市_2年級_數學_112下_期中1_康軒""","""question_group_candidate""","""not_verified_from_available_extraction""","""source_materials/tcool_math_g1_g4_康軒_翰林/grade-2/康軒/questions/P01_R10_安和國小_新北市_2年級_數學_112下_期中1_康軒_題目卷.pdf""","""source_materials/tcool_math_g1_g4_康軒_翰林/grade-2/康軒/answers/P01_R10_安和國小_新北市_2年級_數學_112下_期中1_康軒_答案卷.pdf""",1,"""source_materials/tcool_math_g1_g4_康軒_翰林/_analysis/pilot/pages/G2-_-112_-_1-P01_R10_____2____112___1__/page-1.jpg""","""一、選擇題，每題 2 分共 14 分 7.( )以下哪一個說法不對?#1""","""( )小美有 218 元，以下哪一個 ①正三角形的三個邊都一樣長 套餐她無法選購? ①182 ②正方形和長方形都有四個角 元炸豬排②219 元部隊 ③正方形的上下兩條邊一樣長 鍋③128 元炒麵④199 元咕 ④長方形的上下兩條邊不一樣 長。 咕雞。""",[],null,"""needs_review""",null,"""text_layer""",false,"""text_only""","""康軒""","""G2""","""112""","""下""","""期中1""","""圖形性質或測量""","""平面圖形、周界／周長或面積比較""","""運算方向、單位或題意關係判讀錯誤""","{""chapterNumber"":3,""chapterTitle"":""平面圖形"",""editionFamily"":""unknown""}","[""S-2-1"",""S-2-2"",""S-2-4"",""D-2-1""]","[""s-I-1"",""n-I-7"",""d-I-1""]",[],[],"""partial""","""medium""","""章節級候選；SkillID 留空，待視覺／題意複核後才做粒度對齊。 QA 重新稽核：未找到與題幹精確一致的現有 SkillID；章節或官方碼候選不視為 direct，SkillID 已清空。""","""not_evaluable""","""include_for_type_only""","{""answerKeySource"":""source_materials/tcool_math_g1_g4_康軒_翰林/grade-2/康軒/answers/P01_R10_安和國小_新北市_2年級_數學_112下_期中1_康軒_答案卷.pdf"",""answerNote"":null,""needsImage"":false,""ocrQuality"":""text_layer"",""questionImage"":""source_materials/tcool_math_g1_g4_康軒_翰林/_analysis/pilot/pages/G2-_-112_-_1-P01_R10_____2____112___1__/page-1.jpg"",""sourcePage"":1}","{""includeDecision"":""include_for_type_only"",""notes"":""章節級候選；SkillID 留空，待視覺／題意複核後才做粒度對齊。 QA 重新稽核：未找到與題幹精確一致的現有 SkillID；章節或官方碼候選不視為 direct，SkillID 已清空。"",""publisherChapter"":{""chapterNumber"":3,""chapterTitle"":""平面圖形"",""editionFamily"":""unknown""},""scopeOutlier"":""not_evaluable""}","{""answer"":null,""answer_key_source"":""source_materials/tcool_math_g1_g4_康軒_翰林/grade-2/康軒/answers/P01_R10_安和國小_新北市_2年級_數學_112下_期中1_康軒_答案卷.pdf"",""answer_status"":""needs_review"",""id"":""G2-康軒-112下-期中1-P01_R10_安和國小_新北市_2年級_數學_112下_期中1_康軒-q001"",""needs_image"":false,""ocr_quality"":""text_layer"",""original_number"":""一、選擇題，每題 2 分共 14 分 7.( )以下哪一個說法不對?#1"",""question_image"":""source_materials/tcool_math_g1_g4_康軒_翰林/_analysis/pilot/pages/G2-_-112_-_1-P01_R10_____2____112___1__/page-1.jpg"",""raw_text"":""( )小美有 218 元，以下哪一個 ①正三角形的三個邊都一樣長 套餐她無法選購? ①182 ②正方形和長方形都有四個角 元炸豬排②219 元部隊 ③正方形的上下兩條邊一樣長 鍋③128 元炒麵④199 元咕 ④長方形的上下兩條邊不一樣 長。 咕雞。"",""source_id"":""G2-康軒-112下-期中1-P01_R10_安和國小_新北市_2年級_數學_112下_期中1_康軒"",""source_page"":1}","{""alignmentStatus"":""partial"",""candidateSkillIds"":[],""common_trap"":""運算方向、單位或題意關係判讀錯誤"",""confidence"":""medium"",""core_concept"":""平面圖形、周界／周長或面積比較"",""include_decision"":""include_for_type_only"",""notes"":""章節級候選；SkillID 留空，待視覺／題意複核後才做粒度對齊。 QA 重新稽核：未找到與題幹精確一致的現有 SkillID；章節或官方碼候選不視為 direct，SkillID 已清空。"",""officialContentCodes"":[""S-2-1"",""S-2-2"",""S-2-4"",""D-2-1""],""officialPerformanceCodes"":[""s-I-1"",""n-I-7"",""d-I-1""],""publisherChapter"":{""chapterNumber"":3,""chapterTitle"":""平面圖形"",""editionFamily"":""unknown""},""question_id"":""G2-康軒-112下-期中1-P01_R10_安和國小_新北市_2年級_數學_112下_期中1_康軒-q001"",""question_type"":""圖形性質或測量"",""scope_outlier"":""not_evaluable"",""skillIds"":[],""source_id"":""G2-康軒-112下-期中1-P01_R10_安和國小_新北市_2年級_數學_112下_期中1_康軒""}","""first_pass"""
"""G2-康軒-112下-期中1-P01_R10_安和國小_新北市_2年級_數學_112下_期中1_康軒-q002""","""G2-康軒-112下-期中1-P01_R10_安和國小_新北市_2年級_數學_112下_期中1_康軒""","""question_group_candidate""","""not_verified_from_available_extraction""","""source_materials/tcool_math_g1_g4_康軒_翰林/grade-2/康軒/questions/P01_R10_安和國小_新北市_2年級_數學_112下_期中1_康軒_題目卷.pdf""","""source_materials/tcool_math_g1_g4_康軒_翰林/grade-2/康軒/answers/P01_R10_安和國小_新北市_2年級_數學_112下_期中1_康軒_答案卷.pdf""",1,"""source_materials/tcool_math_g1_g4_康軒_翰林/_analysis/pilot/pages/G2-_-112_-_1-P01_R10_____2____112___1__/page-1.jpg""","""二、填充題: 1~2 題每答 1 分其餘每答 2 分共 46 分。#2""","""( )大雄有 228 元，每個月他可以""",[],null,"""needs_review""",null,"""text_layer""",false,"""text_only""","""康軒""","""G2""","""112""","""下""","""期中1""","""錢幣與金額應用""","""數錢、湊付或找補""","""運算方向、單位或題意關係判讀錯誤""",null,[],[],[],[],"""uncertain""","""low""","""未能從 OCR／文字安全推得出版社章節，不強制歸類。 QA 重新稽核：未找到與題幹精確一致的現有 SkillID；章節或官方碼候選不視為 direct，SkillID 已清空。""","""not_evaluable""","""uncertain_review""","{""answerKeySource"":""source_materials/tcool_math_g1_g4_康軒_翰林/grade-2/康軒/answers/P01_R10_安和國小_新北市_2年級_數學_112下_期中1_康軒_答案卷.pdf"",""answerNote"":null,""needsImage"":false,""ocrQuality"":""text_layer"",""questionImage"":""source_materials/tcool_math_g1_g4_康軒_翰林/_analysis/pilot/pages/G2-_-112_-_1-P01_R10_____2____112___1__/page-1.jpg"",""sourcePage"":1}","{""includeDecision"":""uncertain_review"",""notes"":""未能從 OCR／文字安全推得出版社章節，不強制歸類。 QA 重新稽核：未找到與題幹精確一致的現有 SkillID；章節或官方碼候選不視為 direct，SkillID 已清空。"",""publisherChapter"":null,""scopeOutlier"":""not_evaluable""}","{""answer"":null,""answer_key_source"":""source_materials/tcool_math_g1_g4_康軒_翰林/grade-2/康軒/answers/P01_R10_安和國小_新北市_2年級_數學_112下_期中1_康軒_答案卷.pdf"",""answer_status"":""needs_review"",""id"":""G2-康軒-112下-期中1-P01_R10_安和國小_新北市_2年級_數學_112下_期中1_康軒-q002"",""needs_image"":false,""ocr_quality"":""text_layer"",""original_number"":""二、填充題: 1~2 題每答 1 分其餘每答 2 分共 46 分。#2"",""question_image"":""source_materials/tcool_math_g1_g4_康軒_翰林/_analysis/pilot/pages/G2-_-112_-_1-P01_R10_____2____112___1__/page-1.jpg"",""raw_text"":""( )大雄有 228 元，每個月他可以"",""source_id"":""G2-康軒-112下-期中1-P01_R10_安和國小_新北市_2年級_數學_112下_期中1_康軒"",""source_page"":1}","{""alignmentStatus"":""uncertain"",""candidateSkillIds"":[],""common_trap"":""運算方向、單位或題意關係判讀錯誤"",""confidence"":""low"",""core_concept"":""數錢、湊付或找補"",""include_decision"":""uncertain_review"",""notes"":""未能從 OCR／文字安全推得出版社章節，不強制歸類。 QA 重新稽核：未找到與題幹精確一致的現有 SkillID；章節或官方碼候選不視為 direct，SkillID 已清空。"",""officialContentCodes"":[],""officialPerformanceCodes"":[],""publisherChapter"":null,""question_id"":""G2-康軒-112下-期中1-P01_R10_安和國小_新北市_2年級_數學_112下_期中1_康軒-q002"",""question_type"":""錢幣與金額應用"",""scope_outlier"":""not_evaluable"",""skillIds"":[],""source_id"":""G2-康軒-112下-期中1-P01_R10_安和國小_新北市_2年級_數學_112下_期中1_康軒""}","""first_pass"""
"""G2-康軒-112下-期中1-P01_R10_安和國小_新北市_2年級_數學_112下_期中1_康軒-q003""","""G2-康軒-112下-期中1-P01_R10_安和國小_新北市_2年級_數學_112下_期中1_康軒""","""question_group_candidate""","""not_verified_from_available_extraction""","""source_materials/tcool_math_g1_g4_康軒_翰林/grade-2/康軒/questions/P01_R10_安和國小_新北市_2年級_數學_112下_期中1_康軒_題目卷.pdf""","""source_materials/tcool_math_g1_g4_康軒_翰林/grade-2/康軒/answers/P01_R10_安和國小_新北市_2年級_數學_112下_期中1_康軒_答案卷.pdf""",1,"""source_materials/tcool_math_g1_g4_康軒_翰林/_analysis/pilot/pages/G2-_-112_-_1-P01_R10_____2____112___1__/page-1.jpg""","""二、填充題: 1~2 題每答 1 分其餘每答 2 分共 46 分。#1""","""按照順序填填看 存 100 元，最少要存幾個月 ①665-765-( )-( ) 才有 1000 元?①7 個月②8 個月 ③9 個月④10 個月。 ②910-900-( )-( )-870""",[],null,"""needs_review""",null,"""text_layer""",false,"""text_only""","""康軒""","""G2""","""112""","""下""","""期中1""","""乘法意義或乘法應用""","""等組、倍數與乘法算式""","""運算方向、單位或題意關係判讀錯誤""","{""chapterNumber"":5,""chapterTitle"":""乘法"",""editionFamily"":""unknown""}","[""N-2-6"",""N-2-7"",""R-2-3""]","[""n-I-4"",""r-I-2""]",[],[],"""partial""","""medium""","""章節級候選；SkillID 留空，待視覺／題意複核後才做粒度對齊。 QA 重新稽核：未找到與題幹精確一致的現有 SkillID；章節或官方碼候選不視為 direct，SkillID 已清空。""","""not_evaluable""","""include_for_type_only""","{""answerKeySource"":""source_materials/tcool_math_g1_g4_康軒_翰林/grade-2/康軒/answers/P01_R10_安和國小_新北市_2年級_數學_112下_期中1_康軒_答案卷.pdf"",""answerNote"":null,""needsImage"":false,""ocrQuality"":""text_layer"",""questionImage"":""source_materials/tcool_math_g1_g4_康軒_翰林/_analysis/pilot/pages/G2-_-112_-_1-P01_R10_____2____112___1__/page-1.jpg"",""sourcePage"":1}","{""includeDecision"":""include_for_type_only"",""notes"":""章節級候選；SkillID 留空，待視覺／題意複核後才做粒度對齊。 QA 重新稽核：未找到與題幹精確一致的現有 SkillID；章節或官方碼候選不視為 direct，SkillID 已清空。"",""publisherChapter"":{""chapterNumber"":5,""chapterTitle"":""乘法"",""editionFamily"":""unknown""},""scopeOutlier"":""not_evaluable""}","{""answer"":null,""answer_key_source"":""source_materials/tcool_math_g1_g4_康軒_翰林/grade-2/康軒/answers/P01_R10_安和國小_新北市_2年級_數學_112下_期中1_康軒_答案卷.pdf"",""answer_status"":""needs_review"",""id"":""G2-康軒-112下-期中1-P01_R10_安和國小_新北市_2年級_數學_112下_期中1_康軒-q003"",""needs_image"":false,""ocr_quality"":""text_layer"",""original_number"":""二、填充題: 1~2 題每答 1 分其餘每答 2 分共 46 分。#1"",""question_image"":""source_materials/tcool_math_g1_g4_康軒_翰林/_analysis/pilot/pages/G2-_-112_-_1-P01_R10_____2____112___1__/page-1.jpg"",""raw_text"":""按照順序填填看 存 100 元，最少要存幾個月 ①665-765-( )-( ) 才有 1000 元?①7 個月②8 個月 ③9 個月④10 個月。 ②910-900-( )-( )-870"",""source_id"":""G2-康軒-112下-期中1-P01_R10_安和國小_新北市_2年級_數學_112下_期中1_康軒"",""source_page"":1}","{""alignmentStatus"":""partial"",""candidateSkillIds"":[],""common_trap"":""運算方向、單位或題意關係判讀錯誤"",""confidence"":""medium"",""core_concept"":""等組、倍數與乘法算式"",""include_decision"":""include_for_type_only"",""notes"":""章節級候選；SkillID 留空，待視覺／題意複核後才做粒度對齊。 QA 重新稽核：未找到與題幹精確一致的現有 SkillID；章節或官方碼候選不視為 direct，SkillID 已清空。"",""officialContentCodes"":[""N-2-6"",""N-2-7"",""R-2-3""],""officialPerformanceCodes"":[""n-I-4"",""r-I-2""],""publisherChapter"":{""chapterNumber"":5,""chapterTitle"":""乘法"",""editionFamily"":""unknown""},""question_id"":""G2-康軒-112下-期中1-P01_R10_安和國小_新北市_2年級_數學_112下_期中1_康軒-q003"",""question_type"":""乘法意義或乘法應用"",""scope_outlier"":""not_evaluable"",""skillIds"":[],""source_id"":""G2-康軒-112下-期中1-P01_R10_安和國小_新北市_2年級_數學_112下_期中1_康軒""}","""first_pass"""
"""G2-康軒-112下-期中1-P01_R10_安和國小_新北市_2年級_數學_112下_期中1_康軒-q004""","""G2-康軒-112下-期中1-P01_R10_安和國小_新北市_2年級_數學_112下_期中1_康軒""","""question_group_candidate""","""not_verified_from_available_extraction""","""source_materials/tcool_math_g1_g4_康軒_翰林/grade-2/康軒/questions/P01_R10_安和國小_新北市_2年級_數學_112下_期中1_康軒_題目卷.pdf""","""source_materials/tcool_math_g1_g4_康軒_翰林/grade-2/康軒/answers/P01_R10_安和國小_新北市_2年級_數學_112下_期中1_康軒_答案卷.pdf""",1,"""source_materials/tcool_math_g1_g4_康軒_翰林/_analysis/pilot/pages/G2-_-112_-_1-P01_R10_____2____112___1__/page-1.jpg""","""二、填充題: 1~2 題每答 1 分其餘每答 2 分共 46 分。#3""","""( )以下是 4 個好朋友的生日，請 問今年誰第一個過生日?①小 2.答案大約是多少，在□裡打√ 愛 8 月 2 日②美月 4 月 4 日③ ①707-598 ②610+99 □300 □200 □100 □600 □700 □800 有為 8 月 13 日④明風 2 月 29 日""",[],null,"""needs_review""",null,"""text_layer""",false,"""text_only""","""康軒""","""G2""","""112""","""下""","""期中1""","""文字計算／概念判斷""","""需人工複核""","""運算方向、單位或題意關係判讀錯誤""","{""chapterNumber"":4,""chapterTitle"":""年、月、日"",""editionFamily"":""unknown""}","[""N-2-14""]","[""n-I-9""]",[],[],"""partial""","""medium""","""章節級候選；SkillID 留空，待視覺／題意複核後才做粒度對齊。 QA 重新稽核：未找到與題幹精確一致的現有 SkillID；章節或官方碼候選不視為 direct，SkillID 已清空。""","""not_evaluable""","""include_for_type_only""","{""answerKeySource"":""source_materials/tcool_math_g1_g4_康軒_翰林/grade-2/康軒/answers/P01_R10_安和國小_新北市_2年級_數學_112下_期中1_康軒_答案卷.pdf"",""answerNote"":null,""needsImage"":false,""ocrQuality"":""text_layer"",""questionImage"":""source_materials/tcool_math_g1_g4_康軒_翰林/_analysis/pilot/pages/G2-_-112_-_1-P01_R10_____2____112___1__/page-1.jpg"",""sourcePage"":1}","{""includeDecision"":""include_for_type_only"",""notes"":""章節級候選；SkillID 留空，待視覺／題意複核後才做粒度對齊。 QA 重新稽核：未找到與題幹精確一致的現有 SkillID；章節或官方碼候選不視為 direct，SkillID 已清空。"",""publisherChapter"":{""chapterNumber"":4,""chapterTitle"":""年、月、日"",""editionFamily"":""unknown""},""scopeOutlier"":""not_evaluable""}","{""answer"":null,""answer_key_source"":""source_materials/tcool_math_g1_g4_康軒_翰林/grade-2/康軒/answers/P01_R10_安和國小_新北市_2年級_數學_112下_期中1_康軒_答案卷.pdf"",""answer_status"":""needs_review"",""id"":""G2-康軒-112下-期中1-P01_R10_安和國小_新北市_2年級_數學_112下_期中1_康軒-q004"",""needs_image"":false,""ocr_quality"":""text_layer"",""original_number"":""二、填充題: 1~2 題每答 1 分其餘每答 2 分共 46 分。#3"",""question_image"":""source_materials/tcool_math_g1_g4_康軒_翰林/_analysis/pilot/pages/G2-_-112_-_1-P01_R10_____2____112___1__/page-1.jpg"",""raw_text"":""( )以下是 4 個好朋友的生日，請 問今年誰第一個過生日?①小 2.答案大約是多少，在□裡打√ 愛 8 月 2 日②美月 4 月 4 日③ ①707-598 ②610+99 □300 □200 □100 □600 □700 □800 有為 8 月 13 日④明風 2 月 29 日"",""source_id"":""G2-康軒-112下-期中1-P01_R10_安和國小_新北市_2年級_數學_112下_期中1_康軒"",""source_page"":1}","{""alignmentStatus"":""partial"",""candidateSkillIds"":[],""common_trap"":""運算方向、單位或題意關係判讀錯誤"",""confidence"":""medium"",""core_concept"":""需人工複核"",""include_decision"":""include_for_type_only"",""notes"":""章節級候選；SkillID 留空，待視覺／題意複核後才做粒度對齊。 QA 重新稽核：未找到與題幹精確一致的現有 SkillID；章節或官方碼候選不視為 direct，SkillID 已清空。"",""officialContentCodes"":[""N-2-14""],""officialPerformanceCodes"":[""n-I-9""],""publisherChapter"":{""chapterNumber"":4,""chapterTitle"":""年、月、日"",""editionFamily"":""unknown""},""question_id"":""G2-康軒-112下-期中1-P01_R10_安和國小_新北市_2年級_數學_112下_期中1_康軒-q004"",""question_type"":""文字計算／概念判斷"",""scope_outlier"":""not_evaluable"",""skillIds"":[],""source_id"":""G2-康軒-112下-期中1-P01_R10_安和國小_新北市_2年級_數學_112下_期中1_康軒""}","""first_pass"""
"""G2-康軒-112下-期中1-P01_R10_安和國小_新北市_2年級_數學_112下_期中1_康軒-q005""","""G2-康軒-112下-期中1-P01_R10_安和國小_新北市_2年級_數學_112下_期中1_康軒""","""question_group_candidate""","""not_verified_from_available_extraction""","""source_materials/tcool_math_g1_g4_康軒_翰林/grade-2/康軒/questions/P01_R10_安和國小_新北市_2年級_數學_112下_期中1_康軒_題目卷.pdf""","""source_materials/tcool_math_g1_g4_康軒_翰林/grade-2/康軒/answers/P01_R10_安和國小_新北市_2年級_數學_112下_期中1_康軒_答案卷.pdf""",1,"""source_materials/tcool_math_g1_g4_康軒_翰林/_analysis/pilot/pages/G2-_-112_-_1-P01_R10_____2____112___1__/page-1.jpg""","""二、填充題: 1~2 題每答 1 分其餘每答 2 分共 46 分。#4""","""( )以下哪一個說法不對?①一個 星期有七天。②一個月大約有 3.用數字卡 4 7 0 6 3 排排看。 四個星期。③這個星期三到下個 最大的三位數字是( )； 星期三剛好是一星期。④5 月 7 日到 5 月 13 日也是一個星期。 最小的三位數字是( )。""",[],null,"""needs_review""",null,"""text_layer""",false,"""text_only""","""康軒""","""G2""","""112""","""下""","""期中1""","""日期與月曆應用""","""年月日、星期與日期順序""","""運算方向、單位或題意關係判讀錯誤""","{""chapterNumber"":4,""chapterTitle"":""年、月、日"",""editionFamily"":""unknown""}","[""N-2-14""]","[""n-I-9""]",[],[],"""partial""","""medium""","""章節級候選；SkillID 留空，待視覺／題意複核後才做粒度對齊。 QA 重新稽核：未找到與題幹精確一致的現有 SkillID；章節或官方碼候選不視為 direct，SkillID 已清空。""","""not_evaluable""","""include_for_type_only""","{""answerKeySource"":""source_materials/tcool_math_g1_g4_康軒_翰林/grade-2/康軒/answers/P01_R10_安和國小_新北市_2年級_數學_112下_期中1_康軒_答案卷.pdf"",""answerNote"":null,""needsImage"":false,""ocrQuality"":""text_layer"",""questionImage"":""source_materials/tcool_math_g1_g4_康軒_翰林/_analysis/pilot/pages/G2-_-112_-_1-P01_R10_____2____112___1__/page-1.jpg"",""sourcePage"":1}","{""includeDecision"":""include_for_type_only"",""notes"":""章節級候選；SkillID 留空，待視覺／題意複核後才做粒度對齊。 QA 重新稽核：未找到與題幹精確一致的現有 SkillID；章節或官方碼候選不視為 direct，SkillID 已清空。"",""publisherChapter"":{""chapterNumber"":4,""chapterTitle"":""年、月、日"",""editionFamily"":""unknown""},""scopeOutlier"":""not_evaluable""}","{""answer"":null,""answer_key_source"":""source_materials/tcool_math_g1_g4_康軒_翰林/grade-2/康軒/answers/P01_R10_安和國小_新北市_2年級_數學_112下_期中1_康軒_答案卷.pdf"",""answer_status"":""needs_review"",""id"":""G2-康軒-112下-期中1-P01_R10_安和國小_新北市_2年級_數學_112下_期中1_康軒-q005"",""needs_image"":false,""ocr_quality"":""text_layer"",""original_number"":""二、填充題: 1~2 題每答 1 分其餘每答 2 分共 46 分。#4"",""question_image"":""source_materials/tcool_math_g1_g4_康軒_翰林/_analysis/pilot/pages/G2-_-112_-_1-P01_R10_____2____112___1__/page-1.jpg"",""raw_text"":""( )以下哪一個說法不對?①一個 星期有七天。②一個月大約有 3.用數字卡 4 7 0 6 3 排排看。 四個星期。③這個星期三到下個 最大的三位數字是( )； 星期三剛好是一星期。④5 月 7 日到 5 月 13 日也是一個星期。 最小的三位數字是( )。"",""source_id"":""G2-康軒-112下-期中1-P01_R10_安和國小_新北市_2年級_數學_112下_期中1_康軒"",""source_page"":1}","{""alignmentStatus"":""partial"",""candidateSkillIds"":[],""common_trap"":""運算方向、單位或題意關係判讀錯誤"",""confidence"":""medium"",""core_concept"":""年月日、星期與日期順序"",""include_decision"":""include_for_type_only"",""notes"":""章節級候選；SkillID 留空，待視覺／題意複核後才做粒度對齊。 QA 重新稽核：未找到與題幹精確一致的現有 SkillID；章節或官方碼候選不視為 direct，SkillID 已清空。"",""officialContentCodes"":[""N-2-14""],""officialPerformanceCodes"":[""n-I-9""],""publisherChapter"":{""chapterNumber"":4,""chapterTitle"":""年、月、日"",""editionFamily"":""unknown""},""question_id"":""G2-康軒-112下-期中1-P01_R10_安和國小_新北市_2年級_數學_112下_期中1_康軒-q005"",""question_type"":""日期與月曆應用"",""scope_outlier"":""not_evaluable"",""skillIds"":[],""source_id"":""G2-康軒-112下-期中1-P01_R10_安和國小_新北市_2年級_數學_112下_期中1_康軒""}","""first_pass"""
"""G2-康軒-112下-期中1-P01_R10_安和國小_新北市_2年級_數學_112下_期中1_康軒-q006""","""G2-康軒-112下-期中1-P01_R10_安和國小_新北市_2年級_數學_112下_期中1_康軒""","""question_group_candidate""","""not_verified_from_available_extraction""","""source_materials/tcool_math_g1_g4_康軒_翰林/grade-2/康軒/questions/P01_R10_安和國小_新北市_2年級_數學_112下_期中1_康軒_題目卷.pdf""","""source_materials/tcool_math_g1_g4_康軒_翰林/grade-2/康軒/answers/P01_R10_安和國小_新北市_2年級_數學_112下_期中1_康軒_答案卷.pdf""",1,"""source_materials/tcool_math_g1_g4_康軒_翰林/_analysis/pilot/pages/G2-_-112_-_1-P01_R10_____2____112___1__/page-1.jpg""","""二、填充題: 1~2 題每答 1 分其餘每答 2 分共 46 分。#5""","""( )以下是電器行對售出的電""",[],null,"""needs_review""",null,"""text_layer""",false,"""text_only""","""康軒""","""G2""","""112""","""下""","""期中1""","""文字計算／概念判斷""","""需人工複核""","""運算方向、單位或題意關係判讀錯誤""",null,[],[],[],[],"""uncertain""","""low""","""未能從 OCR／文字安全推得出版社章節，不強制歸類。 QA 重新稽核：未找到與題幹精確一致的現有 SkillID；章節或官方碼候選不視為 direct，SkillID 已清空。""","""not_evaluable""","""uncertain_review""","{""answerKeySource"":""source_materials/tcool_math_g1_g4_康軒_翰林/grade-2/康軒/answers/P01_R10_安和國小_新北市_2年級_數學_112下_期中1_康軒_答案卷.pdf"",""answerNote"":null,""needsImage"":false,""ocrQuality"":""text_layer"",""questionImage"":""source_materials/tcool_math_g1_g4_康軒_翰林/_analysis/pilot/pages/G2-_-112_-_1-P01_R10_____2____112___1__/page-1.jpg"",""sourcePage"":1}","{""includeDecision"":""uncertain_review"",""notes"":""未能從 OCR／文字安全推得出版社章節，不強制歸類。 QA 重新稽核：未找到與題幹精確一致的現有 SkillID；章節或官方碼候選不視為 direct，SkillID 已清空。"",""publisherChapter"":null,""scopeOutlier"":""not_evaluable""}","{""answer"":null,""answer_key_source"":""source_materials/tcool_math_g1_g4_康軒_翰林/grade-2/康軒/answers/P01_R10_安和國小_新北市_2年級_數學_112下_期中1_康軒_答案卷.pdf"",""answer_status"":""needs_review"",""id"":""G2-康軒-112下-期中1-P01_R10_安和國小_新北市_2年級_數學_112下_期中1_康軒-q006"",""needs_image"":false,""ocr_quality"":""text_layer"",""original_number"":""二、填充題: 1~2 題每答 1 分其餘每答 2 分共 46 分。#5"",""question_image"":""source_materials/tcool_math_g1_g4_康軒_翰林/_analysis/pilot/pages/G2-_-112_-_1-P01_R10_____2____112___1__/page-1.jpg"",""raw_text"":""( )以下是電器行對售出的電"",""source_id"":""G2-康軒-112下-期中1-P01_R10_安和國小_新北市_2年級_數學_112下_期中1_康軒"",""source_page"":1}","{""alignmentStatus"":""uncertain"",""candidateSkillIds"":[],""common_trap"":""運算方向、單位或題意關係判讀錯誤"",""confidence"":""low"",""core_concept"":""需人工複核"",""include_decision"":""uncertain_review"",""notes"":""未能從 OCR／文字安全推得出版社章節，不強制歸類。 QA 重新稽核：未找到與題幹精確一致的現有 SkillID；章節或官方碼候選不視為 direct，SkillID 已清空。"",""officialContentCodes"":[],""officialPerformanceCodes"":[],""publisherChapter"":null,""question_id"":""G2-康軒-112下-期中1-P01_R10_安和國小_新北市_2年級_數學_112下_期中1_康軒-q006"",""question_type"":""文字計算／概念判斷"",""scope_outlier"":""not_evaluable"",""skillIds"":[],""source_id"":""G2-康軒-112下-期中1-P01_R10_安和國小_新北市_2年級_數學_112下_期中1_康軒""}","""first_pass"""
"""G2-康軒-112下-期中1-P01_R10_安和國小_新北市_2年級_數學_112下_期中1_康軒-q007""","""G2-康軒-112下-期中1-P01_R10_安和國小_新北市_2年級_數學_112下_期中1_康軒""","""question_group_candidate""","""not_verified_from_available_extraction""","""source_materials/tcool_math_g1_g4_康軒_翰林/grade-2/康軒/questions/P01_R10_安和國小_新北市_2年級_數學_112下_期中1_康軒_題目卷.pdf""","""source_materials/tcool_math_g1_g4_康軒_翰林/grade-2/康軒/answers/P01_R10_安和國小_新北市_2年級_數學_112下_期中1_康軒_答案卷.pdf""",1,"""source_materials/tcool_math_g1_g4_康軒_翰林/_analysis/pilot/pages/G2-_-112_-_1-P01_R10_____2____112___1__/page-1.jpg""","""二、填充題: 1~2 題每答 1 分其餘每答 2 分共 46 分。#4""","""一盒蘋果有 10 顆，十盒裝成一 器提供的保固期限，請 箱。店裡有 870 顆蘋果，可以裝成 問哪一個期限最長?①熱水 ( )箱又( )盒。今天賣掉 3 箱， 瓶:1 年②相機:16 個月③電 還剩( )顆。 視:24 個月④冷氣:3 年。""",[],null,"""needs_review""",null,"""text_layer""",false,"""text_only""","""康軒""","""G2""","""112""","""下""","""期中1""","""文字計算／概念判斷""","""需人工複核""","""運算方向、單位或題意關係判讀錯誤""",null,[],[],[],[],"""uncertain""","""low""","""未能從 OCR／文字安全推得出版社章節，不強制歸類。 QA 重新稽核：未找到與題幹精確一致的現有 SkillID；章節或官方碼候選不視為 direct，SkillID 已清空。""","""not_evaluable""","""uncertain_review""","{""answerKeySource"":""source_materials/tcool_math_g1_g4_康軒_翰林/grade-2/康軒/answers/P01_R10_安和國小_新北市_2年級_數學_112下_期中1_康軒_答案卷.pdf"",""answerNote"":null,""needsImage"":false,""ocrQuality"":""text_layer"",""questionImage"":""source_materials/tcool_math_g1_g4_康軒_翰林/_analysis/pilot/pages/G2-_-112_-_1-P01_R10_____2____112___1__/page-1.jpg"",""sourcePage"":1}","{""includeDecision"":""uncertain_review"",""notes"":""未能從 OCR／文字安全推得出版社章節，不強制歸類。 QA 重新稽核：未找到與題幹精確一致的現有 SkillID；章節或官方碼候選不視為 direct，SkillID 已清空。"",""publisherChapter"":null,""scopeOutlier"":""not_evaluable""}","{""answer"":null,""answer_key_source"":""source_materials/tcool_math_g1_g4_康軒_翰林/grade-2/康軒/answers/P01_R10_安和國小_新北市_2年級_數學_112下_期中1_康軒_答案卷.pdf"",""answer_status"":""needs_review"",""id"":""G2-康軒-112下-期中1-P01_R10_安和國小_新北市_2年級_數學_112下_期中1_康軒-q007"",""needs_image"":false,""ocr_quality"":""text_layer"",""original_number"":""二、填充題: 1~2 題每答 1 分其餘每答 2 分共 46 分。#4"",""question_image"":""source_materials/tcool_math_g1_g4_康軒_翰林/_analysis/pilot/pages/G2-_-112_-_1-P01_R10_____2____112___1__/page-1.jpg"",""raw_text"":""一盒蘋果有 10 顆，十盒裝成一 器提供的保固期限，請 箱。店裡有 870 顆蘋果，可以裝成 問哪一個期限最長?①熱水 ( )箱又( )盒。今天賣掉 3 箱， 瓶:1 年②相機:16 個月③電 還剩( )顆。 視:24 個月④冷氣:3 年。"",""source_id"":""G2-康軒-112下-期中1-P01_R10_安和國小_新北市_2年級_數學_112下_期中1_康軒"",""source_page"":1}","{""alignmentStatus"":""uncertain"",""candidateSkillIds"":[],""common_trap"":""運算方向、單位或題意關係判讀錯誤"",""confidence"":""low"",""core_concept"":""需人工複核"",""include_decision"":""uncertain_review"",""notes"":""未能從 OCR／文字安全推得出版社章節，不強制歸類。 QA 重新稽核：未找到與題幹精確一致的現有 SkillID；章節或官方碼候選不視為 direct，SkillID 已清空。"",""officialContentCodes"":[],""officialPerformanceCodes"":[],""publisherChapter"":null,""question_id"":""G2-康軒-112下-期中1-P01_R10_安和國小_新北市_2年級_數學_112下_期中1_康軒-q007"",""question_type"":""文字計算／概念判斷"",""scope_outlier"":""not_evaluable"",""skillIds"":[],""source_id"":""G2-康軒-112下-期中1-P01_R10_安和國小_新北市_2年級_數學_112下_期中1_康軒""}","""first_pass"""
"""G2-康軒-112下-期中1-P01_R10_安和國小_新北市_2年級_數學_112下_期中1_康軒-q008""","""G2-康軒-112下-期中1-P01_R10_安和國小_新北市_2年級_數學_112下_期中1_康軒""","""question_group_candidate""","""not_verified_from_available_extraction""","""source_materials/tcool_math_g1_g4_康軒_翰林/grade-2/康軒/questions/P01_R10_安和國小_新北市_2年級_數學_112下_期中1_康軒_題目卷.pdf""","""source_materials/tcool_math_g1_g4_康軒_翰林/grade-2/康軒/answers/P01_R10_安和國小_新北市_2年級_數學_112下_期中1_康軒_答案卷.pdf""",1,"""source_materials/tcool_math_g1_g4_康軒_翰林/_analysis/pilot/pages/G2-_-112_-_1-P01_R10_____2____112___1__/page-1.jpg""","""二、填充題: 1~2 題每答 1 分其餘每答 2 分共 46 分。#5""","""比一比，填入>、<或=""",[],null,"""needs_review""",null,"""text_layer""",false,"""text_only""","""康軒""","""G2""","""112""","""下""","""期中1""","""文字計算／概念判斷""","""需人工複核""","""運算方向、單位或題意關係判讀錯誤""",null,[],[],[],[],"""uncertain""","""low""","""未能從 OCR／文字安全推得出版社章節，不強制歸類。 QA 重新稽核：未找到與題幹精確一致的現有 SkillID；章節或官方碼候選不視為 direct，SkillID 已清空。""","""not_evaluable""","""uncertain_review""","{""answerKeySource"":""source_materials/tcool_math_g1_g4_康軒_翰林/grade-2/康軒/answers/P01_R10_安和國小_新北市_2年級_數學_112下_期中1_康軒_答案卷.pdf"",""answerNote"":null,""needsImage"":false,""ocrQuality"":""text_layer"",""questionImage"":""source_materials/tcool_math_g1_g4_康軒_翰林/_analysis/pilot/pages/G2-_-112_-_1-P01_R10_____2____112___1__/page-1.jpg"",""sourcePage"":1}","{""includeDecision"":""uncertain_review"",""notes"":""未能從 OCR／文字安全推得出版社章節，不強制歸類。 QA 重新稽核：未找到與題幹精確一致的現有 SkillID；章節或官方碼候選不視為 direct，SkillID 已清空。"",""publisherChapter"":null,""scopeOutlier"":""not_evaluable""}","{""answer"":null,""answer_key_source"":""source_materials/tcool_math_g1_g4_康軒_翰林/grade-2/康軒/answers/P01_R10_安和國小_新北市_2年級_數學_112下_期中1_康軒_答案卷.pdf"",""answer_status"":""needs_review"",""id"":""G2-康軒-112下-期中1-P01_R10_安和國小_新北市_2年級_數學_112下_期中1_康軒-q008"",""needs_image"":false,""ocr_quality"":""text_layer"",""original_number"":""二、填充題: 1~2 題每答 1 分其餘每答 2 分共 46 分。#5"",""question_image"":""source_materials/tcool_math_g1_g4_康軒_翰林/_analysis/pilot/pages/G2-_-112_-_1-P01_R10_____2____112___1__/page-1.jpg"",""raw_text"":""比一比，填入>、<或="",""source_id"":""G2-康軒-112下-期中1-P01_R10_安和國小_新北市_2年級_數學_112下_期中1_康軒"",""source_page"":1}","{""alignmentStatus"":""uncertain"",""candidateSkillIds"":[],""common_trap"":""運算方向、單位或題意關係判讀錯誤"",""confidence"":""low"",""core_concept"":""需人工複核"",""include_decision"":""uncertain_review"",""notes"":""未能從 OCR／文字安全推得出版社章節，不強制歸類。 QA 重新稽核：未找到與題幹精確一致的現有 SkillID；章節或官方碼候選不視為 direct，SkillID 已清空。"",""officialContentCodes"":[],""officialPerformanceCodes"":[],""publisherChapter"":null,""question_id"":""G2-康軒-112下-期中1-P01_R10_安和國小_新北市_2年級_數學_112下_期中1_康軒-q008"",""question_type"":""文字計算／概念判斷"",""scope_outlier"":""not_evaluable"",""skillIds"":[],""source_id"":""G2-康軒-112下-期中1-P01_R10_安和國小_新北市_2年級_數學_112下_期中1_康軒""}","""first_pass"""
"""G2-康軒-112下-期中1-P01_R10_安和國小_新北市_2年級_數學_112下_期中1_康軒-q009""","""G2-康軒-112下-期中1-P01_R10_安和國小_新北市_2年級_數學_112下_期中1_康軒""","""question_group_candidate""","""not_verified_from_available_extraction""","""source_materials/tcool_math_g1_g4_康軒_翰林/grade-2/康軒/questions/P01_R10_安和國小_新北市_2年級_數學_112下_期中1_康軒_題目卷.pdf""","""source_materials/tcool_math_g1_g4_康軒_翰林/grade-2/康軒/answers/P01_R10_安和國小_新北市_2年級_數學_112下_期中1_康軒_答案卷.pdf""",1,"""source_materials/tcool_math_g1_g4_康軒_翰林/_analysis/pilot/pages/G2-_-112_-_1-P01_R10_____2____112___1__/page-1.jpg""","""二、填充題: 1~2 題每答 1 分其餘每答 2 分共 46 分。#6""","""( )以下年月日的說法，哪一個才 ①408 ( )4 個百 18 個一 對?①小月都有 30 天②天數最 少的月份是 2 月③大月都有 30 ②5 個百 6 個十 13 個 1( )5 個百 7 個十 天④2 月有 28 天的那一年是閏 ③4╳6 ( ) 8╳6 年。 ④6╳9 ( ) 9╳6 第1 頁""",[],null,"""needs_review""",null,"""text_layer""",false,"""text_only""","""康軒""","""G2""","""112""","""下""","""期中1""","""乘法意義或乘法應用""","""等組、倍數與乘法算式""","""運算方向、單位或題意關係判讀錯誤""","{""chapterNumber"":4,""chapterTitle"":""年、月、日"",""editionFamily"":""unknown""}","[""N-2-14""]","[""n-I-9""]",[],[],"""partial""","""medium""","""章節級候選；SkillID 留空，待視覺／題意複核後才做粒度對齊。 QA 重新稽核：未找到與題幹精確一致的現有 SkillID；章節或官方碼候選不視為 direct，SkillID 已清空。""","""not_evaluable""","""include_for_type_only""","{""answerKeySource"":""source_materials/tcool_math_g1_g4_康軒_翰林/grade-2/康軒/answers/P01_R10_安和國小_新北市_2年級_數學_112下_期中1_康軒_答案卷.pdf"",""answerNote"":null,""needsImage"":false,""ocrQuality"":""text_layer"",""questionImage"":""source_materials/tcool_math_g1_g4_康軒_翰林/_analysis/pilot/pages/G2-_-112_-_1-P01_R10_____2____112___1__/page-1.jpg"",""sourcePage"":1}","{""includeDecision"":""include_for_type_only"",""notes"":""章節級候選；SkillID 留空，待視覺／題意複核後才做粒度對齊。 QA 重新稽核：未找到與題幹精確一致的現有 SkillID；章節或官方碼候選不視為 direct，SkillID 已清空。"",""publisherChapter"":{""chapterNumber"":4,""chapterTitle"":""年、月、日"",""editionFamily"":""unknown""},""scopeOutlier"":""not_evaluable""}","{""answer"":null,""answer_key_source"":""source_materials/tcool_math_g1_g4_康軒_翰林/grade-2/康軒/answers/P01_R10_安和國小_新北市_2年級_數學_112下_期中1_康軒_答案卷.pdf"",""answer_status"":""needs_review"",""id"":""G2-康軒-112下-期中1-P01_R10_安和國小_新北市_2年級_數學_112下_期中1_康軒-q009"",""needs_image"":false,""ocr_quality"":""text_layer"",""original_number"":""二、填充題: 1~2 題每答 1 分其餘每答 2 分共 46 分。#6"",""question_image"":""source_materials/tcool_math_g1_g4_康軒_翰林/_analysis/pilot/pages/G2-_-112_-_1-P01_R10_____2____112___1__/page-1.jpg"",""raw_text"":""( )以下年月日的說法，哪一個才 ①408 ( )4 個百 18 個一 對?①小月都有 30 天②天數最 少的月份是 2 月③大月都有 30 ②5 個百 6 個十 13 個 1( )5 個百 7 個十 天④2 月有 28 天的那一年是閏 ③4╳6 ( ) 8╳6 年。 ④6╳9 ( ) 9╳6 第1 頁"",""source_id"":""G2-康軒-112下-期中1-P01_R10_安和國小_新北市_2年級_數學_112下_期中1_康軒"",""source_page"":1}","{""alignmentStatus"":""partial"",""candidateSkillIds"":[],""common_trap"":""運算方向、單位或題意關係判讀錯誤"",""confidence"":""medium"",""core_concept"":""等組、倍數與乘法算式"",""include_decision"":""include_for_type_only"",""notes"":""章節級候選；SkillID 留空，待視覺／題意複核後才做粒度對齊。 QA 重新稽核：未找到與題幹精確一致的現有 SkillID；章節或官方碼候選不視為 direct，SkillID 已清空。"",""officialContentCodes"":[""N-2-14""],""officialPerformanceCodes"":[""n-I-9""],""publisherChapter"":{""chapterNumber"":4,""chapterTitle"":""年、月、日"",""editionFamily"":""unknown""},""question_id"":""G2-康軒-112下-期中1-P01_R10_安和國小_新北市_2年級_數學_112下_期中1_康軒-q009"",""question_type"":""乘法意義或乘法應用"",""scope_outlier"":""not_evaluable"",""skillIds"":[],""source_id"":""G2-康軒-112下-期中1-P01_R10_安和國小_新北市_2年級_數學_112下_期中1_康軒""}","""first_pass"""
"""G2-康軒-112下-期中1-P01_R10_安和國小_新北市_2年級_數學_112下_期中1_康軒-q010""","""G2-康軒-112下-期中1-P01_R10_安和國小_新北市_2年級_數學_112下_期中1_康軒""","""question_group_candidate""","""not_verified_from_available_extraction""","""source_materials/tcool_math_g1_g4_康軒_翰林/grade-2/康軒/questions/P01_R10_安和國小_新北市_2年級_數學_112下_期中1_康軒_題目卷.pdf""","""source_materials/tcool_math_g1_g4_康軒_翰林/grade-2/康軒/answers/P01_R10_安和國小_新北市_2年級_數學_112下_期中1_康軒_答案卷.pdf""",2,"""source_materials/tcool_math_g1_g4_康軒_翰林/_analysis/pilot/pages/G2-_-112_-_1-P01_R10_____2____112___1__/page-2.jpg""","""未辨識題組#6""","""根據月曆，想一想，再答題 三、做做看:9 分，每題 3 分 日 一 二 三 四 五 六 大雄和小夫下個月計畫幫靜香慶 3月 1 2 3 4 5 6 7 8 9 10 11 12 13 生。商店販賣的甜點價目表， 14 15 16 17 18 19 20 21 22 23 24 25 26 27 如下: 28 29 30 31 4 吋 蛋糕 480 元/個 ①美術館從 3 月 12 日起，展開 熔岩巧克力 380 元/盒 手工餅乾 185 元/盒 10 天的水彩畫展覽，最後一天是 3 月( )日。 ②媽媽 3 月 16 日到日本出差 1 個星 1.大雄有 500 元。請問他至少還要 期，最後一天是 3 月( )日，回國 存幾百元，才能買一個蛋糕和一 後想去看水彩畫展覽，請問她來得 盒手工餅乾?(先估估看，再算) 及或來不及呢?答:( ) ③查看上表 4 月 1 日是爸爸的生 答 : 日，那一天是星期( )""",[],null,"""needs_review""",null,"""text_layer""",true,"""image_required""","""康軒""","""G2""","""112""","""下""","""期中1""","""日期與月曆應用""","""年月日、星期與日期順序""","""圖像／版面資訊遺失時不可憑 OCR 猜測""","{""chapterNumber"":4,""chapterTitle"":""年、月、日"",""editionFamily"":""unknown""}","[""N-2-14""]","[""n-I-9""]",[],[],"""partial""","""medium""","""章節級候選；SkillID 留空，待視覺／題意複核後才做粒度對齊。 QA 重新稽核：未找到與題幹精確一致的現有 SkillID；章節或官方碼候選不視為 direct，SkillID 已清空。""","""not_evaluable""","""include_for_type_only""","{""answerKeySource"":""source_materials/tcool_math_g1_g4_康軒_翰林/grade-2/康軒/answers/P01_R10_安和國小_新北市_2年級_數學_112下_期中1_康軒_答案卷.pdf"",""answerNote"":null,""needsImage"":true,""ocrQuality"":""text_layer"",""questionImage"":""source_materials/tcool_math_g1_g4_康軒_翰林/_analysis/pilot/pages/G2-_-112_-_1-P01_R10_____2____112___1__/page-2.jpg"",""sourcePage"":2}","{""includeDecision"":""include_for_type_only"",""notes"":""章節級候選；SkillID 留空，待視覺／題意複核後才做粒度對齊。 QA 重新稽核：未找到與題幹精確一致的現有 SkillID；章節或官方碼候選不視為 direct，SkillID 已清空。"",""publisherChapter"":{""chapterNumber"":4,""chapterTitle"":""年、月、日"",""editionFamily"":""unknown""},""scopeOutlier"":""not_evaluable""}","{""answer"":null,""answer_key_source"":""source_materials/tcool_math_g1_g4_康軒_翰林/grade-2/康軒/answers/P01_R10_安和國小_新北市_2年級_數學_112下_期中1_康軒_答案卷.pdf"",""answer_status"":""needs_review"",""id"":""G2-康軒-112下-期中1-P01_R10_安和國小_新北市_2年級_數學_112下_期中1_康軒-q010"",""needs_image"":true,""ocr_quality"":""text_layer"",""original_number"":""未辨識題組#6"",""question_image"":""source_materials/tcool_math_g1_g4_康軒_翰林/_analysis/pilot/pages/G2-_-112_-_1-P01_R10_____2____112___1__/page-2.jpg"",""raw_text"":""根據月曆，想一想，再答題 三、做做看:9 分，每題 3 分 日 一 二 三 四 五 六 大雄和小夫下個月計畫幫靜香慶 3月 1 2 3 4 5 6 7 8 9 10 11 12 13 生。商店販賣的甜點價目表， 14 15 16 17 18 19 20 21 22 23 24 25 26 27 如下: 28 29 30 31 4 吋 蛋糕 480 元/個 ①美術館從 3 月 12 日起，展開 熔岩巧克力 380 元/盒 手工餅乾 185 元/盒 10 天的水彩畫展覽，最後一天是 3 月( )日。 ②媽媽 3 月 16 日到日本出差 1 個星 1.大雄有 500 元。請問他至少還要 期，最後一天是 3 月( )日，回國 存幾百元，才能買一個蛋糕和一 後想去看水彩畫展覽，請問她來得 盒手工餅乾?(先估估看，再算) 及或來不及呢?答:( ) ③查看上表 4 月 1 日是爸爸的生 答 : 日，那一天是星期( )"",""source_id"":""G2-康軒-112下-期中1-P01_R10_安和國小_新北市_2年級_數學_112下_期中1_康軒"",""source_page"":2}","{""alignmentStatus"":""partial"",""candidateSkillIds"":[],""common_trap"":""圖像／版面資訊遺失時不可憑 OCR 猜測"",""confidence"":""medium"",""core_concept"":""年月日、星期與日期順序"",""include_decision"":""include_for_type_only"",""notes"":""章節級候選；SkillID 留空，待視覺／題意複核後才做粒度對齊。 QA 重新稽核：未找到與題幹精確一致的現有 SkillID；章節或官方碼候選不視為 direct，SkillID 已清空。"",""officialContentCodes"":[""N-2-14""],""officialPerformanceCodes"":[""n-I-9""],""publisherChapter"":{""chapterNumber"":4,""chapterTitle"":""年、月、日"",""editionFamily"":""unknown""},""question_id"":""G2-康軒-112下-期中1-P01_R10_安和國小_新北市_2年級_數學_112下_期中1_康軒-q010"",""question_type"":""日期與月曆應用"",""scope_outlier"":""not_evaluable"",""skillIds"":[],""source_id"":""G2-康軒-112下-期中1-P01_R10_安和國小_新北市_2年級_數學_112下_期中1_康軒""}","""first_pass"""
"""G2-康軒-112下-期中1-P01_R10_安和國小_新北市_2年級_數學_112下_期中1_康軒-q011""","""G2-康軒-112下-期中1-P01_R10_安和國小_新北市_2年級_數學_112下_期中1_康軒""","""question_group_candidate""","""not_verified_from_available_extraction""","""source_materials/tcool_math_g1_g4_康軒_翰林/grade-2/康軒/questions/P01_R10_安和國小_新北市_2年級_數學_112下_期中1_康軒_題目卷.pdf""","""source_materials/tcool_math_g1_g4_康軒_翰林/grade-2/康軒/answers/P01_R10_安和國小_新北市_2年級_數學_112下_期中1_康軒_答案卷.pdf""",2,"""source_materials/tcool_math_g1_g4_康軒_翰林/_analysis/pilot/pages/G2-_-112_-_1-P01_R10_____2____112___1__/page-2.jpg""","""未辨識題組#2""","""請你算出小夫的錢包裡有幾元?""",[],null,"""needs_review""",null,"""text_layer""",false,"""text_only""","""康軒""","""G2""","""112""","""下""","""期中1""","""錢幣與金額應用""","""數錢、湊付或找補""","""運算方向、單位或題意關係判讀錯誤""",null,[],[],[],[],"""uncertain""","""low""","""未能從 OCR／文字安全推得出版社章節，不強制歸類。 QA 重新稽核：未找到與題幹精確一致的現有 SkillID；章節或官方碼候選不視為 direct，SkillID 已清空。""","""not_evaluable""","""uncertain_review""","{""answerKeySource"":""source_materials/tcool_math_g1_g4_康軒_翰林/grade-2/康軒/answers/P01_R10_安和國小_新北市_2年級_數學_112下_期中1_康軒_答案卷.pdf"",""answerNote"":null,""needsImage"":false,""ocrQuality"":""text_layer"",""questionImage"":""source_materials/tcool_math_g1_g4_康軒_翰林/_analysis/pilot/pages/G2-_-112_-_1-P01_R10_____2____112___1__/page-2.jpg"",""sourcePage"":2}","{""includeDecision"":""uncertain_review"",""notes"":""未能從 OCR／文字安全推得出版社章節，不強制歸類。 QA 重新稽核：未找到與題幹精確一致的現有 SkillID；章節或官方碼候選不視為 direct，SkillID 已清空。"",""publisherChapter"":null,""scopeOutlier"":""not_evaluable""}","{""answer"":null,""answer_key_source"":""source_materials/tcool_math_g1_g4_康軒_翰林/grade-2/康軒/answers/P01_R10_安和國小_新北市_2年級_數學_112下_期中1_康軒_答案卷.pdf"",""answer_status"":""needs_review"",""id"":""G2-康軒-112下-期中1-P01_R10_安和國小_新北市_2年級_數學_112下_期中1_康軒-q011"",""needs_image"":false,""ocr_quality"":""text_layer"",""original_number"":""未辨識題組#2"",""question_image"":""source_materials/tcool_math_g1_g4_康軒_翰林/_analysis/pilot/pages/G2-_-112_-_1-P01_R10_____2____112___1__/page-2.jpg"",""raw_text"":""請你算出小夫的錢包裡有幾元?"",""source_id"":""G2-康軒-112下-期中1-P01_R10_安和國小_新北市_2年級_數學_112下_期中1_康軒"",""source_page"":2}","{""alignmentStatus"":""uncertain"",""candidateSkillIds"":[],""common_trap"":""運算方向、單位或題意關係判讀錯誤"",""confidence"":""low"",""core_concept"":""數錢、湊付或找補"",""include_decision"":""uncertain_review"",""notes"":""未能從 OCR／文字安全推得出版社章節，不強制歸類。 QA 重新稽核：未找到與題幹精確一致的現有 SkillID；章節或官方碼候選不視為 direct，SkillID 已清空。"",""officialContentCodes"":[],""officialPerformanceCodes"":[],""publisherChapter"":null,""question_id"":""G2-康軒-112下-期中1-P01_R10_安和國小_新北市_2年級_數學_112下_期中1_康軒-q011"",""question_type"":""錢幣與金額應用"",""scope_outlier"":""not_evaluable"",""skillIds"":[],""source_id"":""G2-康軒-112下-期中1-P01_R10_安和國小_新北市_2年級_數學_112下_期中1_康軒""}","""first_pass"""
"""G2-康軒-112下-期中1-P01_R10_安和國小_新北市_2年級_數學_112下_期中1_康軒-q012""","""G2-康軒-112下-期中1-P01_R10_安和國小_新北市_2年級_數學_112下_期中1_康軒""","""question_group_candidate""","""not_verified_from_available_extraction""","""source_materials/tcool_math_g1_g4_康軒_翰林/grade-2/康軒/questions/P01_R10_安和國小_新北市_2年級_數學_112下_期中1_康軒_題目卷.pdf""","""source_materials/tcool_math_g1_g4_康軒_翰林/grade-2/康軒/answers/P01_R10_安和國小_新北市_2年級_數學_112下_期中1_康軒_答案卷.pdf""",2,"""source_materials/tcool_math_g1_g4_康軒_翰林/_analysis/pilot/pages/G2-_-112_-_1-P01_R10_____2____112___1__/page-2.jpg""","""未辨識題組#7""","""看圖填入.頂點、邊或角 ( ) ( ) ( ) 答 : 元""",[],null,"""needs_review""",null,"""text_layer""",true,"""image_required""","""康軒""","""G2""","""112""","""下""","""期中1""","""圖形性質或測量""","""平面圖形、周界／周長或面積比較""","""圖像／版面資訊遺失時不可憑 OCR 猜測""","{""chapterNumber"":3,""chapterTitle"":""平面圖形"",""editionFamily"":""unknown""}","[""S-2-1"",""S-2-2"",""S-2-4"",""D-2-1""]","[""s-I-1"",""n-I-7"",""d-I-1""]",[],[],"""partial""","""medium""","""章節級候選；SkillID 留空，待視覺／題意複核後才做粒度對齊。 QA 重新稽核：未找到與題幹精確一致的現有 SkillID；章節或官方碼候選不視為 direct，SkillID 已清空。""","""not_evaluable""","""include_for_type_only""","{""answerKeySource"":""source_materials/tcool_math_g1_g4_康軒_翰林/grade-2/康軒/answers/P01_R10_安和國小_新北市_2年級_數學_112下_期中1_康軒_答案卷.pdf"",""answerNote"":null,""needsImage"":true,""ocrQuality"":""text_layer"",""questionImage"":""source_materials/tcool_math_g1_g4_康軒_翰林/_analysis/pilot/pages/G2-_-112_-_1-P01_R10_____2____112___1__/page-2.jpg"",""sourcePage"":2}","{""includeDecision"":""include_for_type_only"",""notes"":""章節級候選；SkillID 留空，待視覺／題意複核後才做粒度對齊。 QA 重新稽核：未找到與題幹精確一致的現有 SkillID；章節或官方碼候選不視為 direct，SkillID 已清空。"",""publisherChapter"":{""chapterNumber"":3,""chapterTitle"":""平面圖形"",""editionFamily"":""unknown""},""scopeOutlier"":""not_evaluable""}","{""answer"":null,""answer_key_source"":""source_materials/tcool_math_g1_g4_康軒_翰林/grade-2/康軒/answers/P01_R10_安和國小_新北市_2年級_數學_112下_期中1_康軒_答案卷.pdf"",""answer_status"":""needs_review"",""id"":""G2-康軒-112下-期中1-P01_R10_安和國小_新北市_2年級_數學_112下_期中1_康軒-q012"",""needs_image"":true,""ocr_quality"":""text_layer"",""original_number"":""未辨識題組#7"",""question_image"":""source_materials/tcool_math_g1_g4_康軒_翰林/_analysis/pilot/pages/G2-_-112_-_1-P01_R10_____2____112___1__/page-2.jpg"",""raw_text"":""看圖填入.頂點、邊或角 ( ) ( ) ( ) 答 : 元"",""source_id"":""G2-康軒-112下-期中1-P01_R10_安和國小_新北市_2年級_數學_112下_期中1_康軒"",""source_page"":2}","{""alignmentStatus"":""partial"",""candidateSkillIds"":[],""common_trap"":""圖像／版面資訊遺失時不可憑 OCR 猜測"",""confidence"":""medium"",""core_concept"":""平面圖形、周界／周長或面積比較"",""include_decision"":""include_for_type_only"",""notes"":""章節級候選；SkillID 留空，待視覺／題意複核後才做粒度對齊。 QA 重新稽核：未找到與題幹精確一致的現有 SkillID；章節或官方碼候選不視為 direct，SkillID 已清空。"",""officialContentCodes"":[""S-2-1"",""S-2-2"",""S-2-4"",""D-2-1""],""officialPerformanceCodes"":[""s-I-1"",""n-I-7"",""d-I-1""],""publisherChapter"":{""chapterNumber"":3,""chapterTitle"":""平面圖形"",""editionFamily"":""unknown""},""question_id"":""G2-康軒-112下-期中1-P01_R10_安和國小_新北市_2年級_數學_112下_期中1_康軒-q012"",""question_type"":""圖形性質或測量"",""scope_outlier"":""not_evaluable"",""skillIds"":[],""source_id"":""G2-康軒-112下-期中1-P01_R10_安和國小_新北市_2年級_數學_112下_期中1_康軒""}","""first_pass"""
"""G2-康軒-112下-期中1-P01_R10_安和國小_新北市_2年級_數學_112下_期中1_康軒-q013""","""G2-康軒-112下-期中1-P01_R10_安和國小_新北市_2年級_數學_112下_期中1_康軒""","""question_group_candidate""","""not_verified_from_available_extraction""","""source_materials/tcool_math_g1_g4_康軒_翰林/grade-2/康軒/questions/P01_R10_安和國小_新北市_2年級_數學_112下_期中1_康軒_題目卷.pdf""","""source_materials/tcool_math_g1_g4_康軒_翰林/grade-2/康軒/answers/P01_R10_安和國小_新北市_2年級_數學_112下_期中1_康軒_答案卷.pdf""",2,"""source_materials/tcool_math_g1_g4_康軒_翰林/_analysis/pilot/pages/G2-_-112_-_1-P01_R10_____2____112___1__/page-2.jpg""","""未辨識題組#8""","""看圖回答: 3.如果小夫想買一盒 380 元的熔岩 6 公分 6 公分 巧克力，他會剩下幾元? (請你 色筆/旋轉蠟筆/螢光筆 6 公分 6 公分 在上圖中圈出 380 元，再算小夫 或彩虹筆都可以。 6 公分 剩多少元) ①用色筆描出上圖的周界。 圈選 2 分，作答 1 分 ②上圖是由( )形和( ) 形合成的。 答: 剩下 元 ③上圖的周長是( )公分。 還有一頁，請耐心完成! 第2 頁""",[],null,"""needs_review""",null,"""text_layer""",true,"""image_required""","""康軒""","""G2""","""112""","""下""","""期中1""","""圖形性質或測量""","""平面圖形、周界／周長或面積比較""","""圖像／版面資訊遺失時不可憑 OCR 猜測""","{""chapterNumber"":3,""chapterTitle"":""平面圖形"",""editionFamily"":""unknown""}","[""S-2-1"",""S-2-2"",""S-2-4"",""D-2-1""]","[""s-I-1"",""n-I-7"",""d-I-1""]",[],[],"""partial""","""medium""","""章節級候選；SkillID 留空，待視覺／題意複核後才做粒度對齊。 QA 重新稽核：未找到與題幹精確一致的現有 SkillID；章節或官方碼候選不視為 direct，SkillID 已清空。""","""not_evaluable""","""include_for_type_only""","{""answerKeySource"":""source_materials/tcool_math_g1_g4_康軒_翰林/grade-2/康軒/answers/P01_R10_安和國小_新北市_2年級_數學_112下_期中1_康軒_答案卷.pdf"",""answerNote"":null,""needsImage"":true,""ocrQuality"":""text_layer"",""questionImage"":""source_materials/tcool_math_g1_g4_康軒_翰林/_analysis/pilot/pages/G2-_-112_-_1-P01_R10_____2____112___1__/page-2.jpg"",""sourcePage"":2}","{""includeDecision"":""include_for_type_only"",""notes"":""章節級候選；SkillID 留空，待視覺／題意複核後才做粒度對齊。 QA 重新稽核：未找到與題幹精確一致的現有 SkillID；章節或官方碼候選不視為 direct，SkillID 已清空。"",""publisherChapter"":{""chapterNumber"":3,""chapterTitle"":""平面圖形"",""editionFamily"":""unknown""},""scopeOutlier"":""not_evaluable""}","{""answer"":null,""answer_key_source"":""source_materials/tcool_math_g1_g4_康軒_翰林/grade-2/康軒/answers/P01_R10_安和國小_新北市_2年級_數學_112下_期中1_康軒_答案卷.pdf"",""answer_status"":""needs_review"",""id"":""G2-康軒-112下-期中1-P01_R10_安和國小_新北市_2年級_數學_112下_期中1_康軒-q013"",""needs_image"":true,""ocr_quality"":""text_layer"",""original_number"":""未辨識題組#8"",""question_image"":""source_materials/tcool_math_g1_g4_康軒_翰林/_analysis/pilot/pages/G2-_-112_-_1-P01_R10_____2____112___1__/page-2.jpg"",""raw_text"":""看圖回答: 3.如果小夫想買一盒 380 元的熔岩 6 公分 6 公分 巧克力，他會剩下幾元? (請你 色筆/旋轉蠟筆/螢光筆 6 公分 6 公分 在上圖中圈出 380 元，再算小夫 或彩虹筆都可以。 6 公分 剩多少元) ①用色筆描出上圖的周界。 圈選 2 分，作答 1 分 ②上圖是由( )形和( ) 形合成的。 答: 剩下 元 ③上圖的周長是( )公分。 還有一頁，請耐心完成! 第2 頁"",""source_id"":""G2-康軒-112下-期中1-P01_R10_安和國小_新北市_2年級_數學_112下_期中1_康軒"",""source_page"":2}","{""alignmentStatus"":""partial"",""candidateSkillIds"":[],""common_trap"":""圖像／版面資訊遺失時不可憑 OCR 猜測"",""confidence"":""medium"",""core_concept"":""平面圖形、周界／周長或面積比較"",""include_decision"":""include_for_type_only"",""notes"":""章節級候選；SkillID 留空，待視覺／題意複核後才做粒度對齊。 QA 重新稽核：未找到與題幹精確一致的現有 SkillID；章節或官方碼候選不視為 direct，SkillID 已清空。"",""officialContentCodes"":[""S-2-1"",""S-2-2"",""S-2-4"",""D-2-1""],""officialPerformanceCodes"":[""s-I-1"",""n-I-7"",""d-I-1""],""publisherChapter"":{""chapterNumber"":3,""chapterTitle"":""平面圖形"",""editionFamily"":""unknown""},""question_id"":""G2-康軒-112下-期中1-P01_R10_安和國小_新北市_2年級_數學_112下_期中1_康軒-q013"",""question_type"":""圖形性質或測量"",""scope_outlier"":""not_evaluable"",""skillIds"":[],""source_id"":""G2-康軒-112下-期中1-P01_R10_安和國小_新北市_2年級_數學_112下_期中1_康軒""}","""first_pass"""
"""G2-康軒-112下-期中1-P01_R10_安和國小_新北市_2年級_數學_112下_期中1_康軒-q014""","""G2-康軒-112下-期中1-P01_R10_安和國小_新北市_2年級_數學_112下_期中1_康軒""","""question_group_candidate""","""not_verified_from_available_extraction""","""source_materials/tcool_math_g1_g4_康軒_翰林/grade-2/康軒/questions/P01_R10_安和國小_新北市_2年級_數學_112下_期中1_康軒_題目卷.pdf""","""source_materials/tcool_math_g1_g4_康軒_翰林/grade-2/康軒/answers/P01_R10_安和國小_新北市_2年級_數學_112下_期中1_康軒_答案卷.pdf""",3,"""source_materials/tcool_math_g1_g4_康軒_翰林/_analysis/pilot/pages/G2-_-112_-_1-P01_R10_____2____112___1__/page-3.jpg""","""四、寫出直式算算看:#1""","""17+287=( )""",[],null,"""needs_review""",null,"""text_layer""",false,"""text_only""","""康軒""","""G2""","""112""","""下""","""期中1""","""文字計算／概念判斷""","""需人工複核""","""運算方向、單位或題意關係判讀錯誤""",null,[],[],[],[],"""uncertain""","""low""","""未能從 OCR／文字安全推得出版社章節，不強制歸類。 QA 重新稽核：未找到與題幹精確一致的現有 SkillID；章節或官方碼候選不視為 direct，SkillID 已清空。""","""not_evaluable""","""uncertain_review""","{""answerKeySource"":""source_materials/tcool_math_g1_g4_康軒_翰林/grade-2/康軒/answers/P01_R10_安和國小_新北市_2年級_數學_112下_期中1_康軒_答案卷.pdf"",""answerNote"":null,""needsImage"":false,""ocrQuality"":""text_layer"",""questionImage"":""source_materials/tcool_math_g1_g4_康軒_翰林/_analysis/pilot/pages/G2-_-112_-_1-P01_R10_____2____112___1__/page-3.jpg"",""sourcePage"":3}","{""includeDecision"":""uncertain_review"",""notes"":""未能從 OCR／文字安全推得出版社章節，不強制歸類。 QA 重新稽核：未找到與題幹精確一致的現有 SkillID；章節或官方碼候選不視為 direct，SkillID 已清空。"",""publisherChapter"":null,""scopeOutlier"":""not_evaluable""}","{""answer"":null,""answer_key_source"":""source_materials/tcool_math_g1_g4_康軒_翰林/grade-2/康軒/answers/P01_R10_安和國小_新北市_2年級_數學_112下_期中1_康軒_答案卷.pdf"",""answer_status"":""needs_review"",""id"":""G2-康軒-112下-期中1-P01_R10_安和國小_新北市_2年級_數學_112下_期中1_康軒-q014"",""needs_image"":false,""ocr_quality"":""text_layer"",""original_number"":""四、寫出直式算算看:#1"",""question_image"":""source_materials/tcool_math_g1_g4_康軒_翰林/_analysis/pilot/pages/G2-_-112_-_1-P01_R10_____2____112___1__/page-3.jpg"",""raw_text"":""17+287=( )"",""source_id"":""G2-康軒-112下-期中1-P01_R10_安和國小_新北市_2年級_數學_112下_期中1_康軒"",""source_page"":3}","{""alignmentStatus"":""uncertain"",""candidateSkillIds"":[],""common_trap"":""運算方向、單位或題意關係判讀錯誤"",""confidence"":""low"",""core_concept"":""需人工複核"",""include_decision"":""uncertain_review"",""notes"":""未能從 OCR／文字安全推得出版社章節，不強制歸類。 QA 重新稽核：未找到與題幹精確一致的現有 SkillID；章節或官方碼候選不視為 direct，SkillID 已清空。"",""officialContentCodes"":[],""officialPerformanceCodes"":[],""publisherChapter"":null,""question_id"":""G2-康軒-112下-期中1-P01_R10_安和國小_新北市_2年級_數學_112下_期中1_康軒-q014"",""question_type"":""文字計算／概念判斷"",""scope_outlier"":""not_evaluable"",""skillIds"":[],""source_id"":""G2-康軒-112下-期中1-P01_R10_安和國小_新北市_2年級_數學_112下_期中1_康軒""}","""first_pass"""
"""G2-康軒-112下-期中1-P01_R10_安和國小_新北市_2年級_數學_112下_期中1_康軒-q015""","""G2-康軒-112下-期中1-P01_R10_安和國小_新北市_2年級_數學_112下_期中1_康軒""","""question_group_candidate""","""not_verified_from_available_extraction""","""source_materials/tcool_math_g1_g4_康軒_翰林/grade-2/康軒/questions/P01_R10_安和國小_新北市_2年級_數學_112下_期中1_康軒_題目卷.pdf""","""source_materials/tcool_math_g1_g4_康軒_翰林/grade-2/康軒/answers/P01_R10_安和國小_新北市_2年級_數學_112下_期中1_康軒_答案卷.pdf""",3,"""source_materials/tcool_math_g1_g4_康軒_翰林/_analysis/pilot/pages/G2-_-112_-_1-P01_R10_____2____112___1__/page-3.jpg""","""四、寫出直式算算看:#4""","""園遊會裡丟水球。每顆丟在圓 內的水球可以獲得 2 支棒棒 糖；丟在周界上可獲得 1 支""",[],null,"""needs_review""",null,"""text_layer""",false,"""text_only""","""康軒""","""G2""","""112""","""下""","""期中1""","""圖形性質或測量""","""平面圖形、周界／周長或面積比較""","""運算方向、單位或題意關係判讀錯誤""","{""chapterNumber"":3,""chapterTitle"":""平面圖形"",""editionFamily"":""unknown""}","[""S-2-1"",""S-2-2"",""S-2-4"",""D-2-1""]","[""s-I-1"",""n-I-7"",""d-I-1""]",[],[],"""partial""","""medium""","""章節級候選；SkillID 留空，待視覺／題意複核後才做粒度對齊。 QA 重新稽核：未找到與題幹精確一致的現有 SkillID；章節或官方碼候選不視為 direct，SkillID 已清空。""","""not_evaluable""","""include_for_type_only""","{""answerKeySource"":""source_materials/tcool_math_g1_g4_康軒_翰林/grade-2/康軒/answers/P01_R10_安和國小_新北市_2年級_數學_112下_期中1_康軒_答案卷.pdf"",""answerNote"":null,""needsImage"":false,""ocrQuality"":""text_layer"",""questionImage"":""source_materials/tcool_math_g1_g4_康軒_翰林/_analysis/pilot/pages/G2-_-112_-_1-P01_R10_____2____112___1__/page-3.jpg"",""sourcePage"":3}","{""includeDecision"":""include_for_type_only"",""notes"":""章節級候選；SkillID 留空，待視覺／題意複核後才做粒度對齊。 QA 重新稽核：未找到與題幹精確一致的現有 SkillID；章節或官方碼候選不視為 direct，SkillID 已清空。"",""publisherChapter"":{""chapterNumber"":3,""chapterTitle"":""平面圖形"",""editionFamily"":""unknown""},""scopeOutlier"":""not_evaluable""}","{""answer"":null,""answer_key_source"":""source_materials/tcool_math_g1_g4_康軒_翰林/grade-2/康軒/answers/P01_R10_安和國小_新北市_2年級_數學_112下_期中1_康軒_答案卷.pdf"",""answer_status"":""needs_review"",""id"":""G2-康軒-112下-期中1-P01_R10_安和國小_新北市_2年級_數學_112下_期中1_康軒-q015"",""needs_image"":false,""ocr_quality"":""text_layer"",""original_number"":""四、寫出直式算算看:#4"",""question_image"":""source_materials/tcool_math_g1_g4_康軒_翰林/_analysis/pilot/pages/G2-_-112_-_1-P01_R10_____2____112___1__/page-3.jpg"",""raw_text"":""園遊會裡丟水球。每顆丟在圓 內的水球可以獲得 2 支棒棒 糖；丟在周界上可獲得 1 支"",""source_id"":""G2-康軒-112下-期中1-P01_R10_安和國小_新北市_2年級_數學_112下_期中1_康軒"",""source_page"":3}","{""alignmentStatus"":""partial"",""candidateSkillIds"":[],""common_trap"":""運算方向、單位或題意關係判讀錯誤"",""confidence"":""medium"",""core_concept"":""平面圖形、周界／周長或面積比較"",""include_decision"":""include_for_type_only"",""notes"":""章節級候選；SkillID 留空，待視覺／題意複核後才做粒度對齊。 QA 重新稽核：未找到與題幹精確一致的現有 SkillID；章節或官方碼候選不視為 direct，SkillID 已清空。"",""officialContentCodes"":[""S-2-1"",""S-2-2"",""S-2-4"",""D-2-1""],""officialPerformanceCodes"":[""s-I-1"",""n-I-7"",""d-I-1""],""publisherChapter"":{""chapterNumber"":3,""chapterTitle"":""平面圖形"",""editionFamily"":""unknown""},""question_id"":""G2-康軒-112下-期中1-P01_R10_安和國小_新北市_2年級_數學_112下_期中1_康軒-q015"",""question_type"":""圖形性質或測量"",""scope_outlier"":""not_evaluable"",""skillIds"":[],""source_id"":""G2-康軒-112下-期中1-P01_R10_安和國小_新北市_2年級_數學_112下_期中1_康軒""}","""first_pass"""
"""G2-康軒-112下-期中1-P01_R10_安和國小_新北市_2年級_數學_112下_期中1_康軒-q016""","""G2-康軒-112下-期中1-P01_R10_安和國小_新北市_2年級_數學_112下_期中1_康軒""","""question_group_candidate""","""not_verified_from_available_extraction""","""source_materials/tcool_math_g1_g4_康軒_翰林/grade-2/康軒/questions/P01_R10_安和國小_新北市_2年級_數學_112下_期中1_康軒_題目卷.pdf""","""source_materials/tcool_math_g1_g4_康軒_翰林/grade-2/康軒/answers/P01_R10_安和國小_新北市_2年級_數學_112下_期中1_康軒_答案卷.pdf""",3,"""source_materials/tcool_math_g1_g4_康軒_翰林/_analysis/pilot/pages/G2-_-112_-_1-P01_R10_____2____112___1__/page-3.jpg""","""四、寫出直式算算看:#2""","""807-423=( ) 棒棒糖；丟在周界外沒有獎 勵。""",[],null,"""needs_review""",null,"""text_layer""",false,"""text_only""","""康軒""","""G2""","""112""","""下""","""期中1""","""圖形性質或測量""","""平面圖形、周界／周長或面積比較""","""運算方向、單位或題意關係判讀錯誤""","{""chapterNumber"":3,""chapterTitle"":""平面圖形"",""editionFamily"":""unknown""}","[""S-2-1"",""S-2-2"",""S-2-4"",""D-2-1""]","[""s-I-1"",""n-I-7"",""d-I-1""]",[],[],"""partial""","""medium""","""章節級候選；SkillID 留空，待視覺／題意複核後才做粒度對齊。 QA 重新稽核：未找到與題幹精確一致的現有 SkillID；章節或官方碼候選不視為 direct，SkillID 已清空。""","""not_evaluable""","""include_for_type_only""","{""answerKeySource"":""source_materials/tcool_math_g1_g4_康軒_翰林/grade-2/康軒/answers/P01_R10_安和國小_新北市_2年級_數學_112下_期中1_康軒_答案卷.pdf"",""answerNote"":null,""needsImage"":false,""ocrQuality"":""text_layer"",""questionImage"":""source_materials/tcool_math_g1_g4_康軒_翰林/_analysis/pilot/pages/G2-_-112_-_1-P01_R10_____2____112___1__/page-3.jpg"",""sourcePage"":3}","{""includeDecision"":""include_for_type_only"",""notes"":""章節級候選；SkillID 留空，待視覺／題意複核後才做粒度對齊。 QA 重新稽核：未找到與題幹精確一致的現有 SkillID；章節或官方碼候選不視為 direct，SkillID 已清空。"",""publisherChapter"":{""chapterNumber"":3,""chapterTitle"":""平面圖形"",""editionFamily"":""unknown""},""scopeOutlier"":""not_evaluable""}","{""answer"":null,""answer_key_source"":""source_materials/tcool_math_g1_g4_康軒_翰林/grade-2/康軒/answers/P01_R10_安和國小_新北市_2年級_數學_112下_期中1_康軒_答案卷.pdf"",""answer_status"":""needs_review"",""id"":""G2-康軒-112下-期中1-P01_R10_安和國小_新北市_2年級_數學_112下_期中1_康軒-q016"",""needs_image"":false,""ocr_quality"":""text_layer"",""original_number"":""四、寫出直式算算看:#2"",""question_image"":""source_materials/tcool_math_g1_g4_康軒_翰林/_analysis/pilot/pages/G2-_-112_-_1-P01_R10_____2____112___1__/page-3.jpg"",""raw_text"":""807-423=( ) 棒棒糖；丟在周界外沒有獎 勵。"",""source_id"":""G2-康軒-112下-期中1-P01_R10_安和國小_新北市_2年級_數學_112下_期中1_康軒"",""source_page"":3}","{""alignmentStatus"":""partial"",""candidateSkillIds"":[],""common_trap"":""運算方向、單位或題意關係判讀錯誤"",""confidence"":""medium"",""core_concept"":""平面圖形、周界／周長或面積比較"",""include_decision"":""include_for_type_only"",""notes"":""章節級候選；SkillID 留空，待視覺／題意複核後才做粒度對齊。 QA 重新稽核：未找到與題幹精確一致的現有 SkillID；章節或官方碼候選不視為 direct，SkillID 已清空。"",""officialContentCodes"":[""S-2-1"",""S-2-2"",""S-2-4"",""D-2-1""],""officialPerformanceCodes"":[""s-I-1"",""n-I-7"",""d-I-1""],""publisherChapter"":{""chapterNumber"":3,""chapterTitle"":""平面圖形"",""editionFamily"":""unknown""},""question_id"":""G2-康軒-112下-期中1-P01_R10_安和國小_新北市_2年級_數學_112下_期中1_康軒-q016"",""question_type"":""圖形性質或測量"",""scope_outlier"":""not_evaluable"",""skillIds"":[],""source_id"":""G2-康軒-112下-期中1-P01_R10_安和國小_新北市_2年級_數學_112下_期中1_康軒""}","""first_pass"""
"""G2-康軒-112下-期中1-P01_R10_安和國小_新北市_2年級_數學_112下_期中1_康軒-q017""","""G2-康軒-112下-期中1-P01_R10_安和國小_新北市_2年級_數學_112下_期中1_康軒""","""question_group_candidate""","""not_verified_from_available_extraction""","""source_materials/tcool_math_g1_g4_康軒_翰林/grade-2/康軒/questions/P01_R10_安和國小_新北市_2年級_數學_112下_期中1_康軒_題目卷.pdf""","""source_materials/tcool_math_g1_g4_康軒_翰林/grade-2/康軒/answers/P01_R10_安和國小_新北市_2年級_數學_112下_期中1_康軒_答案卷.pdf""",3,"""source_materials/tcool_math_g1_g4_康軒_翰林/_analysis/pilot/pages/G2-_-112_-_1-P01_R10_____2____112___1__/page-3.jpg""","""五、應用題:每題 5 分，共 25 分#1""","""哥哥原來有一些錢，買了一本 263 上面是小花玩水球的結果。請問她可 元的漫畫書，還剩下 157 元，哥 哥原來有多少錢? 以拿到幾支棒棒糖? 答 :( )""",[],null,"""needs_review""",null,"""text_layer""",true,"""image_required""","""康軒""","""G2""","""112""","""下""","""期中1""","""錢幣與金額應用""","""數錢、湊付或找補""","""圖像／版面資訊遺失時不可憑 OCR 猜測""","{""chapterNumber"":2,""chapterTitle"":""三位數的加減"",""editionFamily"":""unknown""}","[""N-2-2"",""R-2-1"",""R-2-4""]","[""n-I-2"",""r-I-1"",""n-I-3"",""r-I-3""]",[],[],"""partial""","""medium""","""章節級候選；SkillID 留空，待視覺／題意複核後才做粒度對齊。 QA 重新稽核：未找到與題幹精確一致的現有 SkillID；章節或官方碼候選不視為 direct，SkillID 已清空。""","""not_evaluable""","""include_for_type_only""","{""answerKeySource"":""source_materials/tcool_math_g1_g4_康軒_翰林/grade-2/康軒/answers/P01_R10_安和國小_新北市_2年級_數學_112下_期中1_康軒_答案卷.pdf"",""answerNote"":null,""needsImage"":true,""ocrQuality"":""text_layer"",""questionImage"":""source_materials/tcool_math_g1_g4_康軒_翰林/_analysis/pilot/pages/G2-_-112_-_1-P01_R10_____2____112___1__/page-3.jpg"",""sourcePage"":3}","{""includeDecision"":""include_for_type_only"",""notes"":""章節級候選；SkillID 留空，待視覺／題意複核後才做粒度對齊。 QA 重新稽核：未找到與題幹精確一致的現有 SkillID；章節或官方碼候選不視為 direct，SkillID 已清空。"",""publisherChapter"":{""chapterNumber"":2,""chapterTitle"":""三位數的加減"",""editionFamily"":""unknown""},""scopeOutlier"":""not_evaluable""}","{""answer"":null,""answer_key_source"":""source_materials/tcool_math_g1_g4_康軒_翰林/grade-2/康軒/answers/P01_R10_安和國小_新北市_2年級_數學_112下_期中1_康軒_答案卷.pdf"",""answer_status"":""needs_review"",""id"":""G2-康軒-112下-期中1-P01_R10_安和國小_新北市_2年級_數學_112下_期中1_康軒-q017"",""needs_image"":true,""ocr_quality"":""text_layer"",""original_number"":""五、應用題:每題 5 分，共 25 分#1"",""question_image"":""source_materials/tcool_math_g1_g4_康軒_翰林/_analysis/pilot/pages/G2-_-112_-_1-P01_R10_____2____112___1__/page-3.jpg"",""raw_text"":""哥哥原來有一些錢，買了一本 263 上面是小花玩水球的結果。請問她可 元的漫畫書，還剩下 157 元，哥 哥原來有多少錢? 以拿到幾支棒棒糖? 答 :( )"",""source_id"":""G2-康軒-112下-期中1-P01_R10_安和國小_新北市_2年級_數學_112下_期中1_康軒"",""source_page"":3}","{""alignmentStatus"":""partial"",""candidateSkillIds"":[],""common_trap"":""圖像／版面資訊遺失時不可憑 OCR 猜測"",""confidence"":""medium"",""core_concept"":""數錢、湊付或找補"",""include_decision"":""include_for_type_only"",""notes"":""章節級候選；SkillID 留空，待視覺／題意複核後才做粒度對齊。 QA 重新稽核：未找到與題幹精確一致的現有 SkillID；章節或官方碼候選不視為 direct，SkillID 已清空。"",""officialContentCodes"":[""N-2-2"",""R-2-1"",""R-2-4""],""officialPerformanceCodes"":[""n-I-2"",""r-I-1"",""n-I-3"",""r-I-3""],""publisherChapter"":{""chapterNumber"":2,""chapterTitle"":""三位數的加減"",""editionFamily"":""unknown""},""question_id"":""G2-康軒-112下-期中1-P01_R10_安和國小_新北市_2年級_數學_112下_期中1_康軒-q017"",""question_type"":""錢幣與金額應用"",""scope_outlier"":""not_evaluable"",""skillIds"":[],""source_id"":""G2-康軒-112下-期中1-P01_R10_安和國小_新北市_2年級_數學_112下_期中1_康軒""}","""first_pass"""
"""G2-康軒-112下-期中1-P01_R10_安和國小_新北市_2年級_數學_112下_期中1_康軒-q018""","""G2-康軒-112下-期中1-P01_R10_安和國小_新北市_2年級_數學_112下_期中1_康軒""","""question_group_candidate""","""not_verified_from_available_extraction""","""source_materials/tcool_math_g1_g4_康軒_翰林/grade-2/康軒/questions/P01_R10_安和國小_新北市_2年級_數學_112下_期中1_康軒_題目卷.pdf""","""source_materials/tcool_math_g1_g4_康軒_翰林/grade-2/康軒/answers/P01_R10_安和國小_新北市_2年級_數學_112下_期中1_康軒_答案卷.pdf""",3,"""source_materials/tcool_math_g1_g4_康軒_翰林/_analysis/pilot/pages/G2-_-112_-_1-P01_R10_____2____112___1__/page-3.jpg""","""五、應用題:每題 5 分，共 25 分#2""","""一包口香糖有 10 片，6 包口香糖 答 :( ) 有幾片? 5. 以下是胖虎玩球擲遠的結 果，算算看，胖虎的總分是多 少。 答 :( ) 得分 10 分 5分 1分 0分 數量 3球 0球 2球 2球""",[],null,"""needs_review""",null,"""text_layer""",false,"""text_only""","""康軒""","""G2""","""112""","""下""","""期中1""","""文字計算／概念判斷""","""需人工複核""","""運算方向、單位或題意關係判讀錯誤""",null,[],[],[],[],"""uncertain""","""low""","""未能從 OCR／文字安全推得出版社章節，不強制歸類。 QA 重新稽核：未找到與題幹精確一致的現有 SkillID；章節或官方碼候選不視為 direct，SkillID 已清空。""","""not_evaluable""","""uncertain_review""","{""answerKeySource"":""source_materials/tcool_math_g1_g4_康軒_翰林/grade-2/康軒/answers/P01_R10_安和國小_新北市_2年級_數學_112下_期中1_康軒_答案卷.pdf"",""answerNote"":null,""needsImage"":false,""ocrQuality"":""text_layer"",""questionImage"":""source_materials/tcool_math_g1_g4_康軒_翰林/_analysis/pilot/pages/G2-_-112_-_1-P01_R10_____2____112___1__/page-3.jpg"",""sourcePage"":3}","{""includeDecision"":""uncertain_review"",""notes"":""未能從 OCR／文字安全推得出版社章節，不強制歸類。 QA 重新稽核：未找到與題幹精確一致的現有 SkillID；章節或官方碼候選不視為 direct，SkillID 已清空。"",""publisherChapter"":null,""scopeOutlier"":""not_evaluable""}","{""answer"":null,""answer_key_source"":""source_materials/tcool_math_g1_g4_康軒_翰林/grade-2/康軒/answers/P01_R10_安和國小_新北市_2年級_數學_112下_期中1_康軒_答案卷.pdf"",""answer_status"":""needs_review"",""id"":""G2-康軒-112下-期中1-P01_R10_安和國小_新北市_2年級_數學_112下_期中1_康軒-q018"",""needs_image"":false,""ocr_quality"":""text_layer"",""original_number"":""五、應用題:每題 5 分，共 25 分#2"",""question_image"":""source_materials/tcool_math_g1_g4_康軒_翰林/_analysis/pilot/pages/G2-_-112_-_1-P01_R10_____2____112___1__/page-3.jpg"",""raw_text"":""一包口香糖有 10 片，6 包口香糖 答 :( ) 有幾片? 5. 以下是胖虎玩球擲遠的結 果，算算看，胖虎的總分是多 少。 答 :( ) 得分 10 分 5分 1分 0分 數量 3球 0球 2球 2球"",""source_id"":""G2-康軒-112下-期中1-P01_R10_安和國小_新北市_2年級_數學_112下_期中1_康軒"",""source_page"":3}","{""alignmentStatus"":""uncertain"",""candidateSkillIds"":[],""common_trap"":""運算方向、單位或題意關係判讀錯誤"",""confidence"":""low"",""core_concept"":""需人工複核"",""include_decision"":""uncertain_review"",""notes"":""未能從 OCR／文字安全推得出版社章節，不強制歸類。 QA 重新稽核：未找到與題幹精確一致的現有 SkillID；章節或官方碼候選不視為 direct，SkillID 已清空。"",""officialContentCodes"":[],""officialPerformanceCodes"":[],""publisherChapter"":null,""question_id"":""G2-康軒-112下-期中1-P01_R10_安和國小_新北市_2年級_數學_112下_期中1_康軒-q018"",""question_type"":""文字計算／概念判斷"",""scope_outlier"":""not_evaluable"",""skillIds"":[],""source_id"":""G2-康軒-112下-期中1-P01_R10_安和國小_新北市_2年級_數學_112下_期中1_康軒""}","""first_pass"""
"""G2-康軒-112下-期中1-P01_R10_安和國小_新北市_2年級_數學_112下_期中1_康軒-q019""","""G2-康軒-112下-期中1-P01_R10_安和國小_新北市_2年級_數學_112下_期中1_康軒""","""question_group_candidate""","""not_verified_from_available_extraction""","""source_materials/tcool_math_g1_g4_康軒_翰林/grade-2/康軒/questions/P01_R10_安和國小_新北市_2年級_數學_112下_期中1_康軒_題目卷.pdf""","""source_materials/tcool_math_g1_g4_康軒_翰林/grade-2/康軒/answers/P01_R10_安和國小_新北市_2年級_數學_112下_期中1_康軒_答案卷.pdf""",3,"""source_materials/tcool_math_g1_g4_康軒_翰林/_analysis/pilot/pages/G2-_-112_-_1-P01_R10_____2____112___1__/page-3.jpg""","""五、應用題:每題 5 分，共 25 分#3""","""這個圖形的周界有多長? 12 公分 7 公分 6 公分 zp 紛 6 公分 分 公分 答: ( ) 答: ( ) 寫完考卷，記得檢查。 第3 頁""",[],null,"""needs_review""",null,"""text_layer""",true,"""image_required""","""康軒""","""G2""","""112""","""下""","""期中1""","""圖形性質或測量""","""平面圖形、周界／周長或面積比較""","""圖像／版面資訊遺失時不可憑 OCR 猜測""","{""chapterNumber"":3,""chapterTitle"":""平面圖形"",""editionFamily"":""unknown""}","[""S-2-1"",""S-2-2"",""S-2-4"",""D-2-1""]","[""s-I-1"",""n-I-7"",""d-I-1""]",[],[],"""partial""","""medium""","""章節級候選；SkillID 留空，待視覺／題意複核後才做粒度對齊。 QA 重新稽核：未找到與題幹精確一致的現有 SkillID；章節或官方碼候選不視為 direct，SkillID 已清空。""","""not_evaluable""","""include_for_type_only""","{""answerKeySource"":""source_materials/tcool_math_g1_g4_康軒_翰林/grade-2/康軒/answers/P01_R10_安和國小_新北市_2年級_數學_112下_期中1_康軒_答案卷.pdf"",""answerNote"":null,""needsImage"":true,""ocrQuality"":""text_layer"",""questionImage"":""source_materials/tcool_math_g1_g4_康軒_翰林/_analysis/pilot/pages/G2-_-112_-_1-P01_R10_____2____112___1__/page-3.jpg"",""sourcePage"":3}","{""includeDecision"":""include_for_type_only"",""notes"":""章節級候選；SkillID 留空，待視覺／題意複核後才做粒度對齊。 QA 重新稽核：未找到與題幹精確一致的現有 SkillID；章節或官方碼候選不視為 direct，SkillID 已清空。"",""publisherChapter"":{""chapterNumber"":3,""chapterTitle"":""平面圖形"",""editionFamily"":""unknown""},""scopeOutlier"":""not_evaluable""}","{""answer"":null,""answer_key_source"":""source_materials/tcool_math_g1_g4_康軒_翰林/grade-2/康軒/answers/P01_R10_安和國小_新北市_2年級_數學_112下_期中1_康軒_答案卷.pdf"",""answer_status"":""needs_review"",""id"":""G2-康軒-112下-期中1-P01_R10_安和國小_新北市_2年級_數學_112下_期中1_康軒-q019"",""needs_image"":true,""ocr_quality"":""text_layer"",""original_number"":""五、應用題:每題 5 分，共 25 分#3"",""question_image"":""source_materials/tcool_math_g1_g4_康軒_翰林/_analysis/pilot/pages/G2-_-112_-_1-P01_R10_____2____112___1__/page-3.jpg"",""raw_text"":""這個圖形的周界有多長? 12 公分 7 公分 6 公分 zp 紛 6 公分 分 公分 答: ( ) 答: ( ) 寫完考卷，記得檢查。 第3 頁"",""source_id"":""G2-康軒-112下-期中1-P01_R10_安和國小_新北市_2年級_數學_112下_期中1_康軒"",""source_page"":3}","{""alignmentStatus"":""partial"",""candidateSkillIds"":[],""common_trap"":""圖像／版面資訊遺失時不可憑 OCR 猜測"",""confidence"":""medium"",""core_concept"":""平面圖形、周界／周長或面積比較"",""include_decision"":""include_for_type_only"",""notes"":""章節級候選；SkillID 留空，待視覺／題意複核後才做粒度對齊。 QA 重新稽核：未找到與題幹精確一致的現有 SkillID；章節或官方碼候選不視為 direct，SkillID 已清空。"",""officialContentCodes"":[""S-2-1"",""S-2-2"",""S-2-4"",""D-2-1""],""officialPerformanceCodes"":[""s-I-1"",""n-I-7"",""d-I-1""],""publisherChapter"":{""chapterNumber"":3,""chapterTitle"":""平面圖形"",""editionFamily"":""unknown""},""question_id"":""G2-康軒-112下-期中1-P01_R10_安和國小_新北市_2年級_數學_112下_期中1_康軒-q019"",""question_type"":""圖形性質或測量"",""scope_outlier"":""not_evaluable"",""skillIds"":[],""source_id"":""G2-康軒-112下-期中1-P01_R10_安和國小_新北市_2年級_數學_112下_期中1_康軒""}","""first_pass"""
"""G2-翰林-113上-期末2-P01_R08_安和國小_新北市_2年級_數學_113上_期末2_翰林-q001""","""G2-翰林-113上-期末2-P01_R08_安和國小_新北市_2年級_數學_113上_期末2_翰林""","""question_group_candidate""","""not_verified_from_available_extraction""","""source_materials/tcool_math_g1_g4_康軒_翰林/grade-2/翰林/questions/P01_R08_安和國小_新北市_2年級_數學_113上_期末2_翰林_題目卷.pdf""","""source_materials/tcool_math_g1_g4_康軒_翰林/grade-2/翰林/answers/P01_R08_安和國小_新北市_2年級_數學_113上_期末2_翰林_答案卷.pdf""",1,"""source_materials/tcool_math_g1_g4_康軒_翰林/_analysis/pilot/pages/G2-_-113_-_2-P01_R08_____2____113___2__/page-1.jpg""","""一、選擇題(每題 2 分，共 8 分) 二、填填看(第 1 題每格 1 分，其#2""","""8×9 比 8×6 多( )個 8， 是多（ ）。""",[],null,"""needs_review""",null,"""text_layer""",false,"""text_only""","""翰林""","""G2""","""113""","""上""","""期末2""","""乘法意義或乘法應用""","""等組、倍數與乘法算式""","""運算方向、單位或題意關係判讀錯誤""","{""chapterNumber"":7,""chapterTitle"":""乘法（一）"",""editionFamily"":""unknown""}","[""N-2-6"",""N-2-7"",""R-2-3""]","[""n-I-4"",""r-I-2""]",[],[],"""partial""","""medium""","""章節級候選；SkillID 留空，待視覺／題意複核後才做粒度對齊。 QA 重新稽核：未找到與題幹精確一致的現有 SkillID；章節或官方碼候選不視為 direct，SkillID 已清空。""","""not_evaluable""","""include_for_type_only""","{""answerKeySource"":""source_materials/tcool_math_g1_g4_康軒_翰林/grade-2/翰林/answers/P01_R08_安和國小_新北市_2年級_數學_113上_期末2_翰林_答案卷.pdf"",""answerNote"":null,""needsImage"":false,""ocrQuality"":""text_layer"",""questionImage"":""source_materials/tcool_math_g1_g4_康軒_翰林/_analysis/pilot/pages/G2-_-113_-_2-P01_R08_____2____113___2__/page-1.jpg"",""sourcePage"":1}","{""includeDecision"":""include_for_type_only"",""notes"":""章節級候選；SkillID 留空，待視覺／題意複核後才做粒度對齊。 QA 重新稽核：未找到與題幹精確一致的現有 SkillID；章節或官方碼候選不視為 direct，SkillID 已清空。"",""publisherChapter"":{""chapterNumber"":7,""chapterTitle"":""乘法（一）"",""editionFamily"":""unknown""},""scopeOutlier"":""not_evaluable""}","{""answer"":null,""answer_key_source"":""source_materials/tcool_math_g1_g4_康軒_翰林/grade-2/翰林/answers/P01_R08_安和國小_新北市_2年級_數學_113上_期末2_翰林_答案卷.pdf"",""answer_status"":""needs_review"",""id"":""G2-翰林-113上-期末2-P01_R08_安和國小_新北市_2年級_數學_113上_期末2_翰林-q001"",""needs_image"":false,""ocr_quality"":""text_layer"",""original_number"":""一、選擇題(每題 2 分，共 8 分) 二、填填看(第 1 題每格 1 分，其#2"",""question_image"":""source_materials/tcool_math_g1_g4_康軒_翰林/_analysis/pilot/pages/G2-_-113_-_2-P01_R08_____2____113___2__/page-1.jpg"",""raw_text"":""8×9 比 8×6 多( )個 8， 是多（ ）。"",""source_id"":""G2-翰林-113上-期末2-P01_R08_安和國小_新北市_2年級_數學_113上_期末2_翰林"",""source_page"":1}","{""alignmentStatus"":""partial"",""candidateSkillIds"":[],""common_trap"":""運算方向、單位或題意關係判讀錯誤"",""confidence"":""medium"",""core_concept"":""等組、倍數與乘法算式"",""include_decision"":""include_for_type_only"",""notes"":""章節級候選；SkillID 留空，待視覺／題意複核後才做粒度對齊。 QA 重新稽核：未找到與題幹精確一致的現有 SkillID；章節或官方碼候選不視為 direct，SkillID 已清空。"",""officialContentCodes"":[""N-2-6"",""N-2-7"",""R-2-3""],""officialPerformanceCodes"":[""n-I-4"",""r-I-2""],""publisherChapter"":{""chapterNumber"":7,""chapterTitle"":""乘法（一）"",""editionFamily"":""unknown""},""question_id"":""G2-翰林-113上-期末2-P01_R08_安和國小_新北市_2年級_數學_113上_期末2_翰林-q001"",""question_type"":""乘法意義或乘法應用"",""scope_outlier"":""not_evaluable"",""skillIds"":[],""source_id"":""G2-翰林-113上-期末2-P01_R08_安和國小_新北市_2年級_數學_113上_期末2_翰林""}","""first_pass"""
"""G2-翰林-113上-期末2-P01_R08_安和國小_新北市_2年級_數學_113上_期末2_翰林-q002""","""G2-翰林-113上-期末2-P01_R08_安和國小_新北市_2年級_數學_113上_期末2_翰林""","""question_group_candidate""","""not_verified_from_available_extraction""","""source_materials/tcool_math_g1_g4_康軒_翰林/grade-2/翰林/questions/P01_R08_安和國小_新北市_2年級_數學_113上_期末2_翰林_題目卷.pdf""","""source_materials/tcool_math_g1_g4_康軒_翰林/grade-2/翰林/answers/P01_R08_安和國小_新北市_2年級_數學_113上_期末2_翰林_答案卷.pdf""",1,"""source_materials/tcool_math_g1_g4_康軒_翰林/_analysis/pilot/pages/G2-_-113_-_2-P01_R08_____2____113___2__/page-1.jpg""","""一、選擇題(每題 2 分，共 8 分) 二、填填看(第 1 題每格 1 分，其#3""","""7×3 比 7×7 少( )個 7， 是少（ ）。 ①鐘面是 11 時 40 分""",[],null,"""needs_review""",null,"""text_layer""",true,"""image_required""","""翰林""","""G2""","""113""","""上""","""期末2""","""時間報讀或經過時間""","""鐘面、時分或時間間隔""","""圖像／版面資訊遺失時不可憑 OCR 猜測""","{""chapterNumber"":7,""chapterTitle"":""乘法（一）"",""editionFamily"":""unknown""}","[""N-2-6"",""N-2-7"",""R-2-3""]","[""n-I-4"",""r-I-2""]",[],[],"""partial""","""medium""","""章節級候選；SkillID 留空，待視覺／題意複核後才做粒度對齊。 QA 重新稽核：未找到與題幹精確一致的現有 SkillID；章節或官方碼候選不視為 direct，SkillID 已清空。""","""not_evaluable""","""include_for_type_only""","{""answerKeySource"":""source_materials/tcool_math_g1_g4_康軒_翰林/grade-2/翰林/answers/P01_R08_安和國小_新北市_2年級_數學_113上_期末2_翰林_答案卷.pdf"",""answerNote"":null,""needsImage"":true,""ocrQuality"":""text_layer"",""questionImage"":""source_materials/tcool_math_g1_g4_康軒_翰林/_analysis/pilot/pages/G2-_-113_-_2-P01_R08_____2____113___2__/page-1.jpg"",""sourcePage"":1}","{""includeDecision"":""include_for_type_only"",""notes"":""章節級候選；SkillID 留空，待視覺／題意複核後才做粒度對齊。 QA 重新稽核：未找到與題幹精確一致的現有 SkillID；章節或官方碼候選不視為 direct，SkillID 已清空。"",""publisherChapter"":{""chapterNumber"":7,""chapterTitle"":""乘法（一）"",""editionFamily"":""unknown""},""scopeOutlier"":""not_evaluable""}","{""answer"":null,""answer_key_source"":""source_materials/tcool_math_g1_g4_康軒_翰林/grade-2/翰林/answers/P01_R08_安和國小_新北市_2年級_數學_113上_期末2_翰林_答案卷.pdf"",""answer_status"":""needs_review"",""id"":""G2-翰林-113上-期末2-P01_R08_安和國小_新北市_2年級_數學_113上_期末2_翰林-q002"",""needs_image"":true,""ocr_quality"":""text_layer"",""original_number"":""一、選擇題(每題 2 分，共 8 分) 二、填填看(第 1 題每格 1 分，其#3"",""question_image"":""source_materials/tcool_math_g1_g4_康軒_翰林/_analysis/pilot/pages/G2-_-113_-_2-P01_R08_____2____113___2__/page-1.jpg"",""raw_text"":""7×3 比 7×7 少( )個 7， 是少（ ）。 ①鐘面是 11 時 40 分"",""source_id"":""G2-翰林-113上-期末2-P01_R08_安和國小_新北市_2年級_數學_113上_期末2_翰林"",""source_page"":1}","{""alignmentStatus"":""partial"",""candidateSkillIds"":[],""common_trap"":""圖像／版面資訊遺失時不可憑 OCR 猜測"",""confidence"":""medium"",""core_concept"":""鐘面、時分或時間間隔"",""include_decision"":""include_for_type_only"",""notes"":""章節級候選；SkillID 留空，待視覺／題意複核後才做粒度對齊。 QA 重新稽核：未找到與題幹精確一致的現有 SkillID；章節或官方碼候選不視為 direct，SkillID 已清空。"",""officialContentCodes"":[""N-2-6"",""N-2-7"",""R-2-3""],""officialPerformanceCodes"":[""n-I-4"",""r-I-2""],""publisherChapter"":{""chapterNumber"":7,""chapterTitle"":""乘法（一）"",""editionFamily"":""unknown""},""question_id"":""G2-翰林-113上-期末2-P01_R08_安和國小_新北市_2年級_數學_113上_期末2_翰林-q002"",""question_type"":""時間報讀或經過時間"",""scope_outlier"":""not_evaluable"",""skillIds"":[],""source_id"":""G2-翰林-113上-期末2-P01_R08_安和國小_新北市_2年級_數學_113上_期末2_翰林""}","""first_pass"""
"""G2-翰林-113上-期末2-P01_R08_安和國小_新北市_2年級_數學_113上_期末2_翰林-q003""","""G2-翰林-113上-期末2-P01_R08_安和國小_新北市_2年級_數學_113上_期末2_翰林""","""question_group_candidate""","""not_verified_from_available_extraction""","""source_materials/tcool_math_g1_g4_康軒_翰林/grade-2/翰林/questions/P01_R08_安和國小_新北市_2年級_數學_113上_期末2_翰林_題目卷.pdf""","""source_materials/tcool_math_g1_g4_康軒_翰林/grade-2/翰林/answers/P01_R08_安和國小_新北市_2年級_數學_113上_期末2_翰林_答案卷.pdf""",1,"""source_materials/tcool_math_g1_g4_康軒_翰林/_analysis/pilot/pages/G2-_-113_-_2-P01_R08_____2____113___2__/page-1.jpg""","""一、選擇題(每題 2 分，共 8 分) 二、填填看(第 1 題每格 1 分，其#4""","""4. ②鐘面是 7 時 55 分 ③可以說是 11 點多 1 串葡萄有 9 顆，4 串葡萄用 ④可以說是 8 點多 加法算式記成 9+9+9+9=( )， ( )4. 依照乘法算式 3×9＝27， 也可以說是 9 的( )倍，用 下列敘述何者正確? 乘法算式記成( )。 ① 3 個 9 是 27 ② 3 是乘數 ③ 9 是被乘數 ④ 積是 27 背面還有題目喔！ 第1 頁""",[],null,"""needs_review""",null,"""text_layer""",true,"""image_required""","""翰林""","""G2""","""113""","""上""","""期末2""","""時間報讀或經過時間""","""鐘面、時分或時間間隔""","""圖像／版面資訊遺失時不可憑 OCR 猜測""","{""chapterNumber"":7,""chapterTitle"":""乘法（一）"",""editionFamily"":""unknown""}","[""N-2-6"",""N-2-7"",""R-2-3""]","[""n-I-4"",""r-I-2""]",[],[],"""partial""","""medium""","""章節級候選；SkillID 留空，待視覺／題意複核後才做粒度對齊。 QA 重新稽核：未找到與題幹精確一致的現有 SkillID；章節或官方碼候選不視為 direct，SkillID 已清空。""","""not_evaluable""","""include_for_type_only""","{""answerKeySource"":""source_materials/tcool_math_g1_g4_康軒_翰林/grade-2/翰林/answers/P01_R08_安和國小_新北市_2年級_數學_113上_期末2_翰林_答案卷.pdf"",""answerNote"":null,""needsImage"":true,""ocrQuality"":""text_layer"",""questionImage"":""source_materials/tcool_math_g1_g4_康軒_翰林/_analysis/pilot/pages/G2-_-113_-_2-P01_R08_____2____113___2__/page-1.jpg"",""sourcePage"":1}","{""includeDecision"":""include_for_type_only"",""notes"":""章節級候選；SkillID 留空，待視覺／題意複核後才做粒度對齊。 QA 重新稽核：未找到與題幹精確一致的現有 SkillID；章節或官方碼候選不視為 direct，SkillID 已清空。"",""publisherChapter"":{""chapterNumber"":7,""chapterTitle"":""乘法（一）"",""editionFamily"":""unknown""},""scopeOutlier"":""not_evaluable""}","{""answer"":null,""answer_key_source"":""source_materials/tcool_math_g1_g4_康軒_翰林/grade-2/翰林/answers/P01_R08_安和國小_新北市_2年級_數學_113上_期末2_翰林_答案卷.pdf"",""answer_status"":""needs_review"",""id"":""G2-翰林-113上-期末2-P01_R08_安和國小_新北市_2年級_數學_113上_期末2_翰林-q003"",""needs_image"":true,""ocr_quality"":""text_layer"",""original_number"":""一、選擇題(每題 2 分，共 8 分) 二、填填看(第 1 題每格 1 分，其#4"",""question_image"":""source_materials/tcool_math_g1_g4_康軒_翰林/_analysis/pilot/pages/G2-_-113_-_2-P01_R08_____2____113___2__/page-1.jpg"",""raw_text"":""4. ②鐘面是 7 時 55 分 ③可以說是 11 點多 1 串葡萄有 9 顆，4 串葡萄用 ④可以說是 8 點多 加法算式記成 9+9+9+9=( )， ( )4. 依照乘法算式 3×9＝27， 也可以說是 9 的( )倍，用 下列敘述何者正確? 乘法算式記成( )。 ① 3 個 9 是 27 ② 3 是乘數 ③ 9 是被乘數 ④ 積是 27 背面還有題目喔！ 第1 頁"",""source_id"":""G2-翰林-113上-期末2-P01_R08_安和國小_新北市_2年級_數學_113上_期末2_翰林"",""source_page"":1}","{""alignmentStatus"":""partial"",""candidateSkillIds"":[],""common_trap"":""圖像／版面資訊遺失時不可憑 OCR 猜測"",""confidence"":""medium"",""core_concept"":""鐘面、時分或時間間隔"",""include_decision"":""include_for_type_only"",""notes"":""章節級候選；SkillID 留空，待視覺／題意複核後才做粒度對齊。 QA 重新稽核：未找到與題幹精確一致的現有 SkillID；章節或官方碼候選不視為 direct，SkillID 已清空。"",""officialContentCodes"":[""N-2-6"",""N-2-7"",""R-2-3""],""officialPerformanceCodes"":[""n-I-4"",""r-I-2""],""publisherChapter"":{""chapterNumber"":7,""chapterTitle"":""乘法（一）"",""editionFamily"":""unknown""},""question_id"":""G2-翰林-113上-期末2-P01_R08_安和國小_新北市_2年級_數學_113上_期末2_翰林-q003"",""question_type"":""時間報讀或經過時間"",""scope_outlier"":""not_evaluable"",""skillIds"":[],""source_id"":""G2-翰林-113上-期末2-P01_R08_安和國小_新北市_2年級_數學_113上_期末2_翰林""}","""first_pass"""
"""G2-翰林-113上-期末2-P01_R08_安和國小_新北市_2年級_數學_113上_期末2_翰林-q004""","""G2-翰林-113上-期末2-P01_R08_安和國小_新北市_2年級_數學_113上_期末2_翰林""","""question_group_candidate""","""not_verified_from_available_extraction""","""source_materials/tcool_math_g1_g4_康軒_翰林/grade-2/翰林/questions/P01_R08_安和國小_新北市_2年級_數學_113上_期末2_翰林_題目卷.pdf""","""source_materials/tcool_math_g1_g4_康軒_翰林/grade-2/翰林/answers/P01_R08_安和國小_新北市_2年級_數學_113上_期末2_翰林_答案卷.pdf""",2,"""source_materials/tcool_math_g1_g4_康軒_翰林/_analysis/pilot/pages/G2-_-113_-_2-P01_R08_____2____113___2__/page-2.jpg""","""三、連連看(共 6 分)#1""","""用連加算式記成 ( )""",[],null,"""needs_review""",null,"""text_layer""",false,"""text_only""","""翰林""","""G2""","""113""","""上""","""期末2""","""加減計算或應用""","""加減法意義、計算與情境解題""","""運算方向、單位或題意關係判讀錯誤""","{""chapterNumber"":2,""chapterTitle"":""二位數的加減法"",""editionFamily"":""unknown""}","[""N-2-2"",""R-2-1"",""R-2-4""]","[""n-I-2"",""r-I-1"",""n-I-3"",""r-I-3""]",[],[],"""partial""","""medium""","""章節級候選；SkillID 留空，待視覺／題意複核後才做粒度對齊。 QA 重新稽核：未找到與題幹精確一致的現有 SkillID；章節或官方碼候選不視為 direct，SkillID 已清空。""","""not_evaluable""","""include_for_type_only""","{""answerKeySource"":""source_materials/tcool_math_g1_g4_康軒_翰林/grade-2/翰林/answers/P01_R08_安和國小_新北市_2年級_數學_113上_期末2_翰林_答案卷.pdf"",""answerNote"":null,""needsImage"":false,""ocrQuality"":""text_layer"",""questionImage"":""source_materials/tcool_math_g1_g4_康軒_翰林/_analysis/pilot/pages/G2-_-113_-_2-P01_R08_____2____113___2__/page-2.jpg"",""sourcePage"":2}","{""includeDecision"":""include_for_type_only"",""notes"":""章節級候選；SkillID 留空，待視覺／題意複核後才做粒度對齊。 QA 重新稽核：未找到與題幹精確一致的現有 SkillID；章節或官方碼候選不視為 direct，SkillID 已清空。"",""publisherChapter"":{""chapterNumber"":2,""chapterTitle"":""二位數的加減法"",""editionFamily"":""unknown""},""scopeOutlier"":""not_evaluable""}","{""answer"":null,""answer_key_source"":""source_materials/tcool_math_g1_g4_康軒_翰林/grade-2/翰林/answers/P01_R08_安和國小_新北市_2年級_數學_113上_期末2_翰林_答案卷.pdf"",""answer_status"":""needs_review"",""id"":""G2-翰林-113上-期末2-P01_R08_安和國小_新北市_2年級_數學_113上_期末2_翰林-q004"",""needs_image"":false,""ocr_quality"":""text_layer"",""original_number"":""三、連連看(共 6 分)#1"",""question_image"":""source_materials/tcool_math_g1_g4_康軒_翰林/_analysis/pilot/pages/G2-_-113_-_2-P01_R08_____2____113___2__/page-2.jpg"",""raw_text"":""用連加算式記成 ( )"",""source_id"":""G2-翰林-113上-期末2-P01_R08_安和國小_新北市_2年級_數學_113上_期末2_翰林"",""source_page"":2}","{""alignmentStatus"":""partial"",""candidateSkillIds"":[],""common_trap"":""運算方向、單位或題意關係判讀錯誤"",""confidence"":""medium"",""core_concept"":""加減法意義、計算與情境解題"",""include_decision"":""include_for_type_only"",""notes"":""章節級候選；SkillID 留空，待視覺／題意複核後才做粒度對齊。 QA 重新稽核：未找到與題幹精確一致的現有 SkillID；章節或官方碼候選不視為 direct，SkillID 已清空。"",""officialContentCodes"":[""N-2-2"",""R-2-1"",""R-2-4""],""officialPerformanceCodes"":[""n-I-2"",""r-I-1"",""n-I-3"",""r-I-3""],""publisherChapter"":{""chapterNumber"":2,""chapterTitle"":""二位數的加減法"",""editionFamily"":""unknown""},""question_id"":""G2-翰林-113上-期末2-P01_R08_安和國小_新北市_2年級_數學_113上_期末2_翰林-q004"",""question_type"":""加減計算或應用"",""scope_outlier"":""not_evaluable"",""skillIds"":[],""source_id"":""G2-翰林-113上-期末2-P01_R08_安和國小_新北市_2年級_數學_113上_期末2_翰林""}","""first_pass"""
"""G2-翰林-113上-期末2-P01_R08_安和國小_新北市_2年級_數學_113上_期末2_翰林-q005""","""G2-翰林-113上-期末2-P01_R08_安和國小_新北市_2年級_數學_113上_期末2_翰林""","""question_group_candidate""","""not_verified_from_available_extraction""","""source_materials/tcool_math_g1_g4_康軒_翰林/grade-2/翰林/questions/P01_R08_安和國小_新北市_2年級_數學_113上_期末2_翰林_題目卷.pdf""","""source_materials/tcool_math_g1_g4_康軒_翰林/grade-2/翰林/answers/P01_R08_安和國小_新北市_2年級_數學_113上_期末2_翰林_答案卷.pdf""",2,"""source_materials/tcool_math_g1_g4_康軒_翰林/_analysis/pilot/pages/G2-_-113_-_2-P01_R08_____2____113___2__/page-2.jpg""","""三、連連看(共 6 分)#2""","""用乘法算式記成 6×4 4個7 15 ( )""",[],null,"""needs_review""",null,"""text_layer""",false,"""text_only""","""翰林""","""G2""","""113""","""上""","""期末2""","""乘法意義或乘法應用""","""等組、倍數與乘法算式""","""運算方向、單位或題意關係判讀錯誤""","{""chapterNumber"":7,""chapterTitle"":""乘法（一）"",""editionFamily"":""unknown""}","[""N-2-6"",""N-2-7"",""R-2-3""]","[""n-I-4"",""r-I-2""]",[],[],"""partial""","""medium""","""章節級候選；SkillID 留空，待視覺／題意複核後才做粒度對齊。 QA 重新稽核：未找到與題幹精確一致的現有 SkillID；章節或官方碼候選不視為 direct，SkillID 已清空。""","""not_evaluable""","""include_for_type_only""","{""answerKeySource"":""source_materials/tcool_math_g1_g4_康軒_翰林/grade-2/翰林/answers/P01_R08_安和國小_新北市_2年級_數學_113上_期末2_翰林_答案卷.pdf"",""answerNote"":null,""needsImage"":false,""ocrQuality"":""text_layer"",""questionImage"":""source_materials/tcool_math_g1_g4_康軒_翰林/_analysis/pilot/pages/G2-_-113_-_2-P01_R08_____2____113___2__/page-2.jpg"",""sourcePage"":2}","{""includeDecision"":""include_for_type_only"",""notes"":""章節級候選；SkillID 留空，待視覺／題意複核後才做粒度對齊。 QA 重新稽核：未找到與題幹精確一致的現有 SkillID；章節或官方碼候選不視為 direct，SkillID 已清空。"",""publisherChapter"":{""chapterNumber"":7,""chapterTitle"":""乘法（一）"",""editionFamily"":""unknown""},""scopeOutlier"":""not_evaluable""}","{""answer"":null,""answer_key_source"":""source_materials/tcool_math_g1_g4_康軒_翰林/grade-2/翰林/answers/P01_R08_安和國小_新北市_2年級_數學_113上_期末2_翰林_答案卷.pdf"",""answer_status"":""needs_review"",""id"":""G2-翰林-113上-期末2-P01_R08_安和國小_新北市_2年級_數學_113上_期末2_翰林-q005"",""needs_image"":false,""ocr_quality"":""text_layer"",""original_number"":""三、連連看(共 6 分)#2"",""question_image"":""source_materials/tcool_math_g1_g4_康軒_翰林/_analysis/pilot/pages/G2-_-113_-_2-P01_R08_____2____113___2__/page-2.jpg"",""raw_text"":""用乘法算式記成 6×4 4個7 15 ( )"",""source_id"":""G2-翰林-113上-期末2-P01_R08_安和國小_新北市_2年級_數學_113上_期末2_翰林"",""source_page"":2}","{""alignmentStatus"":""partial"",""candidateSkillIds"":[],""common_trap"":""運算方向、單位或題意關係判讀錯誤"",""confidence"":""medium"",""core_concept"":""等組、倍數與乘法算式"",""include_decision"":""include_for_type_only"",""notes"":""章節級候選；SkillID 留空，待視覺／題意複核後才做粒度對齊。 QA 重新稽核：未找到與題幹精確一致的現有 SkillID；章節或官方碼候選不視為 direct，SkillID 已清空。"",""officialContentCodes"":[""N-2-6"",""N-2-7"",""R-2-3""],""officialPerformanceCodes"":[""n-I-4"",""r-I-2""],""publisherChapter"":{""chapterNumber"":7,""chapterTitle"":""乘法（一）"",""editionFamily"":""unknown""},""question_id"":""G2-翰林-113上-期末2-P01_R08_安和國小_新北市_2年級_數學_113上_期末2_翰林-q005"",""question_type"":""乘法意義或乘法應用"",""scope_outlier"":""not_evaluable"",""skillIds"":[],""source_id"":""G2-翰林-113上-期末2-P01_R08_安和國小_新北市_2年級_數學_113上_期末2_翰林""}","""first_pass"""
"""G2-翰林-113上-期末2-P01_R08_安和國小_新北市_2年級_數學_113上_期末2_翰林-q006""","""G2-翰林-113上-期末2-P01_R08_安和國小_新北市_2年級_數學_113上_期末2_翰林""","""question_group_candidate""","""not_verified_from_available_extraction""","""source_materials/tcool_math_g1_g4_康軒_翰林/grade-2/翰林/questions/P01_R08_安和國小_新北市_2年級_數學_113上_期末2_翰林_題目卷.pdf""","""source_materials/tcool_math_g1_g4_康軒_翰林/grade-2/翰林/answers/P01_R08_安和國小_新北市_2年級_數學_113上_期末2_翰林_答案卷.pdf""",2,"""source_materials/tcool_math_g1_g4_康軒_翰林/_analysis/pilot/pages/G2-_-113_-_2-P01_R08_____2____113___2__/page-2.jpg""","""四、報讀時刻(每格 1 分，共 10 分)#6""","""乘法算式 4×5＝20，算式中的""",[],null,"""needs_review""",null,"""text_layer""",false,"""text_only""","""翰林""","""G2""","""113""","""上""","""期末2""","""乘法意義或乘法應用""","""等組、倍數與乘法算式""","""運算方向、單位或題意關係判讀錯誤""","{""chapterNumber"":7,""chapterTitle"":""乘法（一）"",""editionFamily"":""unknown""}","[""N-2-6"",""N-2-7"",""R-2-3""]","[""n-I-4"",""r-I-2""]",[],[],"""partial""","""medium""","""章節級候選；SkillID 留空，待視覺／題意複核後才做粒度對齊。 QA 重新稽核：未找到與題幹精確一致的現有 SkillID；章節或官方碼候選不視為 direct，SkillID 已清空。""","""not_evaluable""","""include_for_type_only""","{""answerKeySource"":""source_materials/tcool_math_g1_g4_康軒_翰林/grade-2/翰林/answers/P01_R08_安和國小_新北市_2年級_數學_113上_期末2_翰林_答案卷.pdf"",""answerNote"":null,""needsImage"":false,""ocrQuality"":""text_layer"",""questionImage"":""source_materials/tcool_math_g1_g4_康軒_翰林/_analysis/pilot/pages/G2-_-113_-_2-P01_R08_____2____113___2__/page-2.jpg"",""sourcePage"":2}","{""includeDecision"":""include_for_type_only"",""notes"":""章節級候選；SkillID 留空，待視覺／題意複核後才做粒度對齊。 QA 重新稽核：未找到與題幹精確一致的現有 SkillID；章節或官方碼候選不視為 direct，SkillID 已清空。"",""publisherChapter"":{""chapterNumber"":7,""chapterTitle"":""乘法（一）"",""editionFamily"":""unknown""},""scopeOutlier"":""not_evaluable""}","{""answer"":null,""answer_key_source"":""source_materials/tcool_math_g1_g4_康軒_翰林/grade-2/翰林/answers/P01_R08_安和國小_新北市_2年級_數學_113上_期末2_翰林_答案卷.pdf"",""answer_status"":""needs_review"",""id"":""G2-翰林-113上-期末2-P01_R08_安和國小_新北市_2年級_數學_113上_期末2_翰林-q006"",""needs_image"":false,""ocr_quality"":""text_layer"",""original_number"":""四、報讀時刻(每格 1 分，共 10 分)#6"",""question_image"":""source_materials/tcool_math_g1_g4_康軒_翰林/_analysis/pilot/pages/G2-_-113_-_2-P01_R08_____2____113___2__/page-2.jpg"",""raw_text"":""乘法算式 4×5＝20，算式中的"",""source_id"":""G2-翰林-113上-期末2-P01_R08_安和國小_新北市_2年級_數學_113上_期末2_翰林"",""source_page"":2}","{""alignmentStatus"":""partial"",""candidateSkillIds"":[],""common_trap"":""運算方向、單位或題意關係判讀錯誤"",""confidence"":""medium"",""core_concept"":""等組、倍數與乘法算式"",""include_decision"":""include_for_type_only"",""notes"":""章節級候選；SkillID 留空，待視覺／題意複核後才做粒度對齊。 QA 重新稽核：未找到與題幹精確一致的現有 SkillID；章節或官方碼候選不視為 direct，SkillID 已清空。"",""officialContentCodes"":[""N-2-6"",""N-2-7"",""R-2-3""],""officialPerformanceCodes"":[""n-I-4"",""r-I-2""],""publisherChapter"":{""chapterNumber"":7,""chapterTitle"":""乘法（一）"",""editionFamily"":""unknown""},""question_id"":""G2-翰林-113上-期末2-P01_R08_安和國小_新北市_2年級_數學_113上_期末2_翰林-q006"",""question_type"":""乘法意義或乘法應用"",""scope_outlier"":""not_evaluable"",""skillIds"":[],""source_id"":""G2-翰林-113上-期末2-P01_R08_安和國小_新北市_2年級_數學_113上_期末2_翰林""}","""first_pass"""
"""G2-翰林-113上-期末2-P01_R08_安和國小_新北市_2年級_數學_113上_期末2_翰林-q007""","""G2-翰林-113上-期末2-P01_R08_安和國小_新北市_2年級_數學_113上_期末2_翰林""","""question_group_candidate""","""not_verified_from_available_extraction""","""source_materials/tcool_math_g1_g4_康軒_翰林/grade-2/翰林/questions/P01_R08_安和國小_新北市_2年級_數學_113上_期末2_翰林_題目卷.pdf""","""source_materials/tcool_math_g1_g4_康軒_翰林/grade-2/翰林/answers/P01_R08_安和國小_新北市_2年級_數學_113上_期末2_翰林_答案卷.pdf""",2,"""source_materials/tcool_math_g1_g4_康軒_翰林/_analysis/pilot/pages/G2-_-113_-_2-P01_R08_____2____113___2__/page-2.jpg""","""四、報讀時刻(每格 1 分，共 10 分)#1""","""鐘面上是幾時幾分? 被乘數是（ ），乘數是""",[],null,"""needs_review""",null,"""text_layer""",true,"""image_required""","""翰林""","""G2""","""113""","""上""","""期末2""","""時間報讀或經過時間""","""鐘面、時分或時間間隔""","""圖像／版面資訊遺失時不可憑 OCR 猜測""","{""chapterNumber"":8,""chapterTitle"":""時間"",""editionFamily"":""unknown""}","[""N-2-13""]","[""n-I-9""]",[],[],"""partial""","""medium""","""章節級候選；SkillID 留空，待視覺／題意複核後才做粒度對齊。 QA 重新稽核：未找到與題幹精確一致的現有 SkillID；章節或官方碼候選不視為 direct，SkillID 已清空。""","""not_evaluable""","""include_for_type_only""","{""answerKeySource"":""source_materials/tcool_math_g1_g4_康軒_翰林/grade-2/翰林/answers/P01_R08_安和國小_新北市_2年級_數學_113上_期末2_翰林_答案卷.pdf"",""answerNote"":null,""needsImage"":true,""ocrQuality"":""text_layer"",""questionImage"":""source_materials/tcool_math_g1_g4_康軒_翰林/_analysis/pilot/pages/G2-_-113_-_2-P01_R08_____2____113___2__/page-2.jpg"",""sourcePage"":2}","{""includeDecision"":""include_for_type_only"",""notes"":""章節級候選；SkillID 留空，待視覺／題意複核後才做粒度對齊。 QA 重新稽核：未找到與題幹精確一致的現有 SkillID；章節或官方碼候選不視為 direct，SkillID 已清空。"",""publisherChapter"":{""chapterNumber"":8,""chapterTitle"":""時間"",""editionFamily"":""unknown""},""scopeOutlier"":""not_evaluable""}","{""answer"":null,""answer_key_source"":""source_materials/tcool_math_g1_g4_康軒_翰林/grade-2/翰林/answers/P01_R08_安和國小_新北市_2年級_數學_113上_期末2_翰林_答案卷.pdf"",""answer_status"":""needs_review"",""id"":""G2-翰林-113上-期末2-P01_R08_安和國小_新北市_2年級_數學_113上_期末2_翰林-q007"",""needs_image"":true,""ocr_quality"":""text_layer"",""original_number"":""四、報讀時刻(每格 1 分，共 10 分)#1"",""question_image"":""source_materials/tcool_math_g1_g4_康軒_翰林/_analysis/pilot/pages/G2-_-113_-_2-P01_R08_____2____113___2__/page-2.jpg"",""raw_text"":""鐘面上是幾時幾分? 被乘數是（ ），乘數是"",""source_id"":""G2-翰林-113上-期末2-P01_R08_安和國小_新北市_2年級_數學_113上_期末2_翰林"",""source_page"":2}","{""alignmentStatus"":""partial"",""candidateSkillIds"":[],""common_trap"":""圖像／版面資訊遺失時不可憑 OCR 猜測"",""confidence"":""medium"",""core_concept"":""鐘面、時分或時間間隔"",""include_decision"":""include_for_type_only"",""notes"":""章節級候選；SkillID 留空，待視覺／題意複核後才做粒度對齊。 QA 重新稽核：未找到與題幹精確一致的現有 SkillID；章節或官方碼候選不視為 direct，SkillID 已清空。"",""officialContentCodes"":[""N-2-13""],""officialPerformanceCodes"":[""n-I-9""],""publisherChapter"":{""chapterNumber"":8,""chapterTitle"":""時間"",""editionFamily"":""unknown""},""question_id"":""G2-翰林-113上-期末2-P01_R08_安和國小_新北市_2年級_數學_113上_期末2_翰林-q007"",""question_type"":""時間報讀或經過時間"",""scope_outlier"":""not_evaluable"",""skillIds"":[],""source_id"":""G2-翰林-113上-期末2-P01_R08_安和國小_新北市_2年級_數學_113上_期末2_翰林""}","""first_pass"""
"""G2-翰林-113上-期末2-P01_R08_安和國小_新北市_2年級_數學_113上_期末2_翰林-q008""","""G2-翰林-113上-期末2-P01_R08_安和國小_新北市_2年級_數學_113上_期末2_翰林""","""question_group_candidate""","""not_verified_from_available_extraction""","""source_materials/tcool_math_g1_g4_康軒_翰林/grade-2/翰林/questions/P01_R08_安和國小_新北市_2年級_數學_113上_期末2_翰林_題目卷.pdf""","""source_materials/tcool_math_g1_g4_康軒_翰林/grade-2/翰林/answers/P01_R08_安和國小_新北市_2年級_數學_113上_期末2_翰林_答案卷.pdf""",2,"""source_materials/tcool_math_g1_g4_康軒_翰林/_analysis/pilot/pages/G2-_-113_-_2-P01_R08_____2____113___2__/page-2.jpg""","""四、報讀時刻(每格 1 分，共 10 分)#1""","""(2) （ ），積是（ ）。""",[],null,"""needs_review""",null,"""text_layer""",false,"""text_only""","""翰林""","""G2""","""113""","""上""","""期末2""","""文字計算／概念判斷""","""需人工複核""","""運算方向、單位或題意關係判讀錯誤""",null,[],[],[],[],"""uncertain""","""low""","""未能從 OCR／文字安全推得出版社章節，不強制歸類。 QA 重新稽核：未找到與題幹精確一致的現有 SkillID；章節或官方碼候選不視為 direct，SkillID 已清空。""","""not_evaluable""","""uncertain_review""","{""answerKeySource"":""source_materials/tcool_math_g1_g4_康軒_翰林/grade-2/翰林/answers/P01_R08_安和國小_新北市_2年級_數學_113上_期末2_翰林_答案卷.pdf"",""answerNote"":null,""needsImage"":false,""ocrQuality"":""text_layer"",""questionImage"":""source_materials/tcool_math_g1_g4_康軒_翰林/_analysis/pilot/pages/G2-_-113_-_2-P01_R08_____2____113___2__/page-2.jpg"",""sourcePage"":2}","{""includeDecision"":""uncertain_review"",""notes"":""未能從 OCR／文字安全推得出版社章節，不強制歸類。 QA 重新稽核：未找到與題幹精確一致的現有 SkillID；章節或官方碼候選不視為 direct，SkillID 已清空。"",""publisherChapter"":null,""scopeOutlier"":""not_evaluable""}","{""answer"":null,""answer_key_source"":""source_materials/tcool_math_g1_g4_康軒_翰林/grade-2/翰林/answers/P01_R08_安和國小_新北市_2年級_數學_113上_期末2_翰林_答案卷.pdf"",""answer_status"":""needs_review"",""id"":""G2-翰林-113上-期末2-P01_R08_安和國小_新北市_2年級_數學_113上_期末2_翰林-q008"",""needs_image"":false,""ocr_quality"":""text_layer"",""original_number"":""四、報讀時刻(每格 1 分，共 10 分)#1"",""question_image"":""source_materials/tcool_math_g1_g4_康軒_翰林/_analysis/pilot/pages/G2-_-113_-_2-P01_R08_____2____113___2__/page-2.jpg"",""raw_text"":""(2) （ ），積是（ ）。"",""source_id"":""G2-翰林-113上-期末2-P01_R08_安和國小_新北市_2年級_數學_113上_期末2_翰林"",""source_page"":2}","{""alignmentStatus"":""uncertain"",""candidateSkillIds"":[],""common_trap"":""運算方向、單位或題意關係判讀錯誤"",""confidence"":""low"",""core_concept"":""需人工複核"",""include_decision"":""uncertain_review"",""notes"":""未能從 OCR／文字安全推得出版社章節，不強制歸類。 QA 重新稽核：未找到與題幹精確一致的現有 SkillID；章節或官方碼候選不視為 direct，SkillID 已清空。"",""officialContentCodes"":[],""officialPerformanceCodes"":[],""publisherChapter"":null,""question_id"":""G2-翰林-113上-期末2-P01_R08_安和國小_新北市_2年級_數學_113上_期末2_翰林-q008"",""question_type"":""文字計算／概念判斷"",""scope_outlier"":""not_evaluable"",""skillIds"":[],""source_id"":""G2-翰林-113上-期末2-P01_R08_安和國小_新北市_2年級_數學_113上_期末2_翰林""}","""first_pass"""
"""G2-翰林-113上-期末2-P01_R08_安和國小_新北市_2年級_數學_113上_期末2_翰林-q009""","""G2-翰林-113上-期末2-P01_R08_安和國小_新北市_2年級_數學_113上_期末2_翰林""","""question_group_candidate""","""not_verified_from_available_extraction""","""source_materials/tcool_math_g1_g4_康軒_翰林/grade-2/翰林/questions/P01_R08_安和國小_新北市_2年級_數學_113上_期末2_翰林_題目卷.pdf""","""source_materials/tcool_math_g1_g4_康軒_翰林/grade-2/翰林/answers/P01_R08_安和國小_新北市_2年級_數學_113上_期末2_翰林_答案卷.pdf""",2,"""source_materials/tcool_math_g1_g4_康軒_翰林/_analysis/pilot/pages/G2-_-113_-_2-P01_R08_____2____113___2__/page-2.jpg""","""四、報讀時刻(每格 1 分，共 10 分)#7""","""7. ( )時( )分 ( )時( )分 請觀察鐘面，從 3 時開 2.把正確時刻的鐘面在( )裡打ˇ 始，分針從鐘面數字 12 開始""",[],null,"""needs_review""",null,"""text_layer""",true,"""image_required""","""翰林""","""G2""","""113""","""上""","""期末2""","""時間報讀或經過時間""","""鐘面、時分或時間間隔""","""圖像／版面資訊遺失時不可憑 OCR 猜測""","{""chapterNumber"":8,""chapterTitle"":""時間"",""editionFamily"":""unknown""}","[""N-2-13""]","[""n-I-9""]",[],[],"""partial""","""medium""","""章節級候選；SkillID 留空，待視覺／題意複核後才做粒度對齊。 QA 重新稽核：未找到與題幹精確一致的現有 SkillID；章節或官方碼候選不視為 direct，SkillID 已清空。""","""not_evaluable""","""include_for_type_only""","{""answerKeySource"":""source_materials/tcool_math_g1_g4_康軒_翰林/grade-2/翰林/answers/P01_R08_安和國小_新北市_2年級_數學_113上_期末2_翰林_答案卷.pdf"",""answerNote"":null,""needsImage"":true,""ocrQuality"":""text_layer"",""questionImage"":""source_materials/tcool_math_g1_g4_康軒_翰林/_analysis/pilot/pages/G2-_-113_-_2-P01_R08_____2____113___2__/page-2.jpg"",""sourcePage"":2}","{""includeDecision"":""include_for_type_only"",""notes"":""章節級候選；SkillID 留空，待視覺／題意複核後才做粒度對齊。 QA 重新稽核：未找到與題幹精確一致的現有 SkillID；章節或官方碼候選不視為 direct，SkillID 已清空。"",""publisherChapter"":{""chapterNumber"":8,""chapterTitle"":""時間"",""editionFamily"":""unknown""},""scopeOutlier"":""not_evaluable""}","{""answer"":null,""answer_key_source"":""source_materials/tcool_math_g1_g4_康軒_翰林/grade-2/翰林/answers/P01_R08_安和國小_新北市_2年級_數學_113上_期末2_翰林_答案卷.pdf"",""answer_status"":""needs_review"",""id"":""G2-翰林-113上-期末2-P01_R08_安和國小_新北市_2年級_數學_113上_期末2_翰林-q009"",""needs_image"":true,""ocr_quality"":""text_layer"",""original_number"":""四、報讀時刻(每格 1 分，共 10 分)#7"",""question_image"":""source_materials/tcool_math_g1_g4_康軒_翰林/_analysis/pilot/pages/G2-_-113_-_2-P01_R08_____2____113___2__/page-2.jpg"",""raw_text"":""7. ( )時( )分 ( )時( )分 請觀察鐘面，從 3 時開 2.把正確時刻的鐘面在( )裡打ˇ 始，分針從鐘面數字 12 開始"",""source_id"":""G2-翰林-113上-期末2-P01_R08_安和國小_新北市_2年級_數學_113上_期末2_翰林"",""source_page"":2}","{""alignmentStatus"":""partial"",""candidateSkillIds"":[],""common_trap"":""圖像／版面資訊遺失時不可憑 OCR 猜測"",""confidence"":""medium"",""core_concept"":""鐘面、時分或時間間隔"",""include_decision"":""include_for_type_only"",""notes"":""章節級候選；SkillID 留空，待視覺／題意複核後才做粒度對齊。 QA 重新稽核：未找到與題幹精確一致的現有 SkillID；章節或官方碼候選不視為 direct，SkillID 已清空。"",""officialContentCodes"":[""N-2-13""],""officialPerformanceCodes"":[""n-I-9""],""publisherChapter"":{""chapterNumber"":8,""chapterTitle"":""時間"",""editionFamily"":""unknown""},""question_id"":""G2-翰林-113上-期末2-P01_R08_安和國小_新北市_2年級_數學_113上_期末2_翰林-q009"",""question_type"":""時間報讀或經過時間"",""scope_outlier"":""not_evaluable"",""skillIds"":[],""source_id"":""G2-翰林-113上-期末2-P01_R08_安和國小_新北市_2年級_數學_113上_期末2_翰林""}","""first_pass"""
"""G2-翰林-113上-期末2-P01_R08_安和國小_新北市_2年級_數學_113上_期末2_翰林-q010""","""G2-翰林-113上-期末2-P01_R08_安和國小_新北市_2年級_數學_113上_期末2_翰林""","""question_group_candidate""","""not_verified_from_available_extraction""","""source_materials/tcool_math_g1_g4_康軒_翰林/grade-2/翰林/questions/P01_R08_安和國小_新北市_2年級_數學_113上_期末2_翰林_題目卷.pdf""","""source_materials/tcool_math_g1_g4_康軒_翰林/grade-2/翰林/answers/P01_R08_安和國小_新北市_2年級_數學_113上_期末2_翰林_答案卷.pdf""",2,"""source_materials/tcool_math_g1_g4_康軒_翰林/_analysis/pilot/pages/G2-_-113_-_2-P01_R08_____2____113___2__/page-2.jpg""","""四、報讀時刻(每格 1 分，共 10 分)#1""","""妹妹早上 7 點多才起床 走 4 大格，也可以說是走了 ( )小格，此時鐘面是( ) 時( )分。""",[],null,"""needs_review""",null,"""text_layer""",true,"""image_required""","""翰林""","""G2""","""113""","""上""","""期末2""","""時間報讀或經過時間""","""鐘面、時分或時間間隔""","""圖像／版面資訊遺失時不可憑 OCR 猜測""","{""chapterNumber"":8,""chapterTitle"":""時間"",""editionFamily"":""unknown""}","[""N-2-13""]","[""n-I-9""]",[],[],"""partial""","""medium""","""章節級候選；SkillID 留空，待視覺／題意複核後才做粒度對齊。 QA 重新稽核：未找到與題幹精確一致的現有 SkillID；章節或官方碼候選不視為 direct，SkillID 已清空。""","""not_evaluable""","""include_for_type_only""","{""answerKeySource"":""source_materials/tcool_math_g1_g4_康軒_翰林/grade-2/翰林/answers/P01_R08_安和國小_新北市_2年級_數學_113上_期末2_翰林_答案卷.pdf"",""answerNote"":null,""needsImage"":true,""ocrQuality"":""text_layer"",""questionImage"":""source_materials/tcool_math_g1_g4_康軒_翰林/_analysis/pilot/pages/G2-_-113_-_2-P01_R08_____2____113___2__/page-2.jpg"",""sourcePage"":2}","{""includeDecision"":""include_for_type_only"",""notes"":""章節級候選；SkillID 留空，待視覺／題意複核後才做粒度對齊。 QA 重新稽核：未找到與題幹精確一致的現有 SkillID；章節或官方碼候選不視為 direct，SkillID 已清空。"",""publisherChapter"":{""chapterNumber"":8,""chapterTitle"":""時間"",""editionFamily"":""unknown""},""scopeOutlier"":""not_evaluable""}","{""answer"":null,""answer_key_source"":""source_materials/tcool_math_g1_g4_康軒_翰林/grade-2/翰林/answers/P01_R08_安和國小_新北市_2年級_數學_113上_期末2_翰林_答案卷.pdf"",""answer_status"":""needs_review"",""id"":""G2-翰林-113上-期末2-P01_R08_安和國小_新北市_2年級_數學_113上_期末2_翰林-q010"",""needs_image"":true,""ocr_quality"":""text_layer"",""original_number"":""四、報讀時刻(每格 1 分，共 10 分)#1"",""question_image"":""source_materials/tcool_math_g1_g4_康軒_翰林/_analysis/pilot/pages/G2-_-113_-_2-P01_R08_____2____113___2__/page-2.jpg"",""raw_text"":""妹妹早上 7 點多才起床 走 4 大格，也可以說是走了 ( )小格，此時鐘面是( ) 時( )分。"",""source_id"":""G2-翰林-113上-期末2-P01_R08_安和國小_新北市_2年級_數學_113上_期末2_翰林"",""source_page"":2}","{""alignmentStatus"":""partial"",""candidateSkillIds"":[],""common_trap"":""圖像／版面資訊遺失時不可憑 OCR 猜測"",""confidence"":""medium"",""core_concept"":""鐘面、時分或時間間隔"",""include_decision"":""include_for_type_only"",""notes"":""章節級候選；SkillID 留空，待視覺／題意複核後才做粒度對齊。 QA 重新稽核：未找到與題幹精確一致的現有 SkillID；章節或官方碼候選不視為 direct，SkillID 已清空。"",""officialContentCodes"":[""N-2-13""],""officialPerformanceCodes"":[""n-I-9""],""publisherChapter"":{""chapterNumber"":8,""chapterTitle"":""時間"",""editionFamily"":""unknown""},""question_id"":""G2-翰林-113上-期末2-P01_R08_安和國小_新北市_2年級_數學_113上_期末2_翰林-q010"",""question_type"":""時間報讀或經過時間"",""scope_outlier"":""not_evaluable"",""skillIds"":[],""source_id"":""G2-翰林-113上-期末2-P01_R08_安和國小_新北市_2年級_數學_113上_期末2_翰林""}","""first_pass"""
"""G2-翰林-113上-期末2-P01_R08_安和國小_新北市_2年級_數學_113上_期末2_翰林-q011""","""G2-翰林-113上-期末2-P01_R08_安和國小_新北市_2年級_數學_113上_期末2_翰林""","""question_group_candidate""","""not_verified_from_available_extraction""","""source_materials/tcool_math_g1_g4_康軒_翰林/grade-2/翰林/questions/P01_R08_安和國小_新北市_2年級_數學_113上_期末2_翰林_題目卷.pdf""","""source_materials/tcool_math_g1_g4_康軒_翰林/grade-2/翰林/answers/P01_R08_安和國小_新北市_2年級_數學_113上_期末2_翰林_答案卷.pdf""",2,"""source_materials/tcool_math_g1_g4_康軒_翰林/_analysis/pilot/pages/G2-_-113_-_2-P01_R08_____2____113___2__/page-2.jpg""","""四、報讀時刻(每格 1 分，共 10 分)#8""","""將甲、乙、丙三個面的大 小，由大到小在( )裡寫上 ( ) ( ) ( )""",[],null,"""needs_review""",null,"""text_layer""",false,"""text_only""","""翰林""","""G2""","""113""","""上""","""期末2""","""文字計算／概念判斷""","""需人工複核""","""運算方向、單位或題意關係判讀錯誤""",null,[],[],[],[],"""uncertain""","""low""","""未能從 OCR／文字安全推得出版社章節，不強制歸類。 QA 重新稽核：未找到與題幹精確一致的現有 SkillID；章節或官方碼候選不視為 direct，SkillID 已清空。""","""not_evaluable""","""uncertain_review""","{""answerKeySource"":""source_materials/tcool_math_g1_g4_康軒_翰林/grade-2/翰林/answers/P01_R08_安和國小_新北市_2年級_數學_113上_期末2_翰林_答案卷.pdf"",""answerNote"":null,""needsImage"":false,""ocrQuality"":""text_layer"",""questionImage"":""source_materials/tcool_math_g1_g4_康軒_翰林/_analysis/pilot/pages/G2-_-113_-_2-P01_R08_____2____113___2__/page-2.jpg"",""sourcePage"":2}","{""includeDecision"":""uncertain_review"",""notes"":""未能從 OCR／文字安全推得出版社章節，不強制歸類。 QA 重新稽核：未找到與題幹精確一致的現有 SkillID；章節或官方碼候選不視為 direct，SkillID 已清空。"",""publisherChapter"":null,""scopeOutlier"":""not_evaluable""}","{""answer"":null,""answer_key_source"":""source_materials/tcool_math_g1_g4_康軒_翰林/grade-2/翰林/answers/P01_R08_安和國小_新北市_2年級_數學_113上_期末2_翰林_答案卷.pdf"",""answer_status"":""needs_review"",""id"":""G2-翰林-113上-期末2-P01_R08_安和國小_新北市_2年級_數學_113上_期末2_翰林-q011"",""needs_image"":false,""ocr_quality"":""text_layer"",""original_number"":""四、報讀時刻(每格 1 分，共 10 分)#8"",""question_image"":""source_materials/tcool_math_g1_g4_康軒_翰林/_analysis/pilot/pages/G2-_-113_-_2-P01_R08_____2____113___2__/page-2.jpg"",""raw_text"":""將甲、乙、丙三個面的大 小，由大到小在( )裡寫上 ( ) ( ) ( )"",""source_id"":""G2-翰林-113上-期末2-P01_R08_安和國小_新北市_2年級_數學_113上_期末2_翰林"",""source_page"":2}","{""alignmentStatus"":""uncertain"",""candidateSkillIds"":[],""common_trap"":""運算方向、單位或題意關係判讀錯誤"",""confidence"":""low"",""core_concept"":""需人工複核"",""include_decision"":""uncertain_review"",""notes"":""未能從 OCR／文字安全推得出版社章節，不強制歸類。 QA 重新稽核：未找到與題幹精確一致的現有 SkillID；章節或官方碼候選不視為 direct，SkillID 已清空。"",""officialContentCodes"":[],""officialPerformanceCodes"":[],""publisherChapter"":null,""question_id"":""G2-翰林-113上-期末2-P01_R08_安和國小_新北市_2年級_數學_113上_期末2_翰林-q011"",""question_type"":""文字計算／概念判斷"",""scope_outlier"":""not_evaluable"",""skillIds"":[],""source_id"":""G2-翰林-113上-期末2-P01_R08_安和國小_新北市_2年級_數學_113上_期末2_翰林""}","""first_pass"""
"""G2-翰林-113上-期末2-P01_R08_安和國小_新北市_2年級_數學_113上_期末2_翰林-q012""","""G2-翰林-113上-期末2-P01_R08_安和國小_新北市_2年級_數學_113上_期末2_翰林""","""question_group_candidate""","""not_verified_from_available_extraction""","""source_materials/tcool_math_g1_g4_康軒_翰林/grade-2/翰林/questions/P01_R08_安和國小_新北市_2年級_數學_113上_期末2_翰林_題目卷.pdf""","""source_materials/tcool_math_g1_g4_康軒_翰林/grade-2/翰林/answers/P01_R08_安和國小_新北市_2年級_數學_113上_期末2_翰林_答案卷.pdf""",2,"""source_materials/tcool_math_g1_g4_康軒_翰林/_analysis/pilot/pages/G2-_-113_-_2-P01_R08_____2____113___2__/page-2.jpg""","""四、報讀時刻(每格 1 分，共 10 分)#2""","""爺爺下午 5 點多去散步 甲 乙 丙 ( ) ( ) ( ) ( ) ( ) ( ) 第2 頁""",[],null,"""needs_review""",null,"""text_layer""",false,"""text_only""","""翰林""","""G2""","""113""","""上""","""期末2""","""文字計算／概念判斷""","""需人工複核""","""運算方向、單位或題意關係判讀錯誤""",null,[],[],[],[],"""uncertain""","""low""","""未能從 OCR／文字安全推得出版社章節，不強制歸類。 QA 重新稽核：未找到與題幹精確一致的現有 SkillID；章節或官方碼候選不視為 direct，SkillID 已清空。""","""not_evaluable""","""uncertain_review""","{""answerKeySource"":""source_materials/tcool_math_g1_g4_康軒_翰林/grade-2/翰林/answers/P01_R08_安和國小_新北市_2年級_數學_113上_期末2_翰林_答案卷.pdf"",""answerNote"":null,""needsImage"":false,""ocrQuality"":""text_layer"",""questionImage"":""source_materials/tcool_math_g1_g4_康軒_翰林/_analysis/pilot/pages/G2-_-113_-_2-P01_R08_____2____113___2__/page-2.jpg"",""sourcePage"":2}","{""includeDecision"":""uncertain_review"",""notes"":""未能從 OCR／文字安全推得出版社章節，不強制歸類。 QA 重新稽核：未找到與題幹精確一致的現有 SkillID；章節或官方碼候選不視為 direct，SkillID 已清空。"",""publisherChapter"":null,""scopeOutlier"":""not_evaluable""}","{""answer"":null,""answer_key_source"":""source_materials/tcool_math_g1_g4_康軒_翰林/grade-2/翰林/answers/P01_R08_安和國小_新北市_2年級_數學_113上_期末2_翰林_答案卷.pdf"",""answer_status"":""needs_review"",""id"":""G2-翰林-113上-期末2-P01_R08_安和國小_新北市_2年級_數學_113上_期末2_翰林-q012"",""needs_image"":false,""ocr_quality"":""text_layer"",""original_number"":""四、報讀時刻(每格 1 分，共 10 分)#2"",""question_image"":""source_materials/tcool_math_g1_g4_康軒_翰林/_analysis/pilot/pages/G2-_-113_-_2-P01_R08_____2____113___2__/page-2.jpg"",""raw_text"":""爺爺下午 5 點多去散步 甲 乙 丙 ( ) ( ) ( ) ( ) ( ) ( ) 第2 頁"",""source_id"":""G2-翰林-113上-期末2-P01_R08_安和國小_新北市_2年級_數學_113上_期末2_翰林"",""source_page"":2}","{""alignmentStatus"":""uncertain"",""candidateSkillIds"":[],""common_trap"":""運算方向、單位或題意關係判讀錯誤"",""confidence"":""low"",""core_concept"":""需人工複核"",""include_decision"":""uncertain_review"",""notes"":""未能從 OCR／文字安全推得出版社章節，不強制歸類。 QA 重新稽核：未找到與題幹精確一致的現有 SkillID；章節或官方碼候選不視為 direct，SkillID 已清空。"",""officialContentCodes"":[],""officialPerformanceCodes"":[],""publisherChapter"":null,""question_id"":""G2-翰林-113上-期末2-P01_R08_安和國小_新北市_2年級_數學_113上_期末2_翰林-q012"",""question_type"":""文字計算／概念判斷"",""scope_outlier"":""not_evaluable"",""skillIds"":[],""source_id"":""G2-翰林-113上-期末2-P01_R08_安和國小_新北市_2年級_數學_113上_期末2_翰林""}","""first_pass"""
"""G2-翰林-113上-期末2-P01_R08_安和國小_新北市_2年級_數學_113上_期末2_翰林-q013""","""G2-翰林-113上-期末2-P01_R08_安和國小_新北市_2年級_數學_113上_期末2_翰林""","""question_group_candidate""","""not_verified_from_available_extraction""","""source_materials/tcool_math_g1_g4_康軒_翰林/grade-2/翰林/questions/P01_R08_安和國小_新北市_2年級_數學_113上_期末2_翰林_題目卷.pdf""","""source_materials/tcool_math_g1_g4_康軒_翰林/grade-2/翰林/answers/P01_R08_安和國小_新北市_2年級_數學_113上_期末2_翰林_答案卷.pdf""",3,"""source_materials/tcool_math_g1_g4_康軒_翰林/_analysis/pilot/pages/G2-_-113_-_2-P01_R08_____2____113___2__/page-3.jpg""","""五、依照題意列出算式並算出 2. 安和國小二年級校外教學到#1""","""哥哥跟同學要報名參加籃球 (1) 上午 8 時出發，上午 8 時 45 比賽，請回答下列問題。 分鐘抵達動物園，請問分針""",[],null,"""needs_review""",null,"""text_layer""",false,"""text_only""","""翰林""","""G2""","""113""","""上""","""期末2""","""時間報讀或經過時間""","""鐘面、時分或時間間隔""","""運算方向、單位或題意關係判讀錯誤""","{""chapterNumber"":8,""chapterTitle"":""時間"",""editionFamily"":""unknown""}","[""N-2-13""]","[""n-I-9""]",[],[],"""partial""","""medium""","""章節級候選；SkillID 留空，待視覺／題意複核後才做粒度對齊。 QA 重新稽核：未找到與題幹精確一致的現有 SkillID；章節或官方碼候選不視為 direct，SkillID 已清空。""","""not_evaluable""","""include_for_type_only""","{""answerKeySource"":""source_materials/tcool_math_g1_g4_康軒_翰林/grade-2/翰林/answers/P01_R08_安和國小_新北市_2年級_數學_113上_期末2_翰林_答案卷.pdf"",""answerNote"":null,""needsImage"":false,""ocrQuality"":""text_layer"",""questionImage"":""source_materials/tcool_math_g1_g4_康軒_翰林/_analysis/pilot/pages/G2-_-113_-_2-P01_R08_____2____113___2__/page-3.jpg"",""sourcePage"":3}","{""includeDecision"":""include_for_type_only"",""notes"":""章節級候選；SkillID 留空，待視覺／題意複核後才做粒度對齊。 QA 重新稽核：未找到與題幹精確一致的現有 SkillID；章節或官方碼候選不視為 direct，SkillID 已清空。"",""publisherChapter"":{""chapterNumber"":8,""chapterTitle"":""時間"",""editionFamily"":""unknown""},""scopeOutlier"":""not_evaluable""}","{""answer"":null,""answer_key_source"":""source_materials/tcool_math_g1_g4_康軒_翰林/grade-2/翰林/answers/P01_R08_安和國小_新北市_2年級_數學_113上_期末2_翰林_答案卷.pdf"",""answer_status"":""needs_review"",""id"":""G2-翰林-113上-期末2-P01_R08_安和國小_新北市_2年級_數學_113上_期末2_翰林-q013"",""needs_image"":false,""ocr_quality"":""text_layer"",""original_number"":""五、依照題意列出算式並算出 2. 安和國小二年級校外教學到#1"",""question_image"":""source_materials/tcool_math_g1_g4_康軒_翰林/_analysis/pilot/pages/G2-_-113_-_2-P01_R08_____2____113___2__/page-3.jpg"",""raw_text"":""哥哥跟同學要報名參加籃球 (1) 上午 8 時出發，上午 8 時 45 比賽，請回答下列問題。 分鐘抵達動物園，請問分針"",""source_id"":""G2-翰林-113上-期末2-P01_R08_安和國小_新北市_2年級_數學_113上_期末2_翰林"",""source_page"":3}","{""alignmentStatus"":""partial"",""candidateSkillIds"":[],""common_trap"":""運算方向、單位或題意關係判讀錯誤"",""confidence"":""medium"",""core_concept"":""鐘面、時分或時間間隔"",""include_decision"":""include_for_type_only"",""notes"":""章節級候選；SkillID 留空，待視覺／題意複核後才做粒度對齊。 QA 重新稽核：未找到與題幹精確一致的現有 SkillID；章節或官方碼候選不視為 direct，SkillID 已清空。"",""officialContentCodes"":[""N-2-13""],""officialPerformanceCodes"":[""n-I-9""],""publisherChapter"":{""chapterNumber"":8,""chapterTitle"":""時間"",""editionFamily"":""unknown""},""question_id"":""G2-翰林-113上-期末2-P01_R08_安和國小_新北市_2年級_數學_113上_期末2_翰林-q013"",""question_type"":""時間報讀或經過時間"",""scope_outlier"":""not_evaluable"",""skillIds"":[],""source_id"":""G2-翰林-113上-期末2-P01_R08_安和國小_新北市_2年級_數學_113上_期末2_翰林""}","""first_pass"""
"""G2-翰林-113上-期末2-P01_R08_安和國小_新北市_2年級_數學_113上_期末2_翰林-q014""","""G2-翰林-113上-期末2-P01_R08_安和國小_新北市_2年級_數學_113上_期末2_翰林""","""question_group_candidate""","""not_verified_from_available_extraction""","""source_materials/tcool_math_g1_g4_康軒_翰林/grade-2/翰林/questions/P01_R08_安和國小_新北市_2年級_數學_113上_期末2_翰林_題目卷.pdf""","""source_materials/tcool_math_g1_g4_康軒_翰林/grade-2/翰林/answers/P01_R08_安和國小_新北市_2年級_數學_113上_期末2_翰林_答案卷.pdf""",3,"""source_materials/tcool_math_g1_g4_康軒_翰林/_analysis/pilot/pages/G2-_-113_-_2-P01_R08_____2____113___2__/page-3.jpg""","""五、依照題意列出算式並算出 2. 安和國小二年級校外教學到#1""","""每支隊伍需要 5 人，總共有 走了( )大格，是( ) 9 隊報名參加，這次比賽共 分鐘(不用寫計算過程) (4 分) 有幾個人參加? (4 分) 出發時間 抵達時間 請用乘法算式記錄問題: 答: ( )人""",[],null,"""needs_review""",null,"""text_layer""",false,"""text_only""","""翰林""","""G2""","""113""","""上""","""期末2""","""時間報讀或經過時間""","""鐘面、時分或時間間隔""","""運算方向、單位或題意關係判讀錯誤""","{""chapterNumber"":7,""chapterTitle"":""乘法（一）"",""editionFamily"":""unknown""}","[""N-2-6"",""N-2-7"",""R-2-3""]","[""n-I-4"",""r-I-2""]",[],[],"""partial""","""medium""","""章節級候選；SkillID 留空，待視覺／題意複核後才做粒度對齊。 QA 重新稽核：未找到與題幹精確一致的現有 SkillID；章節或官方碼候選不視為 direct，SkillID 已清空。""","""not_evaluable""","""include_for_type_only""","{""answerKeySource"":""source_materials/tcool_math_g1_g4_康軒_翰林/grade-2/翰林/answers/P01_R08_安和國小_新北市_2年級_數學_113上_期末2_翰林_答案卷.pdf"",""answerNote"":null,""needsImage"":false,""ocrQuality"":""text_layer"",""questionImage"":""source_materials/tcool_math_g1_g4_康軒_翰林/_analysis/pilot/pages/G2-_-113_-_2-P01_R08_____2____113___2__/page-3.jpg"",""sourcePage"":3}","{""includeDecision"":""include_for_type_only"",""notes"":""章節級候選；SkillID 留空，待視覺／題意複核後才做粒度對齊。 QA 重新稽核：未找到與題幹精確一致的現有 SkillID；章節或官方碼候選不視為 direct，SkillID 已清空。"",""publisherChapter"":{""chapterNumber"":7,""chapterTitle"":""乘法（一）"",""editionFamily"":""unknown""},""scopeOutlier"":""not_evaluable""}","{""answer"":null,""answer_key_source"":""source_materials/tcool_math_g1_g4_康軒_翰林/grade-2/翰林/answers/P01_R08_安和國小_新北市_2年級_數學_113上_期末2_翰林_答案卷.pdf"",""answer_status"":""needs_review"",""id"":""G2-翰林-113上-期末2-P01_R08_安和國小_新北市_2年級_數學_113上_期末2_翰林-q014"",""needs_image"":false,""ocr_quality"":""text_layer"",""original_number"":""五、依照題意列出算式並算出 2. 安和國小二年級校外教學到#1"",""question_image"":""source_materials/tcool_math_g1_g4_康軒_翰林/_analysis/pilot/pages/G2-_-113_-_2-P01_R08_____2____113___2__/page-3.jpg"",""raw_text"":""每支隊伍需要 5 人，總共有 走了( )大格，是( ) 9 隊報名參加，這次比賽共 分鐘(不用寫計算過程) (4 分) 有幾個人參加? (4 分) 出發時間 抵達時間 請用乘法算式記錄問題: 答: ( )人"",""source_id"":""G2-翰林-113上-期末2-P01_R08_安和國小_新北市_2年級_數學_113上_期末2_翰林"",""source_page"":3}","{""alignmentStatus"":""partial"",""candidateSkillIds"":[],""common_trap"":""運算方向、單位或題意關係判讀錯誤"",""confidence"":""medium"",""core_concept"":""鐘面、時分或時間間隔"",""include_decision"":""include_for_type_only"",""notes"":""章節級候選；SkillID 留空，待視覺／題意複核後才做粒度對齊。 QA 重新稽核：未找到與題幹精確一致的現有 SkillID；章節或官方碼候選不視為 direct，SkillID 已清空。"",""officialContentCodes"":[""N-2-6"",""N-2-7"",""R-2-3""],""officialPerformanceCodes"":[""n-I-4"",""r-I-2""],""publisherChapter"":{""chapterNumber"":7,""chapterTitle"":""乘法（一）"",""editionFamily"":""unknown""},""question_id"":""G2-翰林-113上-期末2-P01_R08_安和國小_新北市_2年級_數學_113上_期末2_翰林-q014"",""question_type"":""時間報讀或經過時間"",""scope_outlier"":""not_evaluable"",""skillIds"":[],""source_id"":""G2-翰林-113上-期末2-P01_R08_安和國小_新北市_2年級_數學_113上_期末2_翰林""}","""first_pass"""
"""G2-翰林-113上-期末2-P01_R08_安和國小_新北市_2年級_數學_113上_期末2_翰林-q015""","""G2-翰林-113上-期末2-P01_R08_安和國小_新北市_2年級_數學_113上_期末2_翰林""","""question_group_candidate""","""not_verified_from_available_extraction""","""source_materials/tcool_math_g1_g4_康軒_翰林/grade-2/翰林/questions/P01_R08_安和國小_新北市_2年級_數學_113上_期末2_翰林_題目卷.pdf""","""source_materials/tcool_math_g1_g4_康軒_翰林/grade-2/翰林/answers/P01_R08_安和國小_新北市_2年級_數學_113上_期末2_翰林_答案卷.pdf""",3,"""source_materials/tcool_math_g1_g4_康軒_翰林/_analysis/pilot/pages/G2-_-113_-_2-P01_R08_____2____113___2__/page-3.jpg""","""五、依照題意列出算式並算出 2. 安和國小二年級校外教學到#2""","""哥哥原本有 75 元，爸爸又給""",[],null,"""needs_review""",null,"""text_layer""",false,"""text_only""","""翰林""","""G2""","""113""","""上""","""期末2""","""錢幣與金額應用""","""數錢、湊付或找補""","""運算方向、單位或題意關係判讀錯誤""",null,[],[],[],[],"""uncertain""","""low""","""未能從 OCR／文字安全推得出版社章節，不強制歸類。 QA 重新稽核：未找到與題幹精確一致的現有 SkillID；章節或官方碼候選不視為 direct，SkillID 已清空。""","""not_evaluable""","""uncertain_review""","{""answerKeySource"":""source_materials/tcool_math_g1_g4_康軒_翰林/grade-2/翰林/answers/P01_R08_安和國小_新北市_2年級_數學_113上_期末2_翰林_答案卷.pdf"",""answerNote"":null,""needsImage"":false,""ocrQuality"":""text_layer"",""questionImage"":""source_materials/tcool_math_g1_g4_康軒_翰林/_analysis/pilot/pages/G2-_-113_-_2-P01_R08_____2____113___2__/page-3.jpg"",""sourcePage"":3}","{""includeDecision"":""uncertain_review"",""notes"":""未能從 OCR／文字安全推得出版社章節，不強制歸類。 QA 重新稽核：未找到與題幹精確一致的現有 SkillID；章節或官方碼候選不視為 direct，SkillID 已清空。"",""publisherChapter"":null,""scopeOutlier"":""not_evaluable""}","{""answer"":null,""answer_key_source"":""source_materials/tcool_math_g1_g4_康軒_翰林/grade-2/翰林/answers/P01_R08_安和國小_新北市_2年級_數學_113上_期末2_翰林_答案卷.pdf"",""answer_status"":""needs_review"",""id"":""G2-翰林-113上-期末2-P01_R08_安和國小_新北市_2年級_數學_113上_期末2_翰林-q015"",""needs_image"":false,""ocr_quality"":""text_layer"",""original_number"":""五、依照題意列出算式並算出 2. 安和國小二年級校外教學到#2"",""question_image"":""source_materials/tcool_math_g1_g4_康軒_翰林/_analysis/pilot/pages/G2-_-113_-_2-P01_R08_____2____113___2__/page-3.jpg"",""raw_text"":""哥哥原本有 75 元，爸爸又給"",""source_id"":""G2-翰林-113上-期末2-P01_R08_安和國小_新北市_2年級_數學_113上_期末2_翰林"",""source_page"":3}","{""alignmentStatus"":""uncertain"",""candidateSkillIds"":[],""common_trap"":""運算方向、單位或題意關係判讀錯誤"",""confidence"":""low"",""core_concept"":""數錢、湊付或找補"",""include_decision"":""uncertain_review"",""notes"":""未能從 OCR／文字安全推得出版社章節，不強制歸類。 QA 重新稽核：未找到與題幹精確一致的現有 SkillID；章節或官方碼候選不視為 direct，SkillID 已清空。"",""officialContentCodes"":[],""officialPerformanceCodes"":[],""publisherChapter"":null,""question_id"":""G2-翰林-113上-期末2-P01_R08_安和國小_新北市_2年級_數學_113上_期末2_翰林-q015"",""question_type"":""錢幣與金額應用"",""scope_outlier"":""not_evaluable"",""skillIds"":[],""source_id"":""G2-翰林-113上-期末2-P01_R08_安和國小_新北市_2年級_數學_113上_期末2_翰林""}","""first_pass"""
"""G2-翰林-113上-期末2-P01_R08_安和國小_新北市_2年級_數學_113上_期末2_翰林-q016""","""G2-翰林-113上-期末2-P01_R08_安和國小_新北市_2年級_數學_113上_期末2_翰林""","""question_group_candidate""","""not_verified_from_available_extraction""","""source_materials/tcool_math_g1_g4_康軒_翰林/grade-2/翰林/questions/P01_R08_安和國小_新北市_2年級_數學_113上_期末2_翰林_題目卷.pdf""","""source_materials/tcool_math_g1_g4_康軒_翰林/grade-2/翰林/answers/P01_R08_安和國小_新北市_2年級_數學_113上_期末2_翰林_答案卷.pdf""",3,"""source_materials/tcool_math_g1_g4_康軒_翰林/_analysis/pilot/pages/G2-_-113_-_2-P01_R08_____2____113___2__/page-3.jpg""","""五、依照題意列出算式並算出 2. 安和國小二年級校外教學到#2""","""在地圖上，動物園分成甲、 他 15 元，哥哥買早餐花了 68 乙、丙共 3 區，如下圖 (8 分) 元，請問哥哥剩下多少元? (4 分) 甲 乙 先算: 丙 再算: 甲區和( )個□一樣大， 乙區和( )個□一樣大， 答: ( )元 丙區和( )個□一樣大，""",[],null,"""needs_review""",null,"""text_layer""",true,"""image_required""","""翰林""","""G2""","""113""","""上""","""期末2""","""錢幣與金額應用""","""數錢、湊付或找補""","""圖像／版面資訊遺失時不可憑 OCR 猜測""","{""chapterNumber"":2,""chapterTitle"":""二位數的加減法"",""editionFamily"":""unknown""}","[""N-2-2"",""R-2-1"",""R-2-4""]","[""n-I-2"",""r-I-1"",""n-I-3"",""r-I-3""]",[],[],"""partial""","""medium""","""章節級候選；SkillID 留空，待視覺／題意複核後才做粒度對齊。 QA 重新稽核：未找到與題幹精確一致的現有 SkillID；章節或官方碼候選不視為 direct，SkillID 已清空。""","""not_evaluable""","""include_for_type_only""","{""answerKeySource"":""source_materials/tcool_math_g1_g4_康軒_翰林/grade-2/翰林/answers/P01_R08_安和國小_新北市_2年級_數學_113上_期末2_翰林_答案卷.pdf"",""answerNote"":null,""needsImage"":true,""ocrQuality"":""text_layer"",""questionImage"":""source_materials/tcool_math_g1_g4_康軒_翰林/_analysis/pilot/pages/G2-_-113_-_2-P01_R08_____2____113___2__/page-3.jpg"",""sourcePage"":3}","{""includeDecision"":""include_for_type_only"",""notes"":""章節級候選；SkillID 留空，待視覺／題意複核後才做粒度對齊。 QA 重新稽核：未找到與題幹精確一致的現有 SkillID；章節或官方碼候選不視為 direct，SkillID 已清空。"",""publisherChapter"":{""chapterNumber"":2,""chapterTitle"":""二位數的加減法"",""editionFamily"":""unknown""},""scopeOutlier"":""not_evaluable""}","{""answer"":null,""answer_key_source"":""source_materials/tcool_math_g1_g4_康軒_翰林/grade-2/翰林/answers/P01_R08_安和國小_新北市_2年級_數學_113上_期末2_翰林_答案卷.pdf"",""answer_status"":""needs_review"",""id"":""G2-翰林-113上-期末2-P01_R08_安和國小_新北市_2年級_數學_113上_期末2_翰林-q016"",""needs_image"":true,""ocr_quality"":""text_layer"",""original_number"":""五、依照題意列出算式並算出 2. 安和國小二年級校外教學到#2"",""question_image"":""source_materials/tcool_math_g1_g4_康軒_翰林/_analysis/pilot/pages/G2-_-113_-_2-P01_R08_____2____113___2__/page-3.jpg"",""raw_text"":""在地圖上，動物園分成甲、 他 15 元，哥哥買早餐花了 68 乙、丙共 3 區，如下圖 (8 分) 元，請問哥哥剩下多少元? (4 分) 甲 乙 先算: 丙 再算: 甲區和( )個□一樣大， 乙區和( )個□一樣大， 答: ( )元 丙區和( )個□一樣大，"",""source_id"":""G2-翰林-113上-期末2-P01_R08_安和國小_新北市_2年級_數學_113上_期末2_翰林"",""source_page"":3}","{""alignmentStatus"":""partial"",""candidateSkillIds"":[],""common_trap"":""圖像／版面資訊遺失時不可憑 OCR 猜測"",""confidence"":""medium"",""core_concept"":""數錢、湊付或找補"",""include_decision"":""include_for_type_only"",""notes"":""章節級候選；SkillID 留空，待視覺／題意複核後才做粒度對齊。 QA 重新稽核：未找到與題幹精確一致的現有 SkillID；章節或官方碼候選不視為 direct，SkillID 已清空。"",""officialContentCodes"":[""N-2-2"",""R-2-1"",""R-2-4""],""officialPerformanceCodes"":[""n-I-2"",""r-I-1"",""n-I-3"",""r-I-3""],""publisherChapter"":{""chapterNumber"":2,""chapterTitle"":""二位數的加減法"",""editionFamily"":""unknown""},""question_id"":""G2-翰林-113上-期末2-P01_R08_安和國小_新北市_2年級_數學_113上_期末2_翰林-q016"",""question_type"":""錢幣與金額應用"",""scope_outlier"":""not_evaluable"",""skillIds"":[],""source_id"":""G2-翰林-113上-期末2-P01_R08_安和國小_新北市_2年級_數學_113上_期末2_翰林""}","""first_pass"""
"""G2-翰林-113上-期末2-P01_R08_安和國小_新北市_2年級_數學_113上_期末2_翰林-q017""","""G2-翰林-113上-期末2-P01_R08_安和國小_新北市_2年級_數學_113上_期末2_翰林""","""question_group_candidate""","""not_verified_from_available_extraction""","""source_materials/tcool_math_g1_g4_康軒_翰林/grade-2/翰林/questions/P01_R08_安和國小_新北市_2年級_數學_113上_期末2_翰林_題目卷.pdf""","""source_materials/tcool_math_g1_g4_康軒_翰林/grade-2/翰林/answers/P01_R08_安和國小_新北市_2年級_數學_113上_期末2_翰林_答案卷.pdf""",3,"""source_materials/tcool_math_g1_g4_康軒_翰林/_analysis/pilot/pages/G2-_-113_-_2-P01_R08_____2____113___2__/page-3.jpg""","""五、依照題意列出算式並算出 2. 安和國小二年級校外教學到#3""","""哥哥上午 7 時出門，回到家 ( )區的面比較大。 是上午 11 時，請問經過了幾 3. 哥哥吃了 18 顆水餃，弟弟比 小時?(不用寫計算過程) (2 分) 哥哥少吃 5 顆水餃，請問兄弟 出門時間 到家時間 兩人一共吃了幾顆水餃? (4 分) 先算: 再算: 答: ( )顆 答:經過( )小時 背面還有題目喔！ 第3 頁""",[],null,"""needs_review""",null,"""text_layer""",false,"""text_only""","""翰林""","""G2""","""113""","""上""","""期末2""","""時間報讀或經過時間""","""鐘面、時分或時間間隔""","""運算方向、單位或題意關係判讀錯誤""","{""chapterNumber"":8,""chapterTitle"":""時間"",""editionFamily"":""unknown""}","[""N-2-13""]","[""n-I-9""]",[],[],"""partial""","""medium""","""章節級候選；SkillID 留空，待視覺／題意複核後才做粒度對齊。 QA 重新稽核：未找到與題幹精確一致的現有 SkillID；章節或官方碼候選不視為 direct，SkillID 已清空。""","""not_evaluable""","""include_for_type_only""","{""answerKeySource"":""source_materials/tcool_math_g1_g4_康軒_翰林/grade-2/翰林/answers/P01_R08_安和國小_新北市_2年級_數學_113上_期末2_翰林_答案卷.pdf"",""answerNote"":null,""needsImage"":false,""ocrQuality"":""text_layer"",""questionImage"":""source_materials/tcool_math_g1_g4_康軒_翰林/_analysis/pilot/pages/G2-_-113_-_2-P01_R08_____2____113___2__/page-3.jpg"",""sourcePage"":3}","{""includeDecision"":""include_for_type_only"",""notes"":""章節級候選；SkillID 留空，待視覺／題意複核後才做粒度對齊。 QA 重新稽核：未找到與題幹精確一致的現有 SkillID；章節或官方碼候選不視為 direct，SkillID 已清空。"",""publisherChapter"":{""chapterNumber"":8,""chapterTitle"":""時間"",""editionFamily"":""unknown""},""scopeOutlier"":""not_evaluable""}","{""answer"":null,""answer_key_source"":""source_materials/tcool_math_g1_g4_康軒_翰林/grade-2/翰林/answers/P01_R08_安和國小_新北市_2年級_數學_113上_期末2_翰林_答案卷.pdf"",""answer_status"":""needs_review"",""id"":""G2-翰林-113上-期末2-P01_R08_安和國小_新北市_2年級_數學_113上_期末2_翰林-q017"",""needs_image"":false,""ocr_quality"":""text_layer"",""original_number"":""五、依照題意列出算式並算出 2. 安和國小二年級校外教學到#3"",""question_image"":""source_materials/tcool_math_g1_g4_康軒_翰林/_analysis/pilot/pages/G2-_-113_-_2-P01_R08_____2____113___2__/page-3.jpg"",""raw_text"":""哥哥上午 7 時出門，回到家 ( )區的面比較大。 是上午 11 時，請問經過了幾 3. 哥哥吃了 18 顆水餃，弟弟比 小時?(不用寫計算過程) (2 分) 哥哥少吃 5 顆水餃，請問兄弟 出門時間 到家時間 兩人一共吃了幾顆水餃? (4 分) 先算: 再算: 答: ( )顆 答:經過( )小時 背面還有題目喔！ 第3 頁"",""source_id"":""G2-翰林-113上-期末2-P01_R08_安和國小_新北市_2年級_數學_113上_期末2_翰林"",""source_page"":3}","{""alignmentStatus"":""partial"",""candidateSkillIds"":[],""common_trap"":""運算方向、單位或題意關係判讀錯誤"",""confidence"":""medium"",""core_concept"":""鐘面、時分或時間間隔"",""include_decision"":""include_for_type_only"",""notes"":""章節級候選；SkillID 留空，待視覺／題意複核後才做粒度對齊。 QA 重新稽核：未找到與題幹精確一致的現有 SkillID；章節或官方碼候選不視為 direct，SkillID 已清空。"",""officialContentCodes"":[""N-2-13""],""officialPerformanceCodes"":[""n-I-9""],""publisherChapter"":{""chapterNumber"":8,""chapterTitle"":""時間"",""editionFamily"":""unknown""},""question_id"":""G2-翰林-113上-期末2-P01_R08_安和國小_新北市_2年級_數學_113上_期末2_翰林-q017"",""question_type"":""時間報讀或經過時間"",""scope_outlier"":""not_evaluable"",""skillIds"":[],""source_id"":""G2-翰林-113上-期末2-P01_R08_安和國小_新北市_2年級_數學_113上_期末2_翰林""}","""first_pass"""
"""G2-翰林-113上-期末2-P01_R08_安和國小_新北市_2年級_數學_113上_期末2_翰林-q018""","""G2-翰林-113上-期末2-P01_R08_安和國小_新北市_2年級_數學_113上_期末2_翰林""","""question_group_candidate""","""not_verified_from_available_extraction""","""source_materials/tcool_math_g1_g4_康軒_翰林/grade-2/翰林/questions/P01_R08_安和國小_新北市_2年級_數學_113上_期末2_翰林_題目卷.pdf""","""source_materials/tcool_math_g1_g4_康軒_翰林/grade-2/翰林/answers/P01_R08_安和國小_新北市_2年級_數學_113上_期末2_翰林_答案卷.pdf""",4,"""source_materials/tcool_math_g1_g4_康軒_翰林/_analysis/pilot/pages/G2-_-113_-_2-P01_R08_____2____113___2__/page-4.jpg""","""未辨識題組#4""","""小新要存錢買水彩，第 1 週存 25 元，第 2 週比第 1 週多存 32 元，第 3 週比第 2 週多存 19 元，請問第三週存了多少元? (4 分) 25 元 第1週 32 元 第2週 19 元 第3週 ？ 先算: 再算: 答: ( )元""",[],null,"""needs_review""",null,"""text_layer""",false,"""text_only""","""翰林""","""G2""","""113""","""上""","""期末2""","""錢幣與金額應用""","""數錢、湊付或找補""","""運算方向、單位或題意關係判讀錯誤""",null,[],[],[],[],"""uncertain""","""low""","""未能從 OCR／文字安全推得出版社章節，不強制歸類。 QA 重新稽核：未找到與題幹精確一致的現有 SkillID；章節或官方碼候選不視為 direct，SkillID 已清空。""","""not_evaluable""","""uncertain_review""","{""answerKeySource"":""source_materials/tcool_math_g1_g4_康軒_翰林/grade-2/翰林/answers/P01_R08_安和國小_新北市_2年級_數學_113上_期末2_翰林_答案卷.pdf"",""answerNote"":null,""needsImage"":false,""ocrQuality"":""text_layer"",""questionImage"":""source_materials/tcool_math_g1_g4_康軒_翰林/_analysis/pilot/pages/G2-_-113_-_2-P01_R08_____2____113___2__/page-4.jpg"",""sourcePage"":4}","{""includeDecision"":""uncertain_review"",""notes"":""未能從 OCR／文字安全推得出版社章節，不強制歸類。 QA 重新稽核：未找到與題幹精確一致的現有 SkillID；章節或官方碼候選不視為 direct，SkillID 已清空。"",""publisherChapter"":null,""scopeOutlier"":""not_evaluable""}","{""answer"":null,""answer_key_source"":""source_materials/tcool_math_g1_g4_康軒_翰林/grade-2/翰林/answers/P01_R08_安和國小_新北市_2年級_數學_113上_期末2_翰林_答案卷.pdf"",""answer_status"":""needs_review"",""id"":""G2-翰林-113上-期末2-P01_R08_安和國小_新北市_2年級_數學_113上_期末2_翰林-q018"",""needs_image"":false,""ocr_quality"":""text_layer"",""original_number"":""未辨識題組#4"",""question_image"":""source_materials/tcool_math_g1_g4_康軒_翰林/_analysis/pilot/pages/G2-_-113_-_2-P01_R08_____2____113___2__/page-4.jpg"",""raw_text"":""小新要存錢買水彩，第 1 週存 25 元，第 2 週比第 1 週多存 32 元，第 3 週比第 2 週多存 19 元，請問第三週存了多少元? (4 分) 25 元 第1週 32 元 第2週 19 元 第3週 ？ 先算: 再算: 答: ( )元"",""source_id"":""G2-翰林-113上-期末2-P01_R08_安和國小_新北市_2年級_數學_113上_期末2_翰林"",""source_page"":4}","{""alignmentStatus"":""uncertain"",""candidateSkillIds"":[],""common_trap"":""運算方向、單位或題意關係判讀錯誤"",""confidence"":""low"",""core_concept"":""數錢、湊付或找補"",""include_decision"":""uncertain_review"",""notes"":""未能從 OCR／文字安全推得出版社章節，不強制歸類。 QA 重新稽核：未找到與題幹精確一致的現有 SkillID；章節或官方碼候選不視為 direct，SkillID 已清空。"",""officialContentCodes"":[],""officialPerformanceCodes"":[],""publisherChapter"":null,""question_id"":""G2-翰林-113上-期末2-P01_R08_安和國小_新北市_2年級_數學_113上_期末2_翰林-q018"",""question_type"":""錢幣與金額應用"",""scope_outlier"":""not_evaluable"",""skillIds"":[],""source_id"":""G2-翰林-113上-期末2-P01_R08_安和國小_新北市_2年級_數學_113上_期末2_翰林""}","""first_pass"""
"""G2-翰林-113上-期末2-P01_R08_安和國小_新北市_2年級_數學_113上_期末2_翰林-q019""","""G2-翰林-113上-期末2-P01_R08_安和國小_新北市_2年級_數學_113上_期末2_翰林""","""question_group_candidate""","""not_verified_from_available_extraction""","""source_materials/tcool_math_g1_g4_康軒_翰林/grade-2/翰林/questions/P01_R08_安和國小_新北市_2年級_數學_113上_期末2_翰林_題目卷.pdf""","""source_materials/tcool_math_g1_g4_康軒_翰林/grade-2/翰林/answers/P01_R08_安和國小_新北市_2年級_數學_113上_期末2_翰林_答案卷.pdf""",4,"""source_materials/tcool_math_g1_g4_康軒_翰林/_analysis/pilot/pages/G2-_-113_-_2-P01_R08_____2____113___2__/page-4.jpg""","""未辨識題組#5""","""小傑帶了 95 元，午餐時間走到 餐廳，看了菜單後，買了一個 漢堡和一瓶柳橙汁，請問小傑 還剩多少元? (4 分) 壽司 柳橙汁 蛋糕 每盤 40 元 每瓶 15 元 每塊 27 元 漢堡 熱可可 每個 48 元 每杯 20 元 先算: 再算: 答: ( )元 請再仔細檢查一遍答案 第4 頁""",[],null,"""needs_review""",null,"""text_layer""",false,"""text_only""","""翰林""","""G2""","""113""","""上""","""期末2""","""錢幣與金額應用""","""數錢、湊付或找補""","""運算方向、單位或題意關係判讀錯誤""",null,[],[],[],[],"""uncertain""","""low""","""未能從 OCR／文字安全推得出版社章節，不強制歸類。 QA 重新稽核：未找到與題幹精確一致的現有 SkillID；章節或官方碼候選不視為 direct，SkillID 已清空。""","""not_evaluable""","""uncertain_review""","{""answerKeySource"":""source_materials/tcool_math_g1_g4_康軒_翰林/grade-2/翰林/answers/P01_R08_安和國小_新北市_2年級_數學_113上_期末2_翰林_答案卷.pdf"",""answerNote"":null,""needsImage"":false,""ocrQuality"":""text_layer"",""questionImage"":""source_materials/tcool_math_g1_g4_康軒_翰林/_analysis/pilot/pages/G2-_-113_-_2-P01_R08_____2____113___2__/page-4.jpg"",""sourcePage"":4}","{""includeDecision"":""uncertain_review"",""notes"":""未能從 OCR／文字安全推得出版社章節，不強制歸類。 QA 重新稽核：未找到與題幹精確一致的現有 SkillID；章節或官方碼候選不視為 direct，SkillID 已清空。"",""publisherChapter"":null,""scopeOutlier"":""not_evaluable""}","{""answer"":null,""answer_key_source"":""source_materials/tcool_math_g1_g4_康軒_翰林/grade-2/翰林/answers/P01_R08_安和國小_新北市_2年級_數學_113上_期末2_翰林_答案卷.pdf"",""answer_status"":""needs_review"",""id"":""G2-翰林-113上-期末2-P01_R08_安和國小_新北市_2年級_數學_113上_期末2_翰林-q019"",""needs_image"":false,""ocr_quality"":""text_layer"",""original_number"":""未辨識題組#5"",""question_image"":""source_materials/tcool_math_g1_g4_康軒_翰林/_analysis/pilot/pages/G2-_-113_-_2-P01_R08_____2____113___2__/page-4.jpg"",""raw_text"":""小傑帶了 95 元，午餐時間走到 餐廳，看了菜單後，買了一個 漢堡和一瓶柳橙汁，請問小傑 還剩多少元? (4 分) 壽司 柳橙汁 蛋糕 每盤 40 元 每瓶 15 元 每塊 27 元 漢堡 熱可可 每個 48 元 每杯 20 元 先算: 再算: 答: ( )元 請再仔細檢查一遍答案 第4 頁"",""source_id"":""G2-翰林-113上-期末2-P01_R08_安和國小_新北市_2年級_數學_113上_期末2_翰林"",""source_page"":4}","{""alignmentStatus"":""uncertain"",""candidateSkillIds"":[],""common_trap"":""運算方向、單位或題意關係判讀錯誤"",""confidence"":""low"",""core_concept"":""數錢、湊付或找補"",""include_decision"":""uncertain_review"",""notes"":""未能從 OCR／文字安全推得出版社章節，不強制歸類。 QA 重新稽核：未找到與題幹精確一致的現有 SkillID；章節或官方碼候選不視為 direct，SkillID 已清空。"",""officialContentCodes"":[],""officialPerformanceCodes"":[],""publisherChapter"":null,""question_id"":""G2-翰林-113上-期末2-P01_R08_安和國小_新北市_2年級_數學_113上_期末2_翰林-q019"",""question_type"":""錢幣與金額應用"",""scope_outlier"":""not_evaluable"",""skillIds"":[],""source_id"":""G2-翰林-113上-期末2-P01_R08_安和國小_新北市_2年級_數學_113上_期末2_翰林""}","""first_pass"""
"""G3-康軒-113上-期中1-P01_R07_安和國小_新北市_3年級_數學_113上_期中1_康軒::一-1""","""G3-康軒-113上-期中1-P01_R07_安和國小_新北市_3年級_數學_113上_期中1_康軒""","""question_group_candidate""","""not_verified_from_available_extraction""","""source_materials/tcool_math_g1_g4_康軒_翰林/grade-3/康軒/questions/P01_R07_安和國小_新北市_3年級_數學_113上_期中1_康軒_題目卷.pdf""","""source_materials/tcool_math_g1_g4_康軒_翰林/grade-3/康軒/answers/P01_R07_安和國小_新北市_3年級_數學_113上_期中1_康軒_答案卷.pdf""",null,"""source_materials/tcool_math_g1_g4_康軒_翰林/_analysis/pilot/pages/G3-_-113_-_1-P01_R07_____3____113___1__/""","""一-1""","""按照順序填填看：8588→8598→( )→( )→8628。""",[],null,"""missing""","""Answer-key file paired and inspected; no answer inserted because item-level mapping is not unambiguous from the available extraction.""","""text_layer_partial""",false,"""text_only""","""康軒""","""G3""","""113""","""上""","""期中1""","""數列填空／數序""","""10000 以內的數""","""忽略每次增加 10""","{""chapterNumber"":1,""chapterTitle"":""10000 以內的數"",""grade"":""G3"",""publisher"":""康軒"",""semester"":""上""}","[""N-3-1""]",[],"[""G3-01-06""]","[""G3-01-06""]","""direct""","""high""","""QA 重新稽核：數列每次加10，直接對應順數和倒數。""","""not_evaluable""","""include""","{""answerKeySource"":""source_materials/tcool_math_g1_g4_康軒_翰林/grade-3/康軒/answers/P01_R07_安和國小_新北市_3年級_數學_113上_期中1_康軒_答案卷.pdf"",""answerNote"":""Answer-key file paired and inspected; no answer inserted because item-level mapping is not unambiguous from the available extraction."",""needsImage"":false,""ocrQuality"":""text_layer_partial"",""questionImage"":""source_materials/tcool_math_g1_g4_康軒_翰林/_analysis/pilot/pages/G3-_-113_-_1-P01_R07_____3____113___1__/"",""sourcePage"":null}","{""includeDecision"":""include"",""notes"":""QA 重新稽核：數列每次加10，直接對應順數和倒數。"",""publisherChapter"":{""chapterNumber"":1,""chapterTitle"":""10000 以內的數"",""grade"":""G3"",""publisher"":""康軒"",""semester"":""上""},""scopeOutlier"":""not_evaluable""}","{""answer"":null,""answer_key_source"":""source_materials/tcool_math_g1_g4_康軒_翰林/grade-3/康軒/answers/P01_R07_安和國小_新北市_3年級_數學_113上_期中1_康軒_答案卷.pdf"",""answer_note"":""Answer-key file paired and inspected; no answer inserted because item-level mapping is not unambiguous from the available extraction."",""answer_status"":""missing"",""examId"":""G3-康軒-113上-期中1-P01_R07_安和國小_新北市_3年級_數學_113上_期中1_康軒"",""id"":""G3-康軒-113上-期中1-P01_R07_安和國小_新北市_3年級_數學_113上_期中1_康軒::一-1"",""needs_image"":false,""ocr_quality"":""text_layer_partial"",""original_number"":""一-1"",""question_image"":""source_materials/tcool_math_g1_g4_康軒_翰林/_analysis/pilot/pages/G3-_-113_-_1-P01_R07_____3____113___1__/"",""raw_text"":""按照順序填填看：8588→8598→( )→( )→8628。"",""source_id"":""G3-康軒-113上-期中1-P01_R07_安和國小_新北市_3年級_數學_113上_期中1_康軒"",""source_page"":null}","{""alignmentStatus"":""direct"",""candidateSkillIds"":[""G3-01-06""],""common_trap"":""忽略每次增加 10"",""confidence"":""high"",""core_concept"":""10000 以內的數"",""examId"":""G3-康軒-113上-期中1-P01_R07_安和國小_新北市_3年級_數學_113上_期中1_康軒"",""include_decision"":""include"",""notes"":""QA 重新稽核：數列每次加10，直接對應順數和倒數。"",""officialContentCodes"":[""N-3-1""],""officialPerformanceCodes"":[],""publisherChapter"":{""chapterNumber"":1,""chapterTitle"":""10000 以內的數"",""grade"":""G3"",""publisher"":""康軒"",""semester"":""上""},""question_id"":""G3-康軒-113上-期中1-P01_R07_安和國小_新北市_3年級_數學_113上_期中1_康軒::一-1"",""question_type"":""數列填空／數序"",""scope_outlier"":""not_evaluable"",""skillIds"":[""G3-01-06""],""source_id"":""G3-康軒-113上-期中1-P01_R07_安和國小_新北市_3年級_數學_113上_期中1_康軒""}","""first_pass"""
"""G3-康軒-113上-期中1-P01_R07_安和國小_新北市_3年級_數學_113上_期中1_康軒::一-2""","""G3-康軒-113上-期中1-P01_R07_安和國小_新北市_3年級_數學_113上_期中1_康軒""","""question_group_candidate""","""not_verified_from_available_extraction""","""source_materials/tcool_math_g1_g4_康軒_翰林/grade-3/康軒/questions/P01_R07_安和國小_新北市_3年級_數學_113上_期中1_康軒_題目卷.pdf""","""source_materials/tcool_math_g1_g4_康軒_翰林/grade-3/康軒/answers/P01_R07_安和國小_新北市_3年級_數學_113上_期中1_康軒_答案卷.pdf""",null,"""source_materials/tcool_math_g1_g4_康軒_翰林/_analysis/pilot/pages/G3-_-113_-_1-P01_R07_____3____113___1__/""","""一-2""","""8個千、22個十和17個一合起來是( )，讀作( )。""",[],null,"""missing""","""Answer-key file paired and inspected; no answer inserted because item-level mapping is not unambiguous from the available extraction.""","""text_layer_partial""",false,"""text_only""","""康軒""","""G3""","""113""","""上""","""期中1""","""位值組成與讀數""","""10000 以內的數""","""22個十須換算為220""","{""chapterNumber"":1,""chapterTitle"":""10000 以內的數"",""grade"":""G3"",""publisher"":""康軒"",""semester"":""上""}","[""N-3-1""]",[],"[""G3-01-02""]","[""G3-01-02""]","""direct""","""high""","""QA 重新稽核：千、十、一位值組成與讀數，直接對應千位概念。""","""not_evaluable""","""include""","{""answerKeySource"":""source_materials/tcool_math_g1_g4_康軒_翰林/grade-3/康軒/answers/P01_R07_安和國小_新北市_3年級_數學_113上_期中1_康軒_答案卷.pdf"",""answerNote"":""Answer-key file paired and inspected; no answer inserted because item-level mapping is not unambiguous from the available extraction."",""needsImage"":false,""ocrQuality"":""text_layer_partial"",""questionImage"":""source_materials/tcool_math_g1_g4_康軒_翰林/_analysis/pilot/pages/G3-_-113_-_1-P01_R07_____3____113___1__/"",""sourcePage"":null}","{""includeDecision"":""include"",""notes"":""QA 重新稽核：千、十、一位值組成與讀數，直接對應千位概念。"",""publisherChapter"":{""chapterNumber"":1,""chapterTitle"":""10000 以內的數"",""grade"":""G3"",""publisher"":""康軒"",""semester"":""上""},""scopeOutlier"":""not_evaluable""}","{""answer"":null,""answer_key_source"":""source_materials/tcool_math_g1_g4_康軒_翰林/grade-3/康軒/answers/P01_R07_安和國小_新北市_3年級_數學_113上_期中1_康軒_答案卷.pdf"",""answer_note"":""Answer-key file paired and inspected; no answer inserted because item-level mapping is not unambiguous from the available extraction."",""answer_status"":""missing"",""examId"":""G3-康軒-113上-期中1-P01_R07_安和國小_新北市_3年級_數學_113上_期中1_康軒"",""id"":""G3-康軒-113上-期中1-P01_R07_安和國小_新北市_3年級_數學_113上_期中1_康軒::一-2"",""needs_image"":false,""ocr_quality"":""text_layer_partial"",""original_number"":""一-2"",""question_image"":""source_materials/tcool_math_g1_g4_康軒_翰林/_analysis/pilot/pages/G3-_-113_-_1-P01_R07_____3____113___1__/"",""raw_text"":""8個千、22個十和17個一合起來是( )，讀作( )。"",""source_id"":""G3-康軒-113上-期中1-P01_R07_安和國小_新北市_3年級_數學_113上_期中1_康軒"",""source_page"":null}","{""alignmentStatus"":""direct"",""candidateSkillIds"":[""G3-01-02""],""common_trap"":""22個十須換算為220"",""confidence"":""high"",""core_concept"":""10000 以內的數"",""examId"":""G3-康軒-113上-期中1-P01_R07_安和國小_新北市_3年級_數學_113上_期中1_康軒"",""include_decision"":""include"",""notes"":""QA 重新稽核：千、十、一位值組成與讀數，直接對應千位概念。"",""officialContentCodes"":[""N-3-1""],""officialPerformanceCodes"":[],""publisherChapter"":{""chapterNumber"":1,""chapterTitle"":""10000 以內的數"",""grade"":""G3"",""publisher"":""康軒"",""semester"":""上""},""question_id"":""G3-康軒-113上-期中1-P01_R07_安和國小_新北市_3年級_數學_113上_期中1_康軒::一-2"",""question_type"":""位值組成與讀數"",""scope_outlier"":""not_evaluable"",""skillIds"":[""G3-01-02""],""source_id"":""G3-康軒-113上-期中1-P01_R07_安和國小_新北市_3年級_數學_113上_期中1_康軒""}","""first_pass"""
"""G3-康軒-113上-期中1-P01_R07_安和國小_新北市_3年級_數學_113上_期中1_康軒::一-3""","""G3-康軒-113上-期中1-P01_R07_安和國小_新北市_3年級_數學_113上_期中1_康軒""","""question_group_candidate""","""not_verified_from_available_extraction""","""source_materials/tcool_math_g1_g4_康軒_翰林/grade-3/康軒/questions/P01_R07_安和國小_新北市_3年級_數學_113上_期中1_康軒_題目卷.pdf""","""source_materials/tcool_math_g1_g4_康軒_翰林/grade-3/康軒/answers/P01_R07_安和國小_新北市_3年級_數學_113上_期中1_康軒_答案卷.pdf""",null,"""source_materials/tcool_math_g1_g4_康軒_翰林/_analysis/pilot/pages/G3-_-113_-_1-P01_R07_____3____113___1__/""","""一-3""","""數字卡8、0、5、9、2，取4張組成最大與最小四位數。""",[],null,"""missing""","""Answer-key file paired and inspected; no answer inserted because item-level mapping is not unambiguous from the available extraction.""","""text_layer_partial""",false,"""text_only""","""康軒""","""G3""","""113""","""上""","""期中1""","""數字組合比較""","""10000 以內的數""","""最小四位數首位不可為0""","{""chapterNumber"":1,""chapterTitle"":""10000 以內的數"",""grade"":""G3"",""publisher"":""康軒"",""semester"":""上""}","[""N-3-1""]",[],[],[],"""partial""","""medium""","""QA 重新稽核：以數字卡組成並比較四位數，直接對應千位不同的大小比較。 QA rerun：題幹只支持較廣的數字組合／面積關係，現有SkillID沒有精確語義，已清空並降為 partial。""","""not_evaluable""","""include_for_type_only""","{""answerKeySource"":""source_materials/tcool_math_g1_g4_康軒_翰林/grade-3/康軒/answers/P01_R07_安和國小_新北市_3年級_數學_113上_期中1_康軒_答案卷.pdf"",""answerNote"":""Answer-key file paired and inspected; no answer inserted because item-level mapping is not unambiguous from the available extraction."",""needsImage"":false,""ocrQuality"":""text_layer_partial"",""questionImage"":""source_materials/tcool_math_g1_g4_康軒_翰林/_analysis/pilot/pages/G3-_-113_-_1-P01_R07_____3____113___1__/"",""sourcePage"":null}","{""includeDecision"":""include_for_type_only"",""notes"":""QA 重新稽核：以數字卡組成並比較四位數，直接對應千位不同的大小比較。 QA rerun：題幹只支持較廣的數字組合／面積關係，現有SkillID沒有精確語義，已清空並降為 partial。"",""publisherChapter"":{""chapterNumber"":1,""chapterTitle"":""10000 以內的數"",""grade"":""G3"",""publisher"":""康軒"",""semester"":""上""},""scopeOutlier"":""not_evaluable""}","{""answer"":null,""answer_key_source"":""source_materials/tcool_math_g1_g4_康軒_翰林/grade-3/康軒/answers/P01_R07_安和國小_新北市_3年級_數學_113上_期中1_康軒_答案卷.pdf"",""answer_note"":""Answer-key file paired and inspected; no answer inserted because item-level mapping is not unambiguous from the available extraction."",""answer_status"":""missing"",""examId"":""G3-康軒-113上-期中1-P01_R07_安和國小_新北市_3年級_數學_113上_期中1_康軒"",""id"":""G3-康軒-113上-期中1-P01_R07_安和國小_新北市_3年級_數學_113上_期中1_康軒::一-3"",""needs_image"":false,""ocr_quality"":""text_layer_partial"",""original_number"":""一-3"",""question_image"":""source_materials/tcool_math_g1_g4_康軒_翰林/_analysis/pilot/pages/G3-_-113_-_1-P01_R07_____3____113___1__/"",""raw_text"":""數字卡8、0、5、9、2，取4張組成最大與最小四位數。"",""source_id"":""G3-康軒-113上-期中1-P01_R07_安和國小_新北市_3年級_數學_113上_期中1_康軒"",""source_page"":null}","{""alignmentStatus"":""partial"",""candidateSkillIds"":[],""common_trap"":""最小四位數首位不可為0"",""confidence"":""medium"",""core_concept"":""10000 以內的數"",""examId"":""G3-康軒-113上-期中1-P01_R07_安和國小_新北市_3年級_數學_113上_期中1_康軒"",""include_decision"":""include_for_type_only"",""notes"":""QA 重新稽核：以數字卡組成並比較四位數，直接對應千位不同的大小比較。 QA rerun：題幹只支持較廣的數字組合／面積關係，現有SkillID沒有精確語義，已清空並降為 partial。"",""officialContentCodes"":[""N-3-1""],""officialPerformanceCodes"":[],""publisherChapter"":{""chapterNumber"":1,""chapterTitle"":""10000 以內的數"",""grade"":""G3"",""publisher"":""康軒"",""semester"":""上""},""question_id"":""G3-康軒-113上-期中1-P01_R07_安和國小_新北市_3年級_數學_113上_期中1_康軒::一-3"",""question_type"":""數字組合比較"",""scope_outlier"":""not_evaluable"",""skillIds"":[],""source_id"":""G3-康軒-113上-期中1-P01_R07_安和國小_新北市_3年級_數學_113上_期中1_康軒""}","""first_pass"""
"""G3-康軒-113上-期中1-P01_R07_安和國小_新北市_3年級_數學_113上_期中1_康軒::一-4""","""G3-康軒-113上-期中1-P01_R07_安和國小_新北市_3年級_數學_113上_期中1_康軒""","""question_group_candidate""","""not_verified_from_available_extraction""","""source_materials/tcool_math_g1_g4_康軒_翰林/grade-3/康軒/questions/P01_R07_安和國小_新北市_3年級_數學_113上_期中1_康軒_題目卷.pdf""","""source_materials/tcool_math_g1_g4_康軒_翰林/grade-3/康軒/answers/P01_R07_安和國小_新北市_3年級_數學_113上_期中1_康軒_答案卷.pdf""",null,"""source_materials/tcool_math_g1_g4_康軒_翰林/_analysis/pilot/pages/G3-_-113_-_1-P01_R07_____3____113___1__/""","""一-4""","""5467＞54□6，□中可以填入哪些數字？""",[],null,"""missing""","""Answer-key file paired and inspected; no answer inserted because item-level mapping is not unambiguous from the available extraction.""","""text_layer_partial""",false,"""text_only""","""康軒""","""G3""","""113""","""上""","""期中1""","""位值比較""","""10000 以內的數""","""只比較個位""","{""chapterNumber"":1,""chapterTitle"":""10000 以內的數"",""grade"":""G3"",""publisher"":""康軒"",""semester"":""上""}","[""N-3-1""]",[],"[""G3-01-04""]","[""G3-01-04""]","""direct""","""high""","""QA 重新稽核：兩四位數千位相同時以後續位值比較。""","""not_evaluable""","""include""","{""answerKeySource"":""source_materials/tcool_math_g1_g4_康軒_翰林/grade-3/康軒/answers/P01_R07_安和國小_新北市_3年級_數學_113上_期中1_康軒_答案卷.pdf"",""answerNote"":""Answer-key file paired and inspected; no answer inserted because item-level mapping is not unambiguous from the available extraction."",""needsImage"":false,""ocrQuality"":""text_layer_partial"",""questionImage"":""source_materials/tcool_math_g1_g4_康軒_翰林/_analysis/pilot/pages/G3-_-113_-_1-P01_R07_____3____113___1__/"",""sourcePage"":null}","{""includeDecision"":""include"",""notes"":""QA 重新稽核：兩四位數千位相同時以後續位值比較。"",""publisherChapter"":{""chapterNumber"":1,""chapterTitle"":""10000 以內的數"",""grade"":""G3"",""publisher"":""康軒"",""semester"":""上""},""scopeOutlier"":""not_evaluable""}","{""answer"":null,""answer_key_source"":""source_materials/tcool_math_g1_g4_康軒_翰林/grade-3/康軒/answers/P01_R07_安和國小_新北市_3年級_數學_113上_期中1_康軒_答案卷.pdf"",""answer_note"":""Answer-key file paired and inspected; no answer inserted because item-level mapping is not unambiguous from the available extraction."",""answer_status"":""missing"",""examId"":""G3-康軒-113上-期中1-P01_R07_安和國小_新北市_3年級_數學_113上_期中1_康軒"",""id"":""G3-康軒-113上-期中1-P01_R07_安和國小_新北市_3年級_數學_113上_期中1_康軒::一-4"",""needs_image"":false,""ocr_quality"":""text_layer_partial"",""original_number"":""一-4"",""question_image"":""source_materials/tcool_math_g1_g4_康軒_翰林/_analysis/pilot/pages/G3-_-113_-_1-P01_R07_____3____113___1__/"",""raw_text"":""5467＞54□6，□中可以填入哪些數字？"",""source_id"":""G3-康軒-113上-期中1-P01_R07_安和國小_新北市_3年級_數學_113上_期中1_康軒"",""source_page"":null}","{""alignmentStatus"":""direct"",""candidateSkillIds"":[""G3-01-04""],""common_trap"":""只比較個位"",""confidence"":""high"",""core_concept"":""10000 以內的數"",""examId"":""G3-康軒-113上-期中1-P01_R07_安和國小_新北市_3年級_數學_113上_期中1_康軒"",""include_decision"":""include"",""notes"":""QA 重新稽核：兩四位數千位相同時以後續位值比較。"",""officialContentCodes"":[""N-3-1""],""officialPerformanceCodes"":[],""publisherChapter"":{""chapterNumber"":1,""chapterTitle"":""10000 以內的數"",""grade"":""G3"",""publisher"":""康軒"",""semester"":""上""},""question_id"":""G3-康軒-113上-期中1-P01_R07_安和國小_新北市_3年級_數學_113上_期中1_康軒::一-4"",""question_type"":""位值比較"",""scope_outlier"":""not_evaluable"",""skillIds"":[""G3-01-04""],""source_id"":""G3-康軒-113上-期中1-P01_R07_安和國小_新北市_3年級_數學_113上_期中1_康軒""}","""first_pass"""
"""G3-康軒-113上-期中1-P01_R07_安和國小_新北市_3年級_數學_113上_期中1_康軒::一-5""","""G3-康軒-113上-期中1-P01_R07_安和國小_新北市_3年級_數學_113上_期中1_康軒""","""question_group_candidate""","""not_verified_from_available_extraction""","""source_materials/tcool_math_g1_g4_康軒_翰林/grade-3/康軒/questions/P01_R07_安和國小_新北市_3年級_數學_113上_期中1_康軒_題目卷.pdf""","""source_materials/tcool_math_g1_g4_康軒_翰林/grade-3/康軒/answers/P01_R07_安和國小_新北市_3年級_數學_113上_期中1_康軒_答案卷.pdf""",null,"""source_materials/tcool_math_g1_g4_康軒_翰林/_analysis/pilot/pages/G3-_-113_-_1-P01_R07_____3____113___1__/""","""一-5""","""海豚玩偶1895元，比機器人模型便宜490元，模型多少元？""",[],null,"""missing""","""Answer-key file paired and inspected; no answer inserted because item-level mapping is not unambiguous from the available extraction.""","""text_layer_partial""",false,"""text_only""","""康軒""","""G3""","""113""","""上""","""期中1""","""加減應用""","""四位數的加減""","""「便宜」方向誤判""","{""chapterNumber"":2,""chapterTitle"":""四位數的加減"",""grade"":""G3"",""publisher"":""康軒"",""semester"":""上""}","[""N-3-2""]",[],[],[],"""partial""","""medium""","""Text-layer evidence supports this content-level alignment. Skill ID is supplied only where prompt distinguishes the skill; otherwise intentionally blank. QA 重新稽核：未找到與題幹精確一致的現有 SkillID；章節或官方碼候選不視為 direct，SkillID 已清空。 QA 必修錯配：禁止以鄰近 SkillID 代替。""","""not_evaluable""","""include""","{""answerKeySource"":""source_materials/tcool_math_g1_g4_康軒_翰林/grade-3/康軒/answers/P01_R07_安和國小_新北市_3年級_數學_113上_期中1_康軒_答案卷.pdf"",""answerNote"":""Answer-key file paired and inspected; no answer inserted because item-level mapping is not unambiguous from the available extraction."",""needsImage"":false,""ocrQuality"":""text_layer_partial"",""questionImage"":""source_materials/tcool_math_g1_g4_康軒_翰林/_analysis/pilot/pages/G3-_-113_-_1-P01_R07_____3____113___1__/"",""sourcePage"":null}","{""includeDecision"":""include"",""notes"":""Text-layer evidence supports this content-level alignment. Skill ID is supplied only where prompt distinguishes the skill; otherwise intentionally blank. QA 重新稽核：未找到與題幹精確一致的現有 SkillID；章節或官方碼候選不視為 direct，SkillID 已清空。 QA 必修錯配：禁止以鄰近 SkillID 代替。"",""publisherChapter"":{""chapterNumber"":2,""chapterTitle"":""四位數的加減"",""grade"":""G3"",""publisher"":""康軒"",""semester"":""上""},""scopeOutlier"":""not_evaluable""}","{""answer"":null,""answer_key_source"":""source_materials/tcool_math_g1_g4_康軒_翰林/grade-3/康軒/answers/P01_R07_安和國小_新北市_3年級_數學_113上_期中1_康軒_答案卷.pdf"",""answer_note"":""Answer-key file paired and inspected; no answer inserted because item-level mapping is not unambiguous from the available extraction."",""answer_status"":""missing"",""examId"":""G3-康軒-113上-期中1-P01_R07_安和國小_新北市_3年級_數學_113上_期中1_康軒"",""id"":""G3-康軒-113上-期中1-P01_R07_安和國小_新北市_3年級_數學_113上_期中1_康軒::一-5"",""needs_image"":false,""ocr_quality"":""text_layer_partial"",""original_number"":""一-5"",""question_image"":""source_materials/tcool_math_g1_g4_康軒_翰林/_analysis/pilot/pages/G3-_-113_-_1-P01_R07_____3____113___1__/"",""raw_text"":""海豚玩偶1895元，比機器人模型便宜490元，模型多少元？"",""source_id"":""G3-康軒-113上-期中1-P01_R07_安和國小_新北市_3年級_數學_113上_期中1_康軒"",""source_page"":null}","{""alignmentStatus"":""partial"",""candidateSkillIds"":[],""common_trap"":""「便宜」方向誤判"",""confidence"":""medium"",""core_concept"":""四位數的加減"",""examId"":""G3-康軒-113上-期中1-P01_R07_安和國小_新北市_3年級_數學_113上_期中1_康軒"",""include_decision"":""include"",""notes"":""Text-layer evidence supports this content-level alignment. Skill ID is supplied only where prompt distinguishes the skill; otherwise intentionally blank. QA 重新稽核：未找到與題幹精確一致的現有 SkillID；章節或官方碼候選不視為 direct，SkillID 已清空。 QA 必修錯配：禁止以鄰近 SkillID 代替。"",""officialContentCodes"":[""N-3-2""],""officialPerformanceCodes"":[],""publisherChapter"":{""chapterNumber"":2,""chapterTitle"":""四位數的加減"",""grade"":""G3"",""publisher"":""康軒"",""semester"":""上""},""question_id"":""G3-康軒-113上-期中1-P01_R07_安和國小_新北市_3年級_數學_113上_期中1_康軒::一-5"",""question_type"":""加減應用"",""scope_outlier"":""not_evaluable"",""skillIds"":[],""source_id"":""G3-康軒-113上-期中1-P01_R07_安和國小_新北市_3年級_數學_113上_期中1_康軒""}","""first_pass"""
"""G3-康軒-113上-期中1-P01_R07_安和國小_新北市_3年級_數學_113上_期中1_康軒::一-6""","""G3-康軒-113上-期中1-P01_R07_安和國小_新北市_3年級_數學_113上_期中1_康軒""","""question_group_candidate""","""not_verified_from_available_extraction""","""source_materials/tcool_math_g1_g4_康軒_翰林/grade-3/康軒/questions/P01_R07_安和國小_新北市_3年級_數學_113上_期中1_康軒_題目卷.pdf""","""source_materials/tcool_math_g1_g4_康軒_翰林/grade-3/康軒/answers/P01_R07_安和國小_新北市_3年級_數學_113上_期中1_康軒_答案卷.pdf""",null,"""source_materials/tcool_math_g1_g4_康軒_翰林/_analysis/pilot/pages/G3-_-113_-_1-P01_R07_____3____113___1__/""","""一-6""","""手錶標價2○○9元，百位、十位被擋住；求最多／最少價錢。""",[],null,"""missing""","""Answer-key file paired and inspected; no answer inserted because item-level mapping is not unambiguous from the available extraction.""","""text_layer_partial""",false,"""text_only""","""康軒""","""G3""","""113""","""上""","""期中1""","""位值極值""","""10000 以內的數""","""忽略固定千位和個位""","{""chapterNumber"":1,""chapterTitle"":""10000 以內的數"",""grade"":""G3"",""publisher"":""康軒"",""semester"":""上""}","[""N-3-1""]",[],"[""G3-01-04""]","[""G3-01-04""]","""direct""","""high""","""QA 重新稽核：千位相同、遮蔽百十位求最大最小，為同類位值比較。""","""not_evaluable""","""include""","{""answerKeySource"":""source_materials/tcool_math_g1_g4_康軒_翰林/grade-3/康軒/answers/P01_R07_安和國小_新北市_3年級_數學_113上_期中1_康軒_答案卷.pdf"",""answerNote"":""Answer-key file paired and inspected; no answer inserted because item-level mapping is not unambiguous from the available extraction."",""needsImage"":false,""ocrQuality"":""text_layer_partial"",""questionImage"":""source_materials/tcool_math_g1_g4_康軒_翰林/_analysis/pilot/pages/G3-_-113_-_1-P01_R07_____3____113___1__/"",""sourcePage"":null}","{""includeDecision"":""include"",""notes"":""QA 重新稽核：千位相同、遮蔽百十位求最大最小，為同類位值比較。"",""publisherChapter"":{""chapterNumber"":1,""chapterTitle"":""10000 以內的數"",""grade"":""G3"",""publisher"":""康軒"",""semester"":""上""},""scopeOutlier"":""not_evaluable""}","{""answer"":null,""answer_key_source"":""source_materials/tcool_math_g1_g4_康軒_翰林/grade-3/康軒/answers/P01_R07_安和國小_新北市_3年級_數學_113上_期中1_康軒_答案卷.pdf"",""answer_note"":""Answer-key file paired and inspected; no answer inserted because item-level mapping is not unambiguous from the available extraction."",""answer_status"":""missing"",""examId"":""G3-康軒-113上-期中1-P01_R07_安和國小_新北市_3年級_數學_113上_期中1_康軒"",""id"":""G3-康軒-113上-期中1-P01_R07_安和國小_新北市_3年級_數學_113上_期中1_康軒::一-6"",""needs_image"":false,""ocr_quality"":""text_layer_partial"",""original_number"":""一-6"",""question_image"":""source_materials/tcool_math_g1_g4_康軒_翰林/_analysis/pilot/pages/G3-_-113_-_1-P01_R07_____3____113___1__/"",""raw_text"":""手錶標價2○○9元，百位、十位被擋住；求最多／最少價錢。"",""source_id"":""G3-康軒-113上-期中1-P01_R07_安和國小_新北市_3年級_數學_113上_期中1_康軒"",""source_page"":null}","{""alignmentStatus"":""direct"",""candidateSkillIds"":[""G3-01-04""],""common_trap"":""忽略固定千位和個位"",""confidence"":""high"",""core_concept"":""10000 以內的數"",""examId"":""G3-康軒-113上-期中1-P01_R07_安和國小_新北市_3年級_數學_113上_期中1_康軒"",""include_decision"":""include"",""notes"":""QA 重新稽核：千位相同、遮蔽百十位求最大最小，為同類位值比較。"",""officialContentCodes"":[""N-3-1""],""officialPerformanceCodes"":[],""publisherChapter"":{""chapterNumber"":1,""chapterTitle"":""10000 以內的數"",""grade"":""G3"",""publisher"":""康軒"",""semester"":""上""},""question_id"":""G3-康軒-113上-期中1-P01_R07_安和國小_新北市_3年級_數學_113上_期中1_康軒::一-6"",""question_type"":""位值極值"",""scope_outlier"":""not_evaluable"",""skillIds"":[""G3-01-04""],""source_id"":""G3-康軒-113上-期中1-P01_R07_安和國小_新北市_3年級_數學_113上_期中1_康軒""}","""first_pass"""
"""G3-康軒-113上-期中1-P01_R07_安和國小_新北市_3年級_數學_113上_期中1_康軒::一-7""","""G3-康軒-113上-期中1-P01_R07_安和國小_新北市_3年級_數學_113上_期中1_康軒""","""question_group_candidate""","""not_verified_from_available_extraction""","""source_materials/tcool_math_g1_g4_康軒_翰林/grade-3/康軒/questions/P01_R07_安和國小_新北市_3年級_數學_113上_期中1_康軒_題目卷.pdf""","""source_materials/tcool_math_g1_g4_康軒_翰林/grade-3/康軒/answers/P01_R07_安和國小_新北市_3年級_數學_113上_期中1_康軒_答案卷.pdf""",null,"""source_materials/tcool_math_g1_g4_康軒_翰林/_analysis/pilot/pages/G3-_-113_-_1-P01_R07_____3____113___1__/""","""一-7""","""毛毛蟲在數線40，向右3格後再移動至30。""",[],null,"""missing""","""Answer-key file paired and inspected; no answer inserted because item-level mapping is not unambiguous from the available extraction.""","""text_layer_partial""",true,"""image_required""","""康軒""","""G3""","""113""","""上""","""期中1""","""數線移動""","""毫米""","""左右方向與格距""","{""chapterNumber"":3,""chapterTitle"":""毫米"",""grade"":""G3"",""publisher"":""康軒"",""semester"":""上""}","[""N-3-11""]",[],[],[],"""partial""","""medium""","""Needs page-image confirmation before using as exact question text. QA 重新稽核：未找到與題幹精確一致的現有 SkillID；章節或官方碼候選不視為 direct，SkillID 已清空。""","""not_evaluable""","""include""","{""answerKeySource"":""source_materials/tcool_math_g1_g4_康軒_翰林/grade-3/康軒/answers/P01_R07_安和國小_新北市_3年級_數學_113上_期中1_康軒_答案卷.pdf"",""answerNote"":""Answer-key file paired and inspected; no answer inserted because item-level mapping is not unambiguous from the available extraction."",""needsImage"":true,""ocrQuality"":""text_layer_partial"",""questionImage"":""source_materials/tcool_math_g1_g4_康軒_翰林/_analysis/pilot/pages/G3-_-113_-_1-P01_R07_____3____113___1__/"",""sourcePage"":null}","{""includeDecision"":""include"",""notes"":""Needs page-image confirmation before using as exact question text. QA 重新稽核：未找到與題幹精確一致的現有 SkillID；章節或官方碼候選不視為 direct，SkillID 已清空。"",""publisherChapter"":{""chapterNumber"":3,""chapterTitle"":""毫米"",""grade"":""G3"",""publisher"":""康軒"",""semester"":""上""},""scopeOutlier"":""not_evaluable""}","{""answer"":null,""answer_key_source"":""source_materials/tcool_math_g1_g4_康軒_翰林/grade-3/康軒/answers/P01_R07_安和國小_新北市_3年級_數學_113上_期中1_康軒_答案卷.pdf"",""answer_note"":""Answer-key file paired and inspected; no answer inserted because item-level mapping is not unambiguous from the available extraction."",""answer_status"":""missing"",""examId"":""G3-康軒-113上-期中1-P01_R07_安和國小_新北市_3年級_數學_113上_期中1_康軒"",""id"":""G3-康軒-113上-期中1-P01_R07_安和國小_新北市_3年級_數學_113上_期中1_康軒::一-7"",""needs_image"":true,""ocr_quality"":""text_layer_partial"",""original_number"":""一-7"",""question_image"":""source_materials/tcool_math_g1_g4_康軒_翰林/_analysis/pilot/pages/G3-_-113_-_1-P01_R07_____3____113___1__/"",""raw_text"":""毛毛蟲在數線40，向右3格後再移動至30。"",""source_id"":""G3-康軒-113上-期中1-P01_R07_安和國小_新北市_3年級_數學_113上_期中1_康軒"",""source_page"":null}","{""alignmentStatus"":""partial"",""candidateSkillIds"":[],""common_trap"":""左右方向與格距"",""confidence"":""medium"",""core_concept"":""毫米"",""examId"":""G3-康軒-113上-期中1-P01_R07_安和國小_新北市_3年級_數學_113上_期中1_康軒"",""include_decision"":""include"",""notes"":""Needs page-image confirmation before using as exact question text. QA 重新稽核：未找到與題幹精確一致的現有 SkillID；章節或官方碼候選不視為 direct，SkillID 已清空。"",""officialContentCodes"":[""N-3-11""],""officialPerformanceCodes"":[],""publisherChapter"":{""chapterNumber"":3,""chapterTitle"":""毫米"",""grade"":""G3"",""publisher"":""康軒"",""semester"":""上""},""question_id"":""G3-康軒-113上-期中1-P01_R07_安和國小_新北市_3年級_數學_113上_期中1_康軒::一-7"",""question_type"":""數線移動"",""scope_outlier"":""not_evaluable"",""skillIds"":[],""source_id"":""G3-康軒-113上-期中1-P01_R07_安和國小_新北市_3年級_數學_113上_期中1_康軒""}","""first_pass"""
"""G3-康軒-113上-期中1-P01_R07_安和國小_新北市_3年級_數學_113上_期中1_康軒::一-8""","""G3-康軒-113上-期中1-P01_R07_安和國小_新北市_3年級_數學_113上_期中1_康軒""","""question_group_candidate""","""not_verified_from_available_extraction""","""source_materials/tcool_math_g1_g4_康軒_翰林/grade-3/康軒/questions/P01_R07_安和國小_新北市_3年級_數學_113上_期中1_康軒_題目卷.pdf""","""source_materials/tcool_math_g1_g4_康軒_翰林/grade-3/康軒/answers/P01_R07_安和國小_新北市_3年級_數學_113上_期中1_康軒_答案卷.pdf""",null,"""source_materials/tcool_math_g1_g4_康軒_翰林/_analysis/pilot/pages/G3-_-113_-_1-P01_R07_____3____113___1__/""","""一-8""","""玉山1～5月雨量統計表；毫米化成公分、毫米並比較。""",[],null,"""missing""","""Answer-key file paired and inspected; no answer inserted because item-level mapping is not unambiguous from the available extraction.""","""text_layer_partial""",true,"""image_required""","""康軒""","""G3""","""113""","""上""","""期中1""","""表格報讀／長度單位換算""","""毫米""","""10毫米=1公分""","{""chapterNumber"":3,""chapterTitle"":""毫米"",""grade"":""G3"",""publisher"":""康軒"",""semester"":""上""}","[""N-3-12""]",[],[],[],"""partial""","""medium""","""Needs page-image confirmation before using as exact question text. QA 重新稽核：未找到與題幹精確一致的現有 SkillID；章節或官方碼候選不視為 direct，SkillID 已清空。""","""not_evaluable""","""include""","{""answerKeySource"":""source_materials/tcool_math_g1_g4_康軒_翰林/grade-3/康軒/answers/P01_R07_安和國小_新北市_3年級_數學_113上_期中1_康軒_答案卷.pdf"",""answerNote"":""Answer-key file paired and inspected; no answer inserted because item-level mapping is not unambiguous from the available extraction."",""needsImage"":true,""ocrQuality"":""text_layer_partial"",""questionImage"":""source_materials/tcool_math_g1_g4_康軒_翰林/_analysis/pilot/pages/G3-_-113_-_1-P01_R07_____3____113___1__/"",""sourcePage"":null}","{""includeDecision"":""include"",""notes"":""Needs page-image confirmation before using as exact question text. QA 重新稽核：未找到與題幹精確一致的現有 SkillID；章節或官方碼候選不視為 direct，SkillID 已清空。"",""publisherChapter"":{""chapterNumber"":3,""chapterTitle"":""毫米"",""grade"":""G3"",""publisher"":""康軒"",""semester"":""上""},""scopeOutlier"":""not_evaluable""}","{""answer"":null,""answer_key_source"":""source_materials/tcool_math_g1_g4_康軒_翰林/grade-3/康軒/answers/P01_R07_安和國小_新北市_3年級_數學_113上_期中1_康軒_答案卷.pdf"",""answer_note"":""Answer-key file paired and inspected; no answer inserted because item-level mapping is not unambiguous from the available extraction."",""answer_status"":""missing"",""examId"":""G3-康軒-113上-期中1-P01_R07_安和國小_新北市_3年級_數學_113上_期中1_康軒"",""id"":""G3-康軒-113上-期中1-P01_R07_安和國小_新北市_3年級_數學_113上_期中1_康軒::一-8"",""needs_image"":true,""ocr_quality"":""text_layer_partial"",""original_number"":""一-8"",""question_image"":""source_materials/tcool_math_g1_g4_康軒_翰林/_analysis/pilot/pages/G3-_-113_-_1-P01_R07_____3____113___1__/"",""raw_text"":""玉山1～5月雨量統計表；毫米化成公分、毫米並比較。"",""source_id"":""G3-康軒-113上-期中1-P01_R07_安和國小_新北市_3年級_數學_113上_期中1_康軒"",""source_page"":null}","{""alignmentStatus"":""partial"",""candidateSkillIds"":[],""common_trap"":""10毫米=1公分"",""confidence"":""medium"",""core_concept"":""毫米"",""examId"":""G3-康軒-113上-期中1-P01_R07_安和國小_新北市_3年級_數學_113上_期中1_康軒"",""include_decision"":""include"",""notes"":""Needs page-image confirmation before using as exact question text. QA 重新稽核：未找到與題幹精確一致的現有 SkillID；章節或官方碼候選不視為 direct，SkillID 已清空。"",""officialContentCodes"":[""N-3-12""],""officialPerformanceCodes"":[],""publisherChapter"":{""chapterNumber"":3,""chapterTitle"":""毫米"",""grade"":""G3"",""publisher"":""康軒"",""semester"":""上""},""question_id"":""G3-康軒-113上-期中1-P01_R07_安和國小_新北市_3年級_數學_113上_期中1_康軒::一-8"",""question_type"":""表格報讀／長度單位換算"",""scope_outlier"":""not_evaluable"",""skillIds"":[],""source_id"":""G3-康軒-113上-期中1-P01_R07_安和國小_新北市_3年級_數學_113上_期中1_康軒""}","""first_pass"""
"""G3-康軒-113上-期中1-P01_R07_安和國小_新北市_3年級_數學_113上_期中1_康軒::一-9""","""G3-康軒-113上-期中1-P01_R07_安和國小_新北市_3年級_數學_113上_期中1_康軒""","""question_group_candidate""","""not_verified_from_available_extraction""","""source_materials/tcool_math_g1_g4_康軒_翰林/grade-3/康軒/questions/P01_R07_安和國小_新北市_3年級_數學_113上_期中1_康軒_題目卷.pdf""","""source_materials/tcool_math_g1_g4_康軒_翰林/grade-3/康軒/answers/P01_R07_安和國小_新北市_3年級_數學_113上_期中1_康軒_答案卷.pdf""",null,"""source_materials/tcool_math_g1_g4_康軒_翰林/_analysis/pilot/pages/G3-_-113_-_1-P01_R07_____3____113___1__/""","""一-9""","""直式加減與乘法：4084＋2935、7030－2469、649×5、408×7。""",[],null,"""missing""","""Answer-key file paired and inspected; no answer inserted because item-level mapping is not unambiguous from the available extraction.""","""text_layer_partial""",false,"""text_only""","""康軒""","""G3""","""113""","""上""","""期中1""","""直式計算""","""四位數的加減""","""含0退位與進位""","{""chapterNumber"":2,""chapterTitle"":""四位數的加減"",""grade"":""G3"",""publisher"":""康軒"",""semester"":""上""}","[""N-3-2"",""N-3-3""]",[],[],[],"""partial""","""medium""","""Text-layer evidence supports this content-level alignment. Skill ID is supplied only where prompt distinguishes the skill; otherwise intentionally blank. QA 重新稽核：未找到與題幹精確一致的現有 SkillID；章節或官方碼候選不視為 direct，SkillID 已清空。""","""not_evaluable""","""include""","{""answerKeySource"":""source_materials/tcool_math_g1_g4_康軒_翰林/grade-3/康軒/answers/P01_R07_安和國小_新北市_3年級_數學_113上_期中1_康軒_答案卷.pdf"",""answerNote"":""Answer-key file paired and inspected; no answer inserted because item-level mapping is not unambiguous from the available extraction."",""needsImage"":false,""ocrQuality"":""text_layer_partial"",""questionImage"":""source_materials/tcool_math_g1_g4_康軒_翰林/_analysis/pilot/pages/G3-_-113_-_1-P01_R07_____3____113___1__/"",""sourcePage"":null}","{""includeDecision"":""include"",""notes"":""Text-layer evidence supports this content-level alignment. Skill ID is supplied only where prompt distinguishes the skill; otherwise intentionally blank. QA 重新稽核：未找到與題幹精確一致的現有 SkillID；章節或官方碼候選不視為 direct，SkillID 已清空。"",""publisherChapter"":{""chapterNumber"":2,""chapterTitle"":""四位數的加減"",""grade"":""G3"",""publisher"":""康軒"",""semester"":""上""},""scopeOutlier"":""not_evaluable""}","{""answer"":null,""answer_key_source"":""source_materials/tcool_math_g1_g4_康軒_翰林/grade-3/康軒/answers/P01_R07_安和國小_新北市_3年級_數學_113上_期中1_康軒_答案卷.pdf"",""answer_note"":""Answer-key file paired and inspected; no answer inserted because item-level mapping is not unambiguous from the available extraction."",""answer_status"":""missing"",""examId"":""G3-康軒-113上-期中1-P01_R07_安和國小_新北市_3年級_數學_113上_期中1_康軒"",""id"":""G3-康軒-113上-期中1-P01_R07_安和國小_新北市_3年級_數學_113上_期中1_康軒::一-9"",""needs_image"":false,""ocr_quality"":""text_layer_partial"",""original_number"":""一-9"",""question_image"":""source_materials/tcool_math_g1_g4_康軒_翰林/_analysis/pilot/pages/G3-_-113_-_1-P01_R07_____3____113___1__/"",""raw_text"":""直式加減與乘法：4084＋2935、7030－2469、649×5、408×7。"",""source_id"":""G3-康軒-113上-期中1-P01_R07_安和國小_新北市_3年級_數學_113上_期中1_康軒"",""source_page"":null}","{""alignmentStatus"":""partial"",""candidateSkillIds"":[],""common_trap"":""含0退位與進位"",""confidence"":""medium"",""core_concept"":""四位數的加減"",""examId"":""G3-康軒-113上-期中1-P01_R07_安和國小_新北市_3年級_數學_113上_期中1_康軒"",""include_decision"":""include"",""notes"":""Text-layer evidence supports this content-level alignment. Skill ID is supplied only where prompt distinguishes the skill; otherwise intentionally blank. QA 重新稽核：未找到與題幹精確一致的現有 SkillID；章節或官方碼候選不視為 direct，SkillID 已清空。"",""officialContentCodes"":[""N-3-2"",""N-3-3""],""officialPerformanceCodes"":[],""publisherChapter"":{""chapterNumber"":2,""chapterTitle"":""四位數的加減"",""grade"":""G3"",""publisher"":""康軒"",""semester"":""上""},""question_id"":""G3-康軒-113上-期中1-P01_R07_安和國小_新北市_3年級_數學_113上_期中1_康軒::一-9"",""question_type"":""直式計算"",""scope_outlier"":""not_evaluable"",""skillIds"":[],""source_id"":""G3-康軒-113上-期中1-P01_R07_安和國小_新北市_3年級_數學_113上_期中1_康軒""}","""first_pass"""
"""G3-康軒-113上-期中1-P01_R07_安和國小_新北市_3年級_數學_113上_期中1_康軒::五-1""","""G3-康軒-113上-期中1-P01_R07_安和國小_新北市_3年級_數學_113上_期中1_康軒""","""question_group_candidate""","""not_verified_from_available_extraction""","""source_materials/tcool_math_g1_g4_康軒_翰林/grade-3/康軒/questions/P01_R07_安和國小_新北市_3年級_數學_113上_期中1_康軒_題目卷.pdf""","""source_materials/tcool_math_g1_g4_康軒_翰林/grade-3/康軒/answers/P01_R07_安和國小_新北市_3年級_數學_113上_期中1_康軒_答案卷.pdf""",null,"""source_materials/tcool_math_g1_g4_康軒_翰林/_analysis/pilot/pages/G3-_-113_-_1-P01_R07_____3____113___1__/""","""五-1""","""蝸牛經乙地到丙地，8公分6毫米加4公分8毫米。""",[],null,"""missing""","""Answer-key file paired and inspected; no answer inserted because item-level mapping is not unambiguous from the available extraction.""","""text_layer_partial""",true,"""image_required""","""康軒""","""G3""","""113""","""上""","""期中1""","""複名數加法""","""毫米""","""毫米滿10需換公分""","{""chapterNumber"":3,""chapterTitle"":""毫米"",""grade"":""G3"",""publisher"":""康軒"",""semester"":""上""}","[""N-3-12""]",[],[],[],"""partial""","""medium""","""Needs page-image confirmation before using as exact question text. QA 重新稽核：未找到與題幹精確一致的現有 SkillID；章節或官方碼候選不視為 direct，SkillID 已清空。""","""not_evaluable""","""include""","{""answerKeySource"":""source_materials/tcool_math_g1_g4_康軒_翰林/grade-3/康軒/answers/P01_R07_安和國小_新北市_3年級_數學_113上_期中1_康軒_答案卷.pdf"",""answerNote"":""Answer-key file paired and inspected; no answer inserted because item-level mapping is not unambiguous from the available extraction."",""needsImage"":true,""ocrQuality"":""text_layer_partial"",""questionImage"":""source_materials/tcool_math_g1_g4_康軒_翰林/_analysis/pilot/pages/G3-_-113_-_1-P01_R07_____3____113___1__/"",""sourcePage"":null}","{""includeDecision"":""include"",""notes"":""Needs page-image confirmation before using as exact question text. QA 重新稽核：未找到與題幹精確一致的現有 SkillID；章節或官方碼候選不視為 direct，SkillID 已清空。"",""publisherChapter"":{""chapterNumber"":3,""chapterTitle"":""毫米"",""grade"":""G3"",""publisher"":""康軒"",""semester"":""上""},""scopeOutlier"":""not_evaluable""}","{""answer"":null,""answer_key_source"":""source_materials/tcool_math_g1_g4_康軒_翰林/grade-3/康軒/answers/P01_R07_安和國小_新北市_3年級_數學_113上_期中1_康軒_答案卷.pdf"",""answer_note"":""Answer-key file paired and inspected; no answer inserted because item-level mapping is not unambiguous from the available extraction."",""answer_status"":""missing"",""examId"":""G3-康軒-113上-期中1-P01_R07_安和國小_新北市_3年級_數學_113上_期中1_康軒"",""id"":""G3-康軒-113上-期中1-P01_R07_安和國小_新北市_3年級_數學_113上_期中1_康軒::五-1"",""needs_image"":true,""ocr_quality"":""text_layer_partial"",""original_number"":""五-1"",""question_image"":""source_materials/tcool_math_g1_g4_康軒_翰林/_analysis/pilot/pages/G3-_-113_-_1-P01_R07_____3____113___1__/"",""raw_text"":""蝸牛經乙地到丙地，8公分6毫米加4公分8毫米。"",""source_id"":""G3-康軒-113上-期中1-P01_R07_安和國小_新北市_3年級_數學_113上_期中1_康軒"",""source_page"":null}","{""alignmentStatus"":""partial"",""candidateSkillIds"":[],""common_trap"":""毫米滿10需換公分"",""confidence"":""medium"",""core_concept"":""毫米"",""examId"":""G3-康軒-113上-期中1-P01_R07_安和國小_新北市_3年級_數學_113上_期中1_康軒"",""include_decision"":""include"",""notes"":""Needs page-image confirmation before using as exact question text. QA 重新稽核：未找到與題幹精確一致的現有 SkillID；章節或官方碼候選不視為 direct，SkillID 已清空。"",""officialContentCodes"":[""N-3-12""],""officialPerformanceCodes"":[],""publisherChapter"":{""chapterNumber"":3,""chapterTitle"":""毫米"",""grade"":""G3"",""publisher"":""康軒"",""semester"":""上""},""question_id"":""G3-康軒-113上-期中1-P01_R07_安和國小_新北市_3年級_數學_113上_期中1_康軒::五-1"",""question_type"":""複名數加法"",""scope_outlier"":""not_evaluable"",""skillIds"":[],""source_id"":""G3-康軒-113上-期中1-P01_R07_安和國小_新北市_3年級_數學_113上_期中1_康軒""}","""first_pass"""
"""G3-康軒-113上-期中1-P01_R07_安和國小_新北市_3年級_數學_113上_期中1_康軒::六-1""","""G3-康軒-113上-期中1-P01_R07_安和國小_新北市_3年級_數學_113上_期中1_康軒""","""question_group_candidate""","""not_verified_from_available_extraction""","""source_materials/tcool_math_g1_g4_康軒_翰林/grade-3/康軒/questions/P01_R07_安和國小_新北市_3年級_數學_113上_期中1_康軒_題目卷.pdf""","""source_materials/tcool_math_g1_g4_康軒_翰林/grade-3/康軒/answers/P01_R07_安和國小_新北市_3年級_數學_113上_期中1_康軒_答案卷.pdf""",null,"""source_materials/tcool_math_g1_g4_康軒_翰林/_analysis/pilot/pages/G3-_-113_-_1-P01_R07_____3____113___1__/""","""六-1""","""快樂農場地圖路線與套餐、水蜜桃題組。""",[],null,"""missing""","""Answer-key file paired and inspected; no answer inserted because item-level mapping is not unambiguous from the available extraction.""","""text_layer_partial""",true,"""image_required""","""康軒""","""G3""","""113""","""上""","""期中1""","""地圖量距／乘法應用""","""四位數的加減""","""地圖圖例或路線需看圖""","{""chapterNumber"":2,""chapterTitle"":""四位數的加減"",""grade"":""G3"",""publisher"":""康軒"",""semester"":""上""}","[""N-3-2"",""N-3-3""]",[],[],[],"""partial""","""medium""","""Needs page-image confirmation before using as exact question text. QA 重新稽核：未找到與題幹精確一致的現有 SkillID；章節或官方碼候選不視為 direct，SkillID 已清空。""","""not_evaluable""","""include""","{""answerKeySource"":""source_materials/tcool_math_g1_g4_康軒_翰林/grade-3/康軒/answers/P01_R07_安和國小_新北市_3年級_數學_113上_期中1_康軒_答案卷.pdf"",""answerNote"":""Answer-key file paired and inspected; no answer inserted because item-level mapping is not unambiguous from the available extraction."",""needsImage"":true,""ocrQuality"":""text_layer_partial"",""questionImage"":""source_materials/tcool_math_g1_g4_康軒_翰林/_analysis/pilot/pages/G3-_-113_-_1-P01_R07_____3____113___1__/"",""sourcePage"":null}","{""includeDecision"":""include"",""notes"":""Needs page-image confirmation before using as exact question text. QA 重新稽核：未找到與題幹精確一致的現有 SkillID；章節或官方碼候選不視為 direct，SkillID 已清空。"",""publisherChapter"":{""chapterNumber"":2,""chapterTitle"":""四位數的加減"",""grade"":""G3"",""publisher"":""康軒"",""semester"":""上""},""scopeOutlier"":""not_evaluable""}","{""answer"":null,""answer_key_source"":""source_materials/tcool_math_g1_g4_康軒_翰林/grade-3/康軒/answers/P01_R07_安和國小_新北市_3年級_數學_113上_期中1_康軒_答案卷.pdf"",""answer_note"":""Answer-key file paired and inspected; no answer inserted because item-level mapping is not unambiguous from the available extraction."",""answer_status"":""missing"",""examId"":""G3-康軒-113上-期中1-P01_R07_安和國小_新北市_3年級_數學_113上_期中1_康軒"",""id"":""G3-康軒-113上-期中1-P01_R07_安和國小_新北市_3年級_數學_113上_期中1_康軒::六-1"",""needs_image"":true,""ocr_quality"":""text_layer_partial"",""original_number"":""六-1"",""question_image"":""source_materials/tcool_math_g1_g4_康軒_翰林/_analysis/pilot/pages/G3-_-113_-_1-P01_R07_____3____113___1__/"",""raw_text"":""快樂農場地圖路線與套餐、水蜜桃題組。"",""source_id"":""G3-康軒-113上-期中1-P01_R07_安和國小_新北市_3年級_數學_113上_期中1_康軒"",""source_page"":null}","{""alignmentStatus"":""partial"",""candidateSkillIds"":[],""common_trap"":""地圖圖例或路線需看圖"",""confidence"":""medium"",""core_concept"":""四位數的加減"",""examId"":""G3-康軒-113上-期中1-P01_R07_安和國小_新北市_3年級_數學_113上_期中1_康軒"",""include_decision"":""include"",""notes"":""Needs page-image confirmation before using as exact question text. QA 重新稽核：未找到與題幹精確一致的現有 SkillID；章節或官方碼候選不視為 direct，SkillID 已清空。"",""officialContentCodes"":[""N-3-2"",""N-3-3""],""officialPerformanceCodes"":[],""publisherChapter"":{""chapterNumber"":2,""chapterTitle"":""四位數的加減"",""grade"":""G3"",""publisher"":""康軒"",""semester"":""上""},""question_id"":""G3-康軒-113上-期中1-P01_R07_安和國小_新北市_3年級_數學_113上_期中1_康軒::六-1"",""question_type"":""地圖量距／乘法應用"",""scope_outlier"":""not_evaluable"",""skillIds"":[],""source_id"":""G3-康軒-113上-期中1-P01_R07_安和國小_新北市_3年級_數學_113上_期中1_康軒""}","""first_pass"""
"""G3-翰林-108上-期中1-P07_R06_鶴聲國小_屏東縣_3年級_數學_108上_期中1_翰林::一-1""","""G3-翰林-108上-期中1-P07_R06_鶴聲國小_屏東縣_3年級_數學_108上_期中1_翰林""","""question_group_candidate""","""not_verified_from_available_extraction""","""source_materials/tcool_math_g1_g4_康軒_翰林/grade-3/翰林/questions/P07_R06_鶴聲國小_屏東縣_3年級_數學_108上_期中1_翰林_題目卷.pdf""","""source_materials/tcool_math_g1_g4_康軒_翰林/grade-3/翰林/answers/P07_R06_鶴聲國小_屏東縣_3年級_數學_108上_期中1_翰林_答案卷.pdf""",null,"""source_materials/tcool_math_g1_g4_康軒_翰林/_analysis/pilot/pages/G3-_-108_-_1-P07_R06_____3____108___1__/""","""一-1""","""2個千、1個十和8個一的數；數線與四位數判斷。""",[],null,"""missing""","""Answer-key file paired and inspected; no answer inserted because item-level mapping is not unambiguous from the available extraction.""","""partial""",true,"""image_required""","""翰林""","""G3""","""108""","""上""","""期中1""","""位值／數線判斷""","""10000 以內的數""","""OCR雜訊，原圖覆核""","{""chapterNumber"":1,""chapterTitle"":""10000 以內的數"",""grade"":""G3"",""publisher"":""翰林"",""semester"":""上""}","[""N-3-1""]",[],[],[],"""uncertain""","""low""","""Needs page-image confirmation before using as exact question text. QA 重新稽核：未找到與題幹精確一致的現有 SkillID；章節或官方碼候選不視為 direct，SkillID 已清空。""","""not_evaluable""","""uncertain_review""","{""answerKeySource"":""source_materials/tcool_math_g1_g4_康軒_翰林/grade-3/翰林/answers/P07_R06_鶴聲國小_屏東縣_3年級_數學_108上_期中1_翰林_答案卷.pdf"",""answerNote"":""Answer-key file paired and inspected; no answer inserted because item-level mapping is not unambiguous from the available extraction."",""needsImage"":true,""ocrQuality"":""partial"",""questionImage"":""source_materials/tcool_math_g1_g4_康軒_翰林/_analysis/pilot/pages/G3-_-108_-_1-P07_R06_____3____108___1__/"",""sourcePage"":null}","{""includeDecision"":""uncertain_review"",""notes"":""Needs page-image confirmation before using as exact question text. QA 重新稽核：未找到與題幹精確一致的現有 SkillID；章節或官方碼候選不視為 direct，SkillID 已清空。"",""publisherChapter"":{""chapterNumber"":1,""chapterTitle"":""10000 以內的數"",""grade"":""G3"",""publisher"":""翰林"",""semester"":""上""},""scopeOutlier"":""not_evaluable""}","{""answer"":null,""answer_key_source"":""source_materials/tcool_math_g1_g4_康軒_翰林/grade-3/翰林/answers/P07_R06_鶴聲國小_屏東縣_3年級_數學_108上_期中1_翰林_答案卷.pdf"",""answer_note"":""Answer-key file paired and inspected; no answer inserted because item-level mapping is not unambiguous from the available extraction."",""answer_status"":""missing"",""examId"":""G3-翰林-108上-期中1-P07_R06_鶴聲國小_屏東縣_3年級_數學_108上_期中1_翰林"",""id"":""G3-翰林-108上-期中1-P07_R06_鶴聲國小_屏東縣_3年級_數學_108上_期中1_翰林::一-1"",""needs_image"":true,""ocr_quality"":""partial"",""original_number"":""一-1"",""question_image"":""source_materials/tcool_math_g1_g4_康軒_翰林/_analysis/pilot/pages/G3-_-108_-_1-P07_R06_____3____108___1__/"",""raw_text"":""2個千、1個十和8個一的數；數線與四位數判斷。"",""source_id"":""G3-翰林-108上-期中1-P07_R06_鶴聲國小_屏東縣_3年級_數學_108上_期中1_翰林"",""source_page"":null}","{""alignmentStatus"":""uncertain"",""candidateSkillIds"":[],""common_trap"":""OCR雜訊，原圖覆核"",""confidence"":""low"",""core_concept"":""10000 以內的數"",""examId"":""G3-翰林-108上-期中1-P07_R06_鶴聲國小_屏東縣_3年級_數學_108上_期中1_翰林"",""include_decision"":""uncertain_review"",""notes"":""Needs page-image confirmation before using as exact question text. QA 重新稽核：未找到與題幹精確一致的現有 SkillID；章節或官方碼候選不視為 direct，SkillID 已清空。"",""officialContentCodes"":[""N-3-1""],""officialPerformanceCodes"":[],""publisherChapter"":{""chapterNumber"":1,""chapterTitle"":""10000 以內的數"",""grade"":""G3"",""publisher"":""翰林"",""semester"":""上""},""question_id"":""G3-翰林-108上-期中1-P07_R06_鶴聲國小_屏東縣_3年級_數學_108上_期中1_翰林::一-1"",""question_type"":""位值／數線判斷"",""scope_outlier"":""not_evaluable"",""skillIds"":[],""source_id"":""G3-翰林-108上-期中1-P07_R06_鶴聲國小_屏東縣_3年級_數學_108上_期中1_翰林""}","""first_pass"""
"""G3-翰林-108上-期中1-P07_R06_鶴聲國小_屏東縣_3年級_數學_108上_期中1_翰林::三-1""","""G3-翰林-108上-期中1-P07_R06_鶴聲國小_屏東縣_3年級_數學_108上_期中1_翰林""","""question_group_candidate""","""not_verified_from_available_extraction""","""source_materials/tcool_math_g1_g4_康軒_翰林/grade-3/翰林/questions/P07_R06_鶴聲國小_屏東縣_3年級_數學_108上_期中1_翰林_題目卷.pdf""","""source_materials/tcool_math_g1_g4_康軒_翰林/grade-3/翰林/answers/P07_R06_鶴聲國小_屏東縣_3年級_數學_108上_期中1_翰林_答案卷.pdf""",null,"""source_materials/tcool_math_g1_g4_康軒_翰林/_analysis/pilot/pages/G3-_-108_-_1-P07_R06_____3____108___1__/""","""三-1""","""位值表、數線、3886公尺位值與生日日期題。""",[],null,"""missing""","""Answer-key file paired and inspected; no answer inserted because item-level mapping is not unambiguous from the available extraction.""","""partial""",true,"""image_required""","""翰林""","""G3""","""108""","""上""","""期中1""","""位值／數線群組""","""10000 以內的數""","""掃描OCR不完整""","{""chapterNumber"":1,""chapterTitle"":""10000 以內的數"",""grade"":""G3"",""publisher"":""翰林"",""semester"":""上""}","[""N-3-1""]",[],[],[],"""uncertain""","""low""","""Needs page-image confirmation before using as exact question text. QA 重新稽核：未找到與題幹精確一致的現有 SkillID；章節或官方碼候選不視為 direct，SkillID 已清空。""","""not_evaluable""","""uncertain_review""","{""answerKeySource"":""source_materials/tcool_math_g1_g4_康軒_翰林/grade-3/翰林/answers/P07_R06_鶴聲國小_屏東縣_3年級_數學_108上_期中1_翰林_答案卷.pdf"",""answerNote"":""Answer-key file paired and inspected; no answer inserted because item-level mapping is not unambiguous from the available extraction."",""needsImage"":true,""ocrQuality"":""partial"",""questionImage"":""source_materials/tcool_math_g1_g4_康軒_翰林/_analysis/pilot/pages/G3-_-108_-_1-P07_R06_____3____108___1__/"",""sourcePage"":null}","{""includeDecision"":""uncertain_review"",""notes"":""Needs page-image confirmation before using as exact question text. QA 重新稽核：未找到與題幹精確一致的現有 SkillID；章節或官方碼候選不視為 direct，SkillID 已清空。"",""publisherChapter"":{""chapterNumber"":1,""chapterTitle"":""10000 以內的數"",""grade"":""G3"",""publisher"":""翰林"",""semester"":""上""},""scopeOutlier"":""not_evaluable""}","{""answer"":null,""answer_key_source"":""source_materials/tcool_math_g1_g4_康軒_翰林/grade-3/翰林/answers/P07_R06_鶴聲國小_屏東縣_3年級_數學_108上_期中1_翰林_答案卷.pdf"",""answer_note"":""Answer-key file paired and inspected; no answer inserted because item-level mapping is not unambiguous from the available extraction."",""answer_status"":""missing"",""examId"":""G3-翰林-108上-期中1-P07_R06_鶴聲國小_屏東縣_3年級_數學_108上_期中1_翰林"",""id"":""G3-翰林-108上-期中1-P07_R06_鶴聲國小_屏東縣_3年級_數學_108上_期中1_翰林::三-1"",""needs_image"":true,""ocr_quality"":""partial"",""original_number"":""三-1"",""question_image"":""source_materials/tcool_math_g1_g4_康軒_翰林/_analysis/pilot/pages/G3-_-108_-_1-P07_R06_____3____108___1__/"",""raw_text"":""位值表、數線、3886公尺位值與生日日期題。"",""source_id"":""G3-翰林-108上-期中1-P07_R06_鶴聲國小_屏東縣_3年級_數學_108上_期中1_翰林"",""source_page"":null}","{""alignmentStatus"":""uncertain"",""candidateSkillIds"":[],""common_trap"":""掃描OCR不完整"",""confidence"":""low"",""core_concept"":""10000 以內的數"",""examId"":""G3-翰林-108上-期中1-P07_R06_鶴聲國小_屏東縣_3年級_數學_108上_期中1_翰林"",""include_decision"":""uncertain_review"",""notes"":""Needs page-image confirmation before using as exact question text. QA 重新稽核：未找到與題幹精確一致的現有 SkillID；章節或官方碼候選不視為 direct，SkillID 已清空。"",""officialContentCodes"":[""N-3-1""],""officialPerformanceCodes"":[],""publisherChapter"":{""chapterNumber"":1,""chapterTitle"":""10000 以內的數"",""grade"":""G3"",""publisher"":""翰林"",""semester"":""上""},""question_id"":""G3-翰林-108上-期中1-P07_R06_鶴聲國小_屏東縣_3年級_數學_108上_期中1_翰林::三-1"",""question_type"":""位值／數線群組"",""scope_outlier"":""not_evaluable"",""skillIds"":[],""source_id"":""G3-翰林-108上-期中1-P07_R06_鶴聲國小_屏東縣_3年級_數學_108上_期中1_翰林""}","""first_pass"""
"""G3-翰林-108上-期中1-P07_R06_鶴聲國小_屏東縣_3年級_數學_108上_期中1_翰林::二-1""","""G3-翰林-108上-期中1-P07_R06_鶴聲國小_屏東縣_3年級_數學_108上_期中1_翰林""","""question_group_candidate""","""not_verified_from_available_extraction""","""source_materials/tcool_math_g1_g4_康軒_翰林/grade-3/翰林/questions/P07_R06_鶴聲國小_屏東縣_3年級_數學_108上_期中1_翰林_題目卷.pdf""","""source_materials/tcool_math_g1_g4_康軒_翰林/grade-3/翰林/answers/P07_R06_鶴聲國小_屏東縣_3年級_數學_108上_期中1_翰林_答案卷.pdf""",null,"""source_materials/tcool_math_g1_g4_康軒_翰林/_analysis/pilot/pages/G3-_-108_-_1-P07_R06_____3____108___1__/""","""二-1""","""四位數數線選擇與220開始向右數格。""",[],null,"""missing""","""Answer-key file paired and inspected; no answer inserted because item-level mapping is not unambiguous from the available extraction.""","""partial""",true,"""image_required""","""翰林""","""G3""","""108""","""上""","""期中1""","""數線選擇""","""10000 以內的數""","""數線刻度與方向""","{""chapterNumber"":1,""chapterTitle"":""10000 以內的數"",""grade"":""G3"",""publisher"":""翰林"",""semester"":""上""}","[""N-3-1""]",[],[],[],"""uncertain""","""low""","""Needs page-image confirmation before using as exact question text. QA 重新稽核：未找到與題幹精確一致的現有 SkillID；章節或官方碼候選不視為 direct，SkillID 已清空。""","""not_evaluable""","""uncertain_review""","{""answerKeySource"":""source_materials/tcool_math_g1_g4_康軒_翰林/grade-3/翰林/answers/P07_R06_鶴聲國小_屏東縣_3年級_數學_108上_期中1_翰林_答案卷.pdf"",""answerNote"":""Answer-key file paired and inspected; no answer inserted because item-level mapping is not unambiguous from the available extraction."",""needsImage"":true,""ocrQuality"":""partial"",""questionImage"":""source_materials/tcool_math_g1_g4_康軒_翰林/_analysis/pilot/pages/G3-_-108_-_1-P07_R06_____3____108___1__/"",""sourcePage"":null}","{""includeDecision"":""uncertain_review"",""notes"":""Needs page-image confirmation before using as exact question text. QA 重新稽核：未找到與題幹精確一致的現有 SkillID；章節或官方碼候選不視為 direct，SkillID 已清空。"",""publisherChapter"":{""chapterNumber"":1,""chapterTitle"":""10000 以內的數"",""grade"":""G3"",""publisher"":""翰林"",""semester"":""上""},""scopeOutlier"":""not_evaluable""}","{""answer"":null,""answer_key_source"":""source_materials/tcool_math_g1_g4_康軒_翰林/grade-3/翰林/answers/P07_R06_鶴聲國小_屏東縣_3年級_數學_108上_期中1_翰林_答案卷.pdf"",""answer_note"":""Answer-key file paired and inspected; no answer inserted because item-level mapping is not unambiguous from the available extraction."",""answer_status"":""missing"",""examId"":""G3-翰林-108上-期中1-P07_R06_鶴聲國小_屏東縣_3年級_數學_108上_期中1_翰林"",""id"":""G3-翰林-108上-期中1-P07_R06_鶴聲國小_屏東縣_3年級_數學_108上_期中1_翰林::二-1"",""needs_image"":true,""ocr_quality"":""partial"",""original_number"":""二-1"",""question_image"":""source_materials/tcool_math_g1_g4_康軒_翰林/_analysis/pilot/pages/G3-_-108_-_1-P07_R06_____3____108___1__/"",""raw_text"":""四位數數線選擇與220開始向右數格。"",""source_id"":""G3-翰林-108上-期中1-P07_R06_鶴聲國小_屏東縣_3年級_數學_108上_期中1_翰林"",""source_page"":null}","{""alignmentStatus"":""uncertain"",""candidateSkillIds"":[],""common_trap"":""數線刻度與方向"",""confidence"":""low"",""core_concept"":""10000 以內的數"",""examId"":""G3-翰林-108上-期中1-P07_R06_鶴聲國小_屏東縣_3年級_數學_108上_期中1_翰林"",""include_decision"":""uncertain_review"",""notes"":""Needs page-image confirmation before using as exact question text. QA 重新稽核：未找到與題幹精確一致的現有 SkillID；章節或官方碼候選不視為 direct，SkillID 已清空。"",""officialContentCodes"":[""N-3-1""],""officialPerformanceCodes"":[],""publisherChapter"":{""chapterNumber"":1,""chapterTitle"":""10000 以內的數"",""grade"":""G3"",""publisher"":""翰林"",""semester"":""上""},""question_id"":""G3-翰林-108上-期中1-P07_R06_鶴聲國小_屏東縣_3年級_數學_108上_期中1_翰林::二-1"",""question_type"":""數線選擇"",""scope_outlier"":""not_evaluable"",""skillIds"":[],""source_id"":""G3-翰林-108上-期中1-P07_R06_鶴聲國小_屏東縣_3年級_數學_108上_期中1_翰林""}","""first_pass"""
"""G3-翰林-108上-期中1-P07_R06_鶴聲國小_屏東縣_3年級_數學_108上_期中1_翰林::二-3""","""G3-翰林-108上-期中1-P07_R06_鶴聲國小_屏東縣_3年級_數學_108上_期中1_翰林""","""question_group_candidate""","""not_verified_from_available_extraction""","""source_materials/tcool_math_g1_g4_康軒_翰林/grade-3/翰林/questions/P07_R06_鶴聲國小_屏東縣_3年級_數學_108上_期中1_翰林_題目卷.pdf""","""source_materials/tcool_math_g1_g4_康軒_翰林/grade-3/翰林/answers/P07_R06_鶴聲國小_屏東縣_3年級_數學_108上_期中1_翰林_答案卷.pdf""",null,"""source_materials/tcool_math_g1_g4_康軒_翰林/_analysis/pilot/pages/G3-_-108_-_1-P07_R06_____3____108___1__/""","""二-3""","""飲料店1279杯，今天比昨天多215杯，選式。""",[],null,"""missing""","""Answer-key file paired and inspected; no answer inserted because item-level mapping is not unambiguous from the available extraction.""","""partial""",false,"""text_only""","""翰林""","""G3""","""108""","""上""","""期中1""","""加減應用選式""","""10000 以內的加減""","""比較量方向""","{""chapterNumber"":3,""chapterTitle"":""10000 以內的加減"",""grade"":""G3"",""publisher"":""翰林"",""semester"":""上""}","[""N-3-2""]",[],[],[],"""uncertain""","""low""","""Text-layer evidence supports this content-level alignment. Skill ID is supplied only where prompt distinguishes the skill; otherwise intentionally blank. QA 重新稽核：未找到與題幹精確一致的現有 SkillID；章節或官方碼候選不視為 direct，SkillID 已清空。""","""not_evaluable""","""uncertain_review""","{""answerKeySource"":""source_materials/tcool_math_g1_g4_康軒_翰林/grade-3/翰林/answers/P07_R06_鶴聲國小_屏東縣_3年級_數學_108上_期中1_翰林_答案卷.pdf"",""answerNote"":""Answer-key file paired and inspected; no answer inserted because item-level mapping is not unambiguous from the available extraction."",""needsImage"":false,""ocrQuality"":""partial"",""questionImage"":""source_materials/tcool_math_g1_g4_康軒_翰林/_analysis/pilot/pages/G3-_-108_-_1-P07_R06_____3____108___1__/"",""sourcePage"":null}","{""includeDecision"":""uncertain_review"",""notes"":""Text-layer evidence supports this content-level alignment. Skill ID is supplied only where prompt distinguishes the skill; otherwise intentionally blank. QA 重新稽核：未找到與題幹精確一致的現有 SkillID；章節或官方碼候選不視為 direct，SkillID 已清空。"",""publisherChapter"":{""chapterNumber"":3,""chapterTitle"":""10000 以內的加減"",""grade"":""G3"",""publisher"":""翰林"",""semester"":""上""},""scopeOutlier"":""not_evaluable""}","{""answer"":null,""answer_key_source"":""source_materials/tcool_math_g1_g4_康軒_翰林/grade-3/翰林/answers/P07_R06_鶴聲國小_屏東縣_3年級_數學_108上_期中1_翰林_答案卷.pdf"",""answer_note"":""Answer-key file paired and inspected; no answer inserted because item-level mapping is not unambiguous from the available extraction."",""answer_status"":""missing"",""examId"":""G3-翰林-108上-期中1-P07_R06_鶴聲國小_屏東縣_3年級_數學_108上_期中1_翰林"",""id"":""G3-翰林-108上-期中1-P07_R06_鶴聲國小_屏東縣_3年級_數學_108上_期中1_翰林::二-3"",""needs_image"":false,""ocr_quality"":""partial"",""original_number"":""二-3"",""question_image"":""source_materials/tcool_math_g1_g4_康軒_翰林/_analysis/pilot/pages/G3-_-108_-_1-P07_R06_____3____108___1__/"",""raw_text"":""飲料店1279杯，今天比昨天多215杯，選式。"",""source_id"":""G3-翰林-108上-期中1-P07_R06_鶴聲國小_屏東縣_3年級_數學_108上_期中1_翰林"",""source_page"":null}","{""alignmentStatus"":""uncertain"",""candidateSkillIds"":[],""common_trap"":""比較量方向"",""confidence"":""low"",""core_concept"":""10000 以內的加減"",""examId"":""G3-翰林-108上-期中1-P07_R06_鶴聲國小_屏東縣_3年級_數學_108上_期中1_翰林"",""include_decision"":""uncertain_review"",""notes"":""Text-layer evidence supports this content-level alignment. Skill ID is supplied only where prompt distinguishes the skill; otherwise intentionally blank. QA 重新稽核：未找到與題幹精確一致的現有 SkillID；章節或官方碼候選不視為 direct，SkillID 已清空。"",""officialContentCodes"":[""N-3-2""],""officialPerformanceCodes"":[],""publisherChapter"":{""chapterNumber"":3,""chapterTitle"":""10000 以內的加減"",""grade"":""G3"",""publisher"":""翰林"",""semester"":""上""},""question_id"":""G3-翰林-108上-期中1-P07_R06_鶴聲國小_屏東縣_3年級_數學_108上_期中1_翰林::二-3"",""question_type"":""加減應用選式"",""scope_outlier"":""not_evaluable"",""skillIds"":[],""source_id"":""G3-翰林-108上-期中1-P07_R06_鶴聲國小_屏東縣_3年級_數學_108上_期中1_翰林""}","""first_pass"""
"""G3-翰林-108上-期中1-P07_R06_鶴聲國小_屏東縣_3年級_數學_108上_期中1_翰林::五-1""","""G3-翰林-108上-期中1-P07_R06_鶴聲國小_屏東縣_3年級_數學_108上_期中1_翰林""","""question_group_candidate""","""not_verified_from_available_extraction""","""source_materials/tcool_math_g1_g4_康軒_翰林/grade-3/翰林/questions/P07_R06_鶴聲國小_屏東縣_3年級_數學_108上_期中1_翰林_題目卷.pdf""","""source_materials/tcool_math_g1_g4_康軒_翰林/grade-3/翰林/answers/P07_R06_鶴聲國小_屏東縣_3年級_數學_108上_期中1_翰林_答案卷.pdf""",null,"""source_materials/tcool_math_g1_g4_康軒_翰林/_analysis/pilot/pages/G3-_-108_-_1-P07_R06_____3____108___1__/""","""五-1""","""581－267、1523＋5588、540＋2560、1983－785。""",[],null,"""missing""","""Answer-key file paired and inspected; no answer inserted because item-level mapping is not unambiguous from the available extraction.""","""partial""",false,"""text_only""","""翰林""","""G3""","""108""","""上""","""期中1""","""直式加減""","""10000 以內的加減""","""進退位""","{""chapterNumber"":3,""chapterTitle"":""10000 以內的加減"",""grade"":""G3"",""publisher"":""翰林"",""semester"":""上""}","[""N-3-2""]",[],[],[],"""uncertain""","""low""","""Text-layer evidence supports this content-level alignment. Skill ID is supplied only where prompt distinguishes the skill; otherwise intentionally blank. QA 重新稽核：未找到與題幹精確一致的現有 SkillID；章節或官方碼候選不視為 direct，SkillID 已清空。""","""not_evaluable""","""uncertain_review""","{""answerKeySource"":""source_materials/tcool_math_g1_g4_康軒_翰林/grade-3/翰林/answers/P07_R06_鶴聲國小_屏東縣_3年級_數學_108上_期中1_翰林_答案卷.pdf"",""answerNote"":""Answer-key file paired and inspected; no answer inserted because item-level mapping is not unambiguous from the available extraction."",""needsImage"":false,""ocrQuality"":""partial"",""questionImage"":""source_materials/tcool_math_g1_g4_康軒_翰林/_analysis/pilot/pages/G3-_-108_-_1-P07_R06_____3____108___1__/"",""sourcePage"":null}","{""includeDecision"":""uncertain_review"",""notes"":""Text-layer evidence supports this content-level alignment. Skill ID is supplied only where prompt distinguishes the skill; otherwise intentionally blank. QA 重新稽核：未找到與題幹精確一致的現有 SkillID；章節或官方碼候選不視為 direct，SkillID 已清空。"",""publisherChapter"":{""chapterNumber"":3,""chapterTitle"":""10000 以內的加減"",""grade"":""G3"",""publisher"":""翰林"",""semester"":""上""},""scopeOutlier"":""not_evaluable""}","{""answer"":null,""answer_key_source"":""source_materials/tcool_math_g1_g4_康軒_翰林/grade-3/翰林/answers/P07_R06_鶴聲國小_屏東縣_3年級_數學_108上_期中1_翰林_答案卷.pdf"",""answer_note"":""Answer-key file paired and inspected; no answer inserted because item-level mapping is not unambiguous from the available extraction."",""answer_status"":""missing"",""examId"":""G3-翰林-108上-期中1-P07_R06_鶴聲國小_屏東縣_3年級_數學_108上_期中1_翰林"",""id"":""G3-翰林-108上-期中1-P07_R06_鶴聲國小_屏東縣_3年級_數學_108上_期中1_翰林::五-1"",""needs_image"":false,""ocr_quality"":""partial"",""original_number"":""五-1"",""question_image"":""source_materials/tcool_math_g1_g4_康軒_翰林/_analysis/pilot/pages/G3-_-108_-_1-P07_R06_____3____108___1__/"",""raw_text"":""581－267、1523＋5588、540＋2560、1983－785。"",""source_id"":""G3-翰林-108上-期中1-P07_R06_鶴聲國小_屏東縣_3年級_數學_108上_期中1_翰林"",""source_page"":null}","{""alignmentStatus"":""uncertain"",""candidateSkillIds"":[],""common_trap"":""進退位"",""confidence"":""low"",""core_concept"":""10000 以內的加減"",""examId"":""G3-翰林-108上-期中1-P07_R06_鶴聲國小_屏東縣_3年級_數學_108上_期中1_翰林"",""include_decision"":""uncertain_review"",""notes"":""Text-layer evidence supports this content-level alignment. Skill ID is supplied only where prompt distinguishes the skill; otherwise intentionally blank. QA 重新稽核：未找到與題幹精確一致的現有 SkillID；章節或官方碼候選不視為 direct，SkillID 已清空。"",""officialContentCodes"":[""N-3-2""],""officialPerformanceCodes"":[],""publisherChapter"":{""chapterNumber"":3,""chapterTitle"":""10000 以內的加減"",""grade"":""G3"",""publisher"":""翰林"",""semester"":""上""},""question_id"":""G3-翰林-108上-期中1-P07_R06_鶴聲國小_屏東縣_3年級_數學_108上_期中1_翰林::五-1"",""question_type"":""直式加減"",""scope_outlier"":""not_evaluable"",""skillIds"":[],""source_id"":""G3-翰林-108上-期中1-P07_R06_鶴聲國小_屏東縣_3年級_數學_108上_期中1_翰林""}","""first_pass"""
"""G3-翰林-108上-期中1-P07_R06_鶴聲國小_屏東縣_3年級_數學_108上_期中1_翰林::六-1""","""G3-翰林-108上-期中1-P07_R06_鶴聲國小_屏東縣_3年級_數學_108上_期中1_翰林""","""question_group_candidate""","""not_verified_from_available_extraction""","""source_materials/tcool_math_g1_g4_康軒_翰林/grade-3/翰林/questions/P07_R06_鶴聲國小_屏東縣_3年級_數學_108上_期中1_翰林_題目卷.pdf""","""source_materials/tcool_math_g1_g4_康軒_翰林/grade-3/翰林/answers/P07_R06_鶴聲國小_屏東縣_3年級_數學_108上_期中1_翰林_答案卷.pdf""",null,"""source_materials/tcool_math_g1_g4_康軒_翰林/_analysis/pilot/pages/G3-_-108_-_1-P07_R06_____3____108___1__/""","""六-1""","""花跳格、電影票、圍巾價錢等應用題。""",[],null,"""missing""","""Answer-key file paired and inspected; no answer inserted because item-level mapping is not unambiguous from the available extraction.""","""partial""",true,"""image_required""","""翰林""","""G3""","""108""","""上""","""期中1""","""情境應用""","""10000 以內的加減""","""OCR文本不足""","{""chapterNumber"":3,""chapterTitle"":""10000 以內的加減"",""grade"":""G3"",""publisher"":""翰林"",""semester"":""上""}","[""N-3-2""]",[],[],[],"""uncertain""","""low""","""Needs page-image confirmation before using as exact question text. QA 重新稽核：未找到與題幹精確一致的現有 SkillID；章節或官方碼候選不視為 direct，SkillID 已清空。""","""not_evaluable""","""uncertain_review""","{""answerKeySource"":""source_materials/tcool_math_g1_g4_康軒_翰林/grade-3/翰林/answers/P07_R06_鶴聲國小_屏東縣_3年級_數學_108上_期中1_翰林_答案卷.pdf"",""answerNote"":""Answer-key file paired and inspected; no answer inserted because item-level mapping is not unambiguous from the available extraction."",""needsImage"":true,""ocrQuality"":""partial"",""questionImage"":""source_materials/tcool_math_g1_g4_康軒_翰林/_analysis/pilot/pages/G3-_-108_-_1-P07_R06_____3____108___1__/"",""sourcePage"":null}","{""includeDecision"":""uncertain_review"",""notes"":""Needs page-image confirmation before using as exact question text. QA 重新稽核：未找到與題幹精確一致的現有 SkillID；章節或官方碼候選不視為 direct，SkillID 已清空。"",""publisherChapter"":{""chapterNumber"":3,""chapterTitle"":""10000 以內的加減"",""grade"":""G3"",""publisher"":""翰林"",""semester"":""上""},""scopeOutlier"":""not_evaluable""}","{""answer"":null,""answer_key_source"":""source_materials/tcool_math_g1_g4_康軒_翰林/grade-3/翰林/answers/P07_R06_鶴聲國小_屏東縣_3年級_數學_108上_期中1_翰林_答案卷.pdf"",""answer_note"":""Answer-key file paired and inspected; no answer inserted because item-level mapping is not unambiguous from the available extraction."",""answer_status"":""missing"",""examId"":""G3-翰林-108上-期中1-P07_R06_鶴聲國小_屏東縣_3年級_數學_108上_期中1_翰林"",""id"":""G3-翰林-108上-期中1-P07_R06_鶴聲國小_屏東縣_3年級_數學_108上_期中1_翰林::六-1"",""needs_image"":true,""ocr_quality"":""partial"",""original_number"":""六-1"",""question_image"":""source_materials/tcool_math_g1_g4_康軒_翰林/_analysis/pilot/pages/G3-_-108_-_1-P07_R06_____3____108___1__/"",""raw_text"":""花跳格、電影票、圍巾價錢等應用題。"",""source_id"":""G3-翰林-108上-期中1-P07_R06_鶴聲國小_屏東縣_3年級_數學_108上_期中1_翰林"",""source_page"":null}","{""alignmentStatus"":""uncertain"",""candidateSkillIds"":[],""common_trap"":""OCR文本不足"",""confidence"":""low"",""core_concept"":""10000 以內的加減"",""examId"":""G3-翰林-108上-期中1-P07_R06_鶴聲國小_屏東縣_3年級_數學_108上_期中1_翰林"",""include_decision"":""uncertain_review"",""notes"":""Needs page-image confirmation before using as exact question text. QA 重新稽核：未找到與題幹精確一致的現有 SkillID；章節或官方碼候選不視為 direct，SkillID 已清空。"",""officialContentCodes"":[""N-3-2""],""officialPerformanceCodes"":[],""publisherChapter"":{""chapterNumber"":3,""chapterTitle"":""10000 以內的加減"",""grade"":""G3"",""publisher"":""翰林"",""semester"":""上""},""question_id"":""G3-翰林-108上-期中1-P07_R06_鶴聲國小_屏東縣_3年級_數學_108上_期中1_翰林::六-1"",""question_type"":""情境應用"",""scope_outlier"":""not_evaluable"",""skillIds"":[],""source_id"":""G3-翰林-108上-期中1-P07_R06_鶴聲國小_屏東縣_3年級_數學_108上_期中1_翰林""}","""first_pass"""
"""G3-翰林-108上-期中1-P07_R06_鶴聲國小_屏東縣_3年級_數學_108上_期中1_翰林::四-1""","""G3-翰林-108上-期中1-P07_R06_鶴聲國小_屏東縣_3年級_數學_108上_期中1_翰林""","""question_group_candidate""","""not_verified_from_available_extraction""","""source_materials/tcool_math_g1_g4_康軒_翰林/grade-3/翰林/questions/P07_R06_鶴聲國小_屏東縣_3年級_數學_108上_期中1_翰林_題目卷.pdf""","""source_materials/tcool_math_g1_g4_康軒_翰林/grade-3/翰林/answers/P07_R06_鶴聲國小_屏東縣_3年級_數學_108上_期中1_翰林_答案卷.pdf""",null,"""source_materials/tcool_math_g1_g4_康軒_翰林/_analysis/pilot/pages/G3-_-108_-_1-P07_R06_____3____108___1__/""","""四-1""","""4469與4489等比較，填入＞＜＝。""",[],null,"""missing""","""Answer-key file paired and inspected; no answer inserted because item-level mapping is not unambiguous from the available extraction.""","""partial""",false,"""text_only""","""翰林""","""G3""","""108""","""上""","""期中1""","""大小比較""","""10000 以內的數""","""由低位比較""","{""chapterNumber"":1,""chapterTitle"":""10000 以內的數"",""grade"":""G3"",""publisher"":""翰林"",""semester"":""上""}","[""N-3-1""]",[],[],[],"""uncertain""","""low""","""Text-layer evidence supports this content-level alignment. Skill ID is supplied only where prompt distinguishes the skill; otherwise intentionally blank. QA 重新稽核：未找到與題幹精確一致的現有 SkillID；章節或官方碼候選不視為 direct，SkillID 已清空。""","""not_evaluable""","""uncertain_review""","{""answerKeySource"":""source_materials/tcool_math_g1_g4_康軒_翰林/grade-3/翰林/answers/P07_R06_鶴聲國小_屏東縣_3年級_數學_108上_期中1_翰林_答案卷.pdf"",""answerNote"":""Answer-key file paired and inspected; no answer inserted because item-level mapping is not unambiguous from the available extraction."",""needsImage"":false,""ocrQuality"":""partial"",""questionImage"":""source_materials/tcool_math_g1_g4_康軒_翰林/_analysis/pilot/pages/G3-_-108_-_1-P07_R06_____3____108___1__/"",""sourcePage"":null}","{""includeDecision"":""uncertain_review"",""notes"":""Text-layer evidence supports this content-level alignment. Skill ID is supplied only where prompt distinguishes the skill; otherwise intentionally blank. QA 重新稽核：未找到與題幹精確一致的現有 SkillID；章節或官方碼候選不視為 direct，SkillID 已清空。"",""publisherChapter"":{""chapterNumber"":1,""chapterTitle"":""10000 以內的數"",""grade"":""G3"",""publisher"":""翰林"",""semester"":""上""},""scopeOutlier"":""not_evaluable""}","{""answer"":null,""answer_key_source"":""source_materials/tcool_math_g1_g4_康軒_翰林/grade-3/翰林/answers/P07_R06_鶴聲國小_屏東縣_3年級_數學_108上_期中1_翰林_答案卷.pdf"",""answer_note"":""Answer-key file paired and inspected; no answer inserted because item-level mapping is not unambiguous from the available extraction."",""answer_status"":""missing"",""examId"":""G3-翰林-108上-期中1-P07_R06_鶴聲國小_屏東縣_3年級_數學_108上_期中1_翰林"",""id"":""G3-翰林-108上-期中1-P07_R06_鶴聲國小_屏東縣_3年級_數學_108上_期中1_翰林::四-1"",""needs_image"":false,""ocr_quality"":""partial"",""original_number"":""四-1"",""question_image"":""source_materials/tcool_math_g1_g4_康軒_翰林/_analysis/pilot/pages/G3-_-108_-_1-P07_R06_____3____108___1__/"",""raw_text"":""4469與4489等比較，填入＞＜＝。"",""source_id"":""G3-翰林-108上-期中1-P07_R06_鶴聲國小_屏東縣_3年級_數學_108上_期中1_翰林"",""source_page"":null}","{""alignmentStatus"":""uncertain"",""candidateSkillIds"":[],""common_trap"":""由低位比較"",""confidence"":""low"",""core_concept"":""10000 以內的數"",""examId"":""G3-翰林-108上-期中1-P07_R06_鶴聲國小_屏東縣_3年級_數學_108上_期中1_翰林"",""include_decision"":""uncertain_review"",""notes"":""Text-layer evidence supports this content-level alignment. Skill ID is supplied only where prompt distinguishes the skill; otherwise intentionally blank. QA 重新稽核：未找到與題幹精確一致的現有 SkillID；章節或官方碼候選不視為 direct，SkillID 已清空。"",""officialContentCodes"":[""N-3-1""],""officialPerformanceCodes"":[],""publisherChapter"":{""chapterNumber"":1,""chapterTitle"":""10000 以內的數"",""grade"":""G3"",""publisher"":""翰林"",""semester"":""上""},""question_id"":""G3-翰林-108上-期中1-P07_R06_鶴聲國小_屏東縣_3年級_數學_108上_期中1_翰林::四-1"",""question_type"":""大小比較"",""scope_outlier"":""not_evaluable"",""skillIds"":[],""source_id"":""G3-翰林-108上-期中1-P07_R06_鶴聲國小_屏東縣_3年級_數學_108上_期中1_翰林""}","""first_pass"""
"""G3-翰林-113下-期末2-P01_R01_桃子腳國小_新北市_3年級_數學_113下_期末2_翰林::一-1""","""G3-翰林-113下-期末2-P01_R01_桃子腳國小_新北市_3年級_數學_113下_期末2_翰林""","""question_group_candidate""","""not_verified_from_available_extraction""","""source_materials/tcool_math_g1_g4_康軒_翰林/grade-3/翰林/questions/P01_R01_桃子腳國小_新北市_3年級_數學_113下_期末2_翰林_題目卷.pdf""","""source_materials/tcool_math_g1_g4_康軒_翰林/grade-3/翰林/answers/P01_R01_桃子腳國小_新北市_3年級_數學_113下_期末2_翰林_答案卷.pdf""",null,"""source_materials/tcool_math_g1_g4_康軒_翰林/_analysis/pilot/pages/G3-_-113_-_2-P01_R01_____3____113___2__/""","""一-1""","""早上9:30可否用9:30PM表示。""",[],null,"""missing""","""Answer-key file paired and inspected; no answer inserted because item-level mapping is not unambiguous from the available extraction.""","""text_layer_partial""",false,"""text_only""","""翰林""","""G3""","""113""","""下""","""期末2""","""時間表示判斷""","""時間""","""AM/PM與上午混淆""","{""chapterNumber"":7,""chapterTitle"":""時間"",""grade"":""G3"",""publisher"":""翰林"",""semester"":""下""}","[""N-3-17""]",[],[],[],"""partial""","""medium""","""Text-layer evidence supports this content-level alignment. Skill ID is supplied only where prompt distinguishes the skill; otherwise intentionally blank. QA 重新稽核：未找到與題幹精確一致的現有 SkillID；章節或官方碼候選不視為 direct，SkillID 已清空。""","""not_evaluable""","""include""","{""answerKeySource"":""source_materials/tcool_math_g1_g4_康軒_翰林/grade-3/翰林/answers/P01_R01_桃子腳國小_新北市_3年級_數學_113下_期末2_翰林_答案卷.pdf"",""answerNote"":""Answer-key file paired and inspected; no answer inserted because item-level mapping is not unambiguous from the available extraction."",""needsImage"":false,""ocrQuality"":""text_layer_partial"",""questionImage"":""source_materials/tcool_math_g1_g4_康軒_翰林/_analysis/pilot/pages/G3-_-113_-_2-P01_R01_____3____113___2__/"",""sourcePage"":null}","{""includeDecision"":""include"",""notes"":""Text-layer evidence supports this content-level alignment. Skill ID is supplied only where prompt distinguishes the skill; otherwise intentionally blank. QA 重新稽核：未找到與題幹精確一致的現有 SkillID；章節或官方碼候選不視為 direct，SkillID 已清空。"",""publisherChapter"":{""chapterNumber"":7,""chapterTitle"":""時間"",""grade"":""G3"",""publisher"":""翰林"",""semester"":""下""},""scopeOutlier"":""not_evaluable""}","{""answer"":null,""answer_key_source"":""source_materials/tcool_math_g1_g4_康軒_翰林/grade-3/翰林/answers/P01_R01_桃子腳國小_新北市_3年級_數學_113下_期末2_翰林_答案卷.pdf"",""answer_note"":""Answer-key file paired and inspected; no answer inserted because item-level mapping is not unambiguous from the available extraction."",""answer_status"":""missing"",""examId"":""G3-翰林-113下-期末2-P01_R01_桃子腳國小_新北市_3年級_數學_113下_期末2_翰林"",""id"":""G3-翰林-113下-期末2-P01_R01_桃子腳國小_新北市_3年級_數學_113下_期末2_翰林::一-1"",""needs_image"":false,""ocr_quality"":""text_layer_partial"",""original_number"":""一-1"",""question_image"":""source_materials/tcool_math_g1_g4_康軒_翰林/_analysis/pilot/pages/G3-_-113_-_2-P01_R01_____3____113___2__/"",""raw_text"":""早上9:30可否用9:30PM表示。"",""source_id"":""G3-翰林-113下-期末2-P01_R01_桃子腳國小_新北市_3年級_數學_113下_期末2_翰林"",""source_page"":null}","{""alignmentStatus"":""partial"",""candidateSkillIds"":[],""common_trap"":""AM/PM與上午混淆"",""confidence"":""medium"",""core_concept"":""時間"",""examId"":""G3-翰林-113下-期末2-P01_R01_桃子腳國小_新北市_3年級_數學_113下_期末2_翰林"",""include_decision"":""include"",""notes"":""Text-layer evidence supports this content-level alignment. Skill ID is supplied only where prompt distinguishes the skill; otherwise intentionally blank. QA 重新稽核：未找到與題幹精確一致的現有 SkillID；章節或官方碼候選不視為 direct，SkillID 已清空。"",""officialContentCodes"":[""N-3-17""],""officialPerformanceCodes"":[],""publisherChapter"":{""chapterNumber"":7,""chapterTitle"":""時間"",""grade"":""G3"",""publisher"":""翰林"",""semester"":""下""},""question_id"":""G3-翰林-113下-期末2-P01_R01_桃子腳國小_新北市_3年級_數學_113下_期末2_翰林::一-1"",""question_type"":""時間表示判斷"",""scope_outlier"":""not_evaluable"",""skillIds"":[],""source_id"":""G3-翰林-113下-期末2-P01_R01_桃子腳國小_新北市_3年級_數學_113下_期末2_翰林""}","""first_pass"""
"""G3-翰林-113下-期末2-P01_R01_桃子腳國小_新北市_3年級_數學_113下_期末2_翰林::一-2""","""G3-翰林-113下-期末2-P01_R01_桃子腳國小_新北市_3年級_數學_113下_期末2_翰林""","""question_group_candidate""","""not_verified_from_available_extraction""","""source_materials/tcool_math_g1_g4_康軒_翰林/grade-3/翰林/questions/P01_R01_桃子腳國小_新北市_3年級_數學_113下_期末2_翰林_題目卷.pdf""","""source_materials/tcool_math_g1_g4_康軒_翰林/grade-3/翰林/answers/P01_R01_桃子腳國小_新北市_3年級_數學_113下_期末2_翰林_答案卷.pdf""",null,"""source_materials/tcool_math_g1_g4_康軒_翰林/_analysis/pilot/pages/G3-_-113_-_2-P01_R01_____3____113___2__/""","""一-2""","""下午1時睡到下午4時，是否睡了180分鐘。""",[],null,"""missing""","""Answer-key file paired and inspected; no answer inserted because item-level mapping is not unambiguous from the available extraction.""","""text_layer_partial""",false,"""text_only""","""翰林""","""G3""","""113""","""下""","""期末2""","""時間量換算""","""時間""","""時刻與經過時間混淆""","{""chapterNumber"":7,""chapterTitle"":""時間"",""grade"":""G3"",""publisher"":""翰林"",""semester"":""下""}","[""N-3-17""]",[],[],[],"""partial""","""medium""","""Text-layer evidence supports this content-level alignment. Skill ID is supplied only where prompt distinguishes the skill; otherwise intentionally blank. QA 重新稽核：未找到與題幹精確一致的現有 SkillID；章節或官方碼候選不視為 direct，SkillID 已清空。""","""not_evaluable""","""include""","{""answerKeySource"":""source_materials/tcool_math_g1_g4_康軒_翰林/grade-3/翰林/answers/P01_R01_桃子腳國小_新北市_3年級_數學_113下_期末2_翰林_答案卷.pdf"",""answerNote"":""Answer-key file paired and inspected; no answer inserted because item-level mapping is not unambiguous from the available extraction."",""needsImage"":false,""ocrQuality"":""text_layer_partial"",""questionImage"":""source_materials/tcool_math_g1_g4_康軒_翰林/_analysis/pilot/pages/G3-_-113_-_2-P01_R01_____3____113___2__/"",""sourcePage"":null}","{""includeDecision"":""include"",""notes"":""Text-layer evidence supports this content-level alignment. Skill ID is supplied only where prompt distinguishes the skill; otherwise intentionally blank. QA 重新稽核：未找到與題幹精確一致的現有 SkillID；章節或官方碼候選不視為 direct，SkillID 已清空。"",""publisherChapter"":{""chapterNumber"":7,""chapterTitle"":""時間"",""grade"":""G3"",""publisher"":""翰林"",""semester"":""下""},""scopeOutlier"":""not_evaluable""}","{""answer"":null,""answer_key_source"":""source_materials/tcool_math_g1_g4_康軒_翰林/grade-3/翰林/answers/P01_R01_桃子腳國小_新北市_3年級_數學_113下_期末2_翰林_答案卷.pdf"",""answer_note"":""Answer-key file paired and inspected; no answer inserted because item-level mapping is not unambiguous from the available extraction."",""answer_status"":""missing"",""examId"":""G3-翰林-113下-期末2-P01_R01_桃子腳國小_新北市_3年級_數學_113下_期末2_翰林"",""id"":""G3-翰林-113下-期末2-P01_R01_桃子腳國小_新北市_3年級_數學_113下_期末2_翰林::一-2"",""needs_image"":false,""ocr_quality"":""text_layer_partial"",""original_number"":""一-2"",""question_image"":""source_materials/tcool_math_g1_g4_康軒_翰林/_analysis/pilot/pages/G3-_-113_-_2-P01_R01_____3____113___2__/"",""raw_text"":""下午1時睡到下午4時，是否睡了180分鐘。"",""source_id"":""G3-翰林-113下-期末2-P01_R01_桃子腳國小_新北市_3年級_數學_113下_期末2_翰林"",""source_page"":null}","{""alignmentStatus"":""partial"",""candidateSkillIds"":[],""common_trap"":""時刻與經過時間混淆"",""confidence"":""medium"",""core_concept"":""時間"",""examId"":""G3-翰林-113下-期末2-P01_R01_桃子腳國小_新北市_3年級_數學_113下_期末2_翰林"",""include_decision"":""include"",""notes"":""Text-layer evidence supports this content-level alignment. Skill ID is supplied only where prompt distinguishes the skill; otherwise intentionally blank. QA 重新稽核：未找到與題幹精確一致的現有 SkillID；章節或官方碼候選不視為 direct，SkillID 已清空。"",""officialContentCodes"":[""N-3-17""],""officialPerformanceCodes"":[],""publisherChapter"":{""chapterNumber"":7,""chapterTitle"":""時間"",""grade"":""G3"",""publisher"":""翰林"",""semester"":""下""},""question_id"":""G3-翰林-113下-期末2-P01_R01_桃子腳國小_新北市_3年級_數學_113下_期末2_翰林::一-2"",""question_type"":""時間量換算"",""scope_outlier"":""not_evaluable"",""skillIds"":[],""source_id"":""G3-翰林-113下-期末2-P01_R01_桃子腳國小_新北市_3年級_數學_113下_期末2_翰林""}","""first_pass"""
"""G3-翰林-113下-期末2-P01_R01_桃子腳國小_新北市_3年級_數學_113下_期末2_翰林::一-3""","""G3-翰林-113下-期末2-P01_R01_桃子腳國小_新北市_3年級_數學_113下_期末2_翰林""","""question_group_candidate""","""not_verified_from_available_extraction""","""source_materials/tcool_math_g1_g4_康軒_翰林/grade-3/翰林/questions/P01_R01_桃子腳國小_新北市_3年級_數學_113下_期末2_翰林_題目卷.pdf""","""source_materials/tcool_math_g1_g4_康軒_翰林/grade-3/翰林/answers/P01_R01_桃子腳國小_新北市_3年級_數學_113下_期末2_翰林_答案卷.pdf""",null,"""source_materials/tcool_math_g1_g4_康軒_翰林/_analysis/pilot/pages/G3-_-113_-_2-P01_R01_____3____113___2__/""","""一-3""","""邊長2公分正方形，面積是否為2平方公分。""",[],null,"""missing""","""Answer-key file paired and inspected; no answer inserted because item-level mapping is not unambiguous from the available extraction.""","""text_layer_partial""",false,"""text_only""","""翰林""","""G3""","""113""","""下""","""期末2""","""面積概念判斷""","""面積""","""邊長與面積混淆""","{""chapterNumber"":9,""chapterTitle"":""面積"",""grade"":""G3"",""publisher"":""翰林"",""semester"":""下""}","[""N-3-14""]",[],"[""G3-12-01""]","[""G3-12-01""]","""direct""","""high""","""QA 重新稽核：以邊長2公分正方形判斷平方公分面積，對應以單位方格量度面積。""","""not_evaluable""","""include""","{""answerKeySource"":""source_materials/tcool_math_g1_g4_康軒_翰林/grade-3/翰林/answers/P01_R01_桃子腳國小_新北市_3年級_數學_113下_期末2_翰林_答案卷.pdf"",""answerNote"":""Answer-key file paired and inspected; no answer inserted because item-level mapping is not unambiguous from the available extraction."",""needsImage"":false,""ocrQuality"":""text_layer_partial"",""questionImage"":""source_materials/tcool_math_g1_g4_康軒_翰林/_analysis/pilot/pages/G3-_-113_-_2-P01_R01_____3____113___2__/"",""sourcePage"":null}","{""includeDecision"":""include"",""notes"":""QA 重新稽核：以邊長2公分正方形判斷平方公分面積，對應以單位方格量度面積。"",""publisherChapter"":{""chapterNumber"":9,""chapterTitle"":""面積"",""grade"":""G3"",""publisher"":""翰林"",""semester"":""下""},""scopeOutlier"":""not_evaluable""}","{""answer"":null,""answer_key_source"":""source_materials/tcool_math_g1_g4_康軒_翰林/grade-3/翰林/answers/P01_R01_桃子腳國小_新北市_3年級_數學_113下_期末2_翰林_答案卷.pdf"",""answer_note"":""Answer-key file paired and inspected; no answer inserted because item-level mapping is not unambiguous from the available extraction."",""answer_status"":""missing"",""examId"":""G3-翰林-113下-期末2-P01_R01_桃子腳國小_新北市_3年級_數學_113下_期末2_翰林"",""id"":""G3-翰林-113下-期末2-P01_R01_桃子腳國小_新北市_3年級_數學_113下_期末2_翰林::一-3"",""needs_image"":false,""ocr_quality"":""text_layer_partial"",""original_number"":""一-3"",""question_image"":""source_materials/tcool_math_g1_g4_康軒_翰林/_analysis/pilot/pages/G3-_-113_-_2-P01_R01_____3____113___2__/"",""raw_text"":""邊長2公分正方形，面積是否為2平方公分。"",""source_id"":""G3-翰林-113下-期末2-P01_R01_桃子腳國小_新北市_3年級_數學_113下_期末2_翰林"",""source_page"":null}","{""alignmentStatus"":""direct"",""candidateSkillIds"":[""G3-12-01""],""common_trap"":""邊長與面積混淆"",""confidence"":""high"",""core_concept"":""面積"",""examId"":""G3-翰林-113下-期末2-P01_R01_桃子腳國小_新北市_3年級_數學_113下_期末2_翰林"",""include_decision"":""include"",""notes"":""QA 重新稽核：以邊長2公分正方形判斷平方公分面積，對應以單位方格量度面積。"",""officialContentCodes"":[""N-3-14""],""officialPerformanceCodes"":[],""publisherChapter"":{""chapterNumber"":9,""chapterTitle"":""面積"",""grade"":""G3"",""publisher"":""翰林"",""semester"":""下""},""question_id"":""G3-翰林-113下-期末2-P01_R01_桃子腳國小_新北市_3年級_數學_113下_期末2_翰林::一-3"",""question_type"":""面積概念判斷"",""scope_outlier"":""not_evaluable"",""skillIds"":[""G3-12-01""],""source_id"":""G3-翰林-113下-期末2-P01_R01_桃子腳國小_新北市_3年級_數學_113下_期末2_翰林""}","""first_pass"""
"""G3-翰林-113下-期末2-P01_R01_桃子腳國小_新北市_3年級_數學_113下_期末2_翰林::三-1""","""G3-翰林-113下-期末2-P01_R01_桃子腳國小_新北市_3年級_數學_113下_期末2_翰林""","""question_group_candidate""","""not_verified_from_available_extraction""","""source_materials/tcool_math_g1_g4_康軒_翰林/grade-3/翰林/questions/P01_R01_桃子腳國小_新北市_3年級_數學_113下_期末2_翰林_題目卷.pdf""","""source_materials/tcool_math_g1_g4_康軒_翰林/grade-3/翰林/answers/P01_R01_桃子腳國小_新北市_3年級_數學_113下_期末2_翰林_答案卷.pdf""",null,"""source_materials/tcool_math_g1_g4_康軒_翰林/_analysis/pilot/pages/G3-_-113_-_2-P01_R01_____3____113___2__/""","""三-1""","""一天中時鐘短針經過刻度11的次數。""",[],null,"""missing""","""Answer-key file paired and inspected; no answer inserted because item-level mapping is not unambiguous from the available extraction.""","""text_layer_partial""",true,"""image_required""","""翰林""","""G3""","""113""","""下""","""期末2""","""鐘面週期""","""時間""","""只計12小時""","{""chapterNumber"":7,""chapterTitle"":""時間"",""grade"":""G3"",""publisher"":""翰林"",""semester"":""下""}","[""N-3-17""]",[],[],[],"""partial""","""medium""","""Needs page-image confirmation before using as exact question text. QA 重新稽核：未找到與題幹精確一致的現有 SkillID；章節或官方碼候選不視為 direct，SkillID 已清空。""","""not_evaluable""","""include""","{""answerKeySource"":""source_materials/tcool_math_g1_g4_康軒_翰林/grade-3/翰林/answers/P01_R01_桃子腳國小_新北市_3年級_數學_113下_期末2_翰林_答案卷.pdf"",""answerNote"":""Answer-key file paired and inspected; no answer inserted because item-level mapping is not unambiguous from the available extraction."",""needsImage"":true,""ocrQuality"":""text_layer_partial"",""questionImage"":""source_materials/tcool_math_g1_g4_康軒_翰林/_analysis/pilot/pages/G3-_-113_-_2-P01_R01_____3____113___2__/"",""sourcePage"":null}","{""includeDecision"":""include"",""notes"":""Needs page-image confirmation before using as exact question text. QA 重新稽核：未找到與題幹精確一致的現有 SkillID；章節或官方碼候選不視為 direct，SkillID 已清空。"",""publisherChapter"":{""chapterNumber"":7,""chapterTitle"":""時間"",""grade"":""G3"",""publisher"":""翰林"",""semester"":""下""},""scopeOutlier"":""not_evaluable""}","{""answer"":null,""answer_key_source"":""source_materials/tcool_math_g1_g4_康軒_翰林/grade-3/翰林/answers/P01_R01_桃子腳國小_新北市_3年級_數學_113下_期末2_翰林_答案卷.pdf"",""answer_note"":""Answer-key file paired and inspected; no answer inserted because item-level mapping is not unambiguous from the available extraction."",""answer_status"":""missing"",""examId"":""G3-翰林-113下-期末2-P01_R01_桃子腳國小_新北市_3年級_數學_113下_期末2_翰林"",""id"":""G3-翰林-113下-期末2-P01_R01_桃子腳國小_新北市_3年級_數學_113下_期末2_翰林::三-1"",""needs_image"":true,""ocr_quality"":""text_layer_partial"",""original_number"":""三-1"",""question_image"":""source_materials/tcool_math_g1_g4_康軒_翰林/_analysis/pilot/pages/G3-_-113_-_2-P01_R01_____3____113___2__/"",""raw_text"":""一天中時鐘短針經過刻度11的次數。"",""source_id"":""G3-翰林-113下-期末2-P01_R01_桃子腳國小_新北市_3年級_數學_113下_期末2_翰林"",""source_page"":null}","{""alignmentStatus"":""partial"",""candidateSkillIds"":[],""common_trap"":""只計12小時"",""confidence"":""medium"",""core_concept"":""時間"",""examId"":""G3-翰林-113下-期末2-P01_R01_桃子腳國小_新北市_3年級_數學_113下_期末2_翰林"",""include_decision"":""include"",""notes"":""Needs page-image confirmation before using as exact question text. QA 重新稽核：未找到與題幹精確一致的現有 SkillID；章節或官方碼候選不視為 direct，SkillID 已清空。"",""officialContentCodes"":[""N-3-17""],""officialPerformanceCodes"":[],""publisherChapter"":{""chapterNumber"":7,""chapterTitle"":""時間"",""grade"":""G3"",""publisher"":""翰林"",""semester"":""下""},""question_id"":""G3-翰林-113下-期末2-P01_R01_桃子腳國小_新北市_3年級_數學_113下_期末2_翰林::三-1"",""question_type"":""鐘面週期"",""scope_outlier"":""not_evaluable"",""skillIds"":[],""source_id"":""G3-翰林-113下-期末2-P01_R01_桃子腳國小_新北市_3年級_數學_113下_期末2_翰林""}","""first_pass"""
"""G3-翰林-113下-期末2-P01_R01_桃子腳國小_新北市_3年級_數學_113下_期末2_翰林::三-2""","""G3-翰林-113下-期末2-P01_R01_桃子腳國小_新北市_3年級_數學_113下_期末2_翰林""","""question_group_candidate""","""not_verified_from_available_extraction""","""source_materials/tcool_math_g1_g4_康軒_翰林/grade-3/翰林/questions/P01_R01_桃子腳國小_新北市_3年級_數學_113下_期末2_翰林_題目卷.pdf""","""source_materials/tcool_math_g1_g4_康軒_翰林/grade-3/翰林/answers/P01_R01_桃子腳國小_新北市_3年級_數學_113下_期末2_翰林_答案卷.pdf""",null,"""source_materials/tcool_math_g1_g4_康軒_翰林/_analysis/pilot/pages/G3-_-113_-_2-P01_R01_____3____113___2__/""","""三-2""","""秒針轉1圈時，分針走幾小格，相當於幾分鐘。""",[],null,"""missing""","""Answer-key file paired and inspected; no answer inserted because item-level mapping is not unambiguous from the available extraction.""","""text_layer_partial""",true,"""image_required""","""翰林""","""G3""","""113""","""下""","""期末2""","""鐘面單位關係""","""時間""","""秒針與分針角色混淆""","{""chapterNumber"":7,""chapterTitle"":""時間"",""grade"":""G3"",""publisher"":""翰林"",""semester"":""下""}","[""N-3-17""]",[],[],[],"""partial""","""medium""","""Needs page-image confirmation before using as exact question text. QA 重新稽核：未找到與題幹精確一致的現有 SkillID；章節或官方碼候選不視為 direct，SkillID 已清空。""","""not_evaluable""","""include""","{""answerKeySource"":""source_materials/tcool_math_g1_g4_康軒_翰林/grade-3/翰林/answers/P01_R01_桃子腳國小_新北市_3年級_數學_113下_期末2_翰林_答案卷.pdf"",""answerNote"":""Answer-key file paired and inspected; no answer inserted because item-level mapping is not unambiguous from the available extraction."",""needsImage"":true,""ocrQuality"":""text_layer_partial"",""questionImage"":""source_materials/tcool_math_g1_g4_康軒_翰林/_analysis/pilot/pages/G3-_-113_-_2-P01_R01_____3____113___2__/"",""sourcePage"":null}","{""includeDecision"":""include"",""notes"":""Needs page-image confirmation before using as exact question text. QA 重新稽核：未找到與題幹精確一致的現有 SkillID；章節或官方碼候選不視為 direct，SkillID 已清空。"",""publisherChapter"":{""chapterNumber"":7,""chapterTitle"":""時間"",""grade"":""G3"",""publisher"":""翰林"",""semester"":""下""},""scopeOutlier"":""not_evaluable""}","{""answer"":null,""answer_key_source"":""source_materials/tcool_math_g1_g4_康軒_翰林/grade-3/翰林/answers/P01_R01_桃子腳國小_新北市_3年級_數學_113下_期末2_翰林_答案卷.pdf"",""answer_note"":""Answer-key file paired and inspected; no answer inserted because item-level mapping is not unambiguous from the available extraction."",""answer_status"":""missing"",""examId"":""G3-翰林-113下-期末2-P01_R01_桃子腳國小_新北市_3年級_數學_113下_期末2_翰林"",""id"":""G3-翰林-113下-期末2-P01_R01_桃子腳國小_新北市_3年級_數學_113下_期末2_翰林::三-2"",""needs_image"":true,""ocr_quality"":""text_layer_partial"",""original_number"":""三-2"",""question_image"":""source_materials/tcool_math_g1_g4_康軒_翰林/_analysis/pilot/pages/G3-_-113_-_2-P01_R01_____3____113___2__/"",""raw_text"":""秒針轉1圈時，分針走幾小格，相當於幾分鐘。"",""source_id"":""G3-翰林-113下-期末2-P01_R01_桃子腳國小_新北市_3年級_數學_113下_期末2_翰林"",""source_page"":null}","{""alignmentStatus"":""partial"",""candidateSkillIds"":[],""common_trap"":""秒針與分針角色混淆"",""confidence"":""medium"",""core_concept"":""時間"",""examId"":""G3-翰林-113下-期末2-P01_R01_桃子腳國小_新北市_3年級_數學_113下_期末2_翰林"",""include_decision"":""include"",""notes"":""Needs page-image confirmation before using as exact question text. QA 重新稽核：未找到與題幹精確一致的現有 SkillID；章節或官方碼候選不視為 direct，SkillID 已清空。"",""officialContentCodes"":[""N-3-17""],""officialPerformanceCodes"":[],""publisherChapter"":{""chapterNumber"":7,""chapterTitle"":""時間"",""grade"":""G3"",""publisher"":""翰林"",""semester"":""下""},""question_id"":""G3-翰林-113下-期末2-P01_R01_桃子腳國小_新北市_3年級_數學_113下_期末2_翰林::三-2"",""question_type"":""鐘面單位關係"",""scope_outlier"":""not_evaluable"",""skillIds"":[],""source_id"":""G3-翰林-113下-期末2-P01_R01_桃子腳國小_新北市_3年級_數學_113下_期末2_翰林""}","""first_pass"""
"""G3-翰林-113下-期末2-P01_R01_桃子腳國小_新北市_3年級_數學_113下_期末2_翰林::二-1""","""G3-翰林-113下-期末2-P01_R01_桃子腳國小_新北市_3年級_數學_113下_期末2_翰林""","""question_group_candidate""","""not_verified_from_available_extraction""","""source_materials/tcool_math_g1_g4_康軒_翰林/grade-3/翰林/questions/P01_R01_桃子腳國小_新北市_3年級_數學_113下_期末2_翰林_題目卷.pdf""","""source_materials/tcool_math_g1_g4_康軒_翰林/grade-3/翰林/answers/P01_R01_桃子腳國小_新北市_3年級_數學_113下_期末2_翰林_答案卷.pdf""",null,"""source_materials/tcool_math_g1_g4_康軒_翰林/_analysis/pilot/pages/G3-_-113_-_2-P01_R01_____3____113___2__/""","""二-1""","""16.3條積木由10條積木和幾個小積木合起來？""",[],null,"""missing""","""Answer-key file paired and inspected; no answer inserted because item-level mapping is not unambiguous from the available extraction.""","""text_layer_partial""",false,"""text_only""","""翰林""","""G3""","""113""","""下""","""期末2""","""一位小數位值""","""一位小數""","""0.1單位個數誤判""","{""chapterNumber"":6,""chapterTitle"":""一位小數"",""grade"":""G3"",""publisher"":""翰林"",""semester"":""下""}","[""N-3-10""]",[],"[""G3-16-03""]","[""G3-16-03""]","""direct""","""high""","""QA 重新稽核：由10個一與小積木組成16.3，直接是小數數值／位值。""","""not_evaluable""","""include""","{""answerKeySource"":""source_materials/tcool_math_g1_g4_康軒_翰林/grade-3/翰林/answers/P01_R01_桃子腳國小_新北市_3年級_數學_113下_期末2_翰林_答案卷.pdf"",""answerNote"":""Answer-key file paired and inspected; no answer inserted because item-level mapping is not unambiguous from the available extraction."",""needsImage"":false,""ocrQuality"":""text_layer_partial"",""questionImage"":""source_materials/tcool_math_g1_g4_康軒_翰林/_analysis/pilot/pages/G3-_-113_-_2-P01_R01_____3____113___2__/"",""sourcePage"":null}","{""includeDecision"":""include"",""notes"":""QA 重新稽核：由10個一與小積木組成16.3，直接是小數數值／位值。"",""publisherChapter"":{""chapterNumber"":6,""chapterTitle"":""一位小數"",""grade"":""G3"",""publisher"":""翰林"",""semester"":""下""},""scopeOutlier"":""not_evaluable""}","{""answer"":null,""answer_key_source"":""source_materials/tcool_math_g1_g4_康軒_翰林/grade-3/翰林/answers/P01_R01_桃子腳國小_新北市_3年級_數學_113下_期末2_翰林_答案卷.pdf"",""answer_note"":""Answer-key file paired and inspected; no answer inserted because item-level mapping is not unambiguous from the available extraction."",""answer_status"":""missing"",""examId"":""G3-翰林-113下-期末2-P01_R01_桃子腳國小_新北市_3年級_數學_113下_期末2_翰林"",""id"":""G3-翰林-113下-期末2-P01_R01_桃子腳國小_新北市_3年級_數學_113下_期末2_翰林::二-1"",""needs_image"":false,""ocr_quality"":""text_layer_partial"",""original_number"":""二-1"",""question_image"":""source_materials/tcool_math_g1_g4_康軒_翰林/_analysis/pilot/pages/G3-_-113_-_2-P01_R01_____3____113___2__/"",""raw_text"":""16.3條積木由10條積木和幾個小積木合起來？"",""source_id"":""G3-翰林-113下-期末2-P01_R01_桃子腳國小_新北市_3年級_數學_113下_期末2_翰林"",""source_page"":null}","{""alignmentStatus"":""direct"",""candidateSkillIds"":[""G3-16-03""],""common_trap"":""0.1單位個數誤判"",""confidence"":""high"",""core_concept"":""一位小數"",""examId"":""G3-翰林-113下-期末2-P01_R01_桃子腳國小_新北市_3年級_數學_113下_期末2_翰林"",""include_decision"":""include"",""notes"":""QA 重新稽核：由10個一與小積木組成16.3，直接是小數數值／位值。"",""officialContentCodes"":[""N-3-10""],""officialPerformanceCodes"":[],""publisherChapter"":{""chapterNumber"":6,""chapterTitle"":""一位小數"",""grade"":""G3"",""publisher"":""翰林"",""semester"":""下""},""question_id"":""G3-翰林-113下-期末2-P01_R01_桃子腳國小_新北市_3年級_數學_113下_期末2_翰林::二-1"",""question_type"":""一位小數位值"",""scope_outlier"":""not_evaluable"",""skillIds"":[""G3-16-03""],""source_id"":""G3-翰林-113下-期末2-P01_R01_桃子腳國小_新北市_3年級_數學_113下_期末2_翰林""}","""first_pass"""
"""G3-翰林-113下-期末2-P01_R01_桃子腳國小_新北市_3年級_數學_113下_期末2_翰林::二-2""","""G3-翰林-113下-期末2-P01_R01_桃子腳國小_新北市_3年級_數學_113下_期末2_翰林""","""question_group_candidate""","""not_verified_from_available_extraction""","""source_materials/tcool_math_g1_g4_康軒_翰林/grade-3/翰林/questions/P01_R01_桃子腳國小_新北市_3年級_數學_113下_期末2_翰林_題目卷.pdf""","""source_materials/tcool_math_g1_g4_康軒_翰林/grade-3/翰林/answers/P01_R01_桃子腳國小_新北市_3年級_數學_113下_期末2_翰林_答案卷.pdf""",null,"""source_materials/tcool_math_g1_g4_康軒_翰林/_analysis/pilot/pages/G3-_-113_-_2-P01_R01_____3____113___2__/""","""二-2""","""20個0.1是2.0等小數敘述的正誤。""",[],null,"""missing""","""Answer-key file paired and inspected; no answer inserted because item-level mapping is not unambiguous from the available extraction.""","""text_layer_partial""",false,"""text_only""","""翰林""","""G3""","""113""","""下""","""期末2""","""小數概念選擇""","""一位小數""","""分數、小數表示混用""","{""chapterNumber"":6,""chapterTitle"":""一位小數"",""grade"":""G3"",""publisher"":""翰林"",""semester"":""下""}","[""N-3-10""]",[],"[""G3-16-03""]","[""G3-16-03""]","""direct""","""high""","""QA 重新稽核：20個0.1與2.0的關係直接檢驗一位小數數值。""","""not_evaluable""","""include""","{""answerKeySource"":""source_materials/tcool_math_g1_g4_康軒_翰林/grade-3/翰林/answers/P01_R01_桃子腳國小_新北市_3年級_數學_113下_期末2_翰林_答案卷.pdf"",""answerNote"":""Answer-key file paired and inspected; no answer inserted because item-level mapping is not unambiguous from the available extraction."",""needsImage"":false,""ocrQuality"":""text_layer_partial"",""questionImage"":""source_materials/tcool_math_g1_g4_康軒_翰林/_analysis/pilot/pages/G3-_-113_-_2-P01_R01_____3____113___2__/"",""sourcePage"":null}","{""includeDecision"":""include"",""notes"":""QA 重新稽核：20個0.1與2.0的關係直接檢驗一位小數數值。"",""publisherChapter"":{""chapterNumber"":6,""chapterTitle"":""一位小數"",""grade"":""G3"",""publisher"":""翰林"",""semester"":""下""},""scopeOutlier"":""not_evaluable""}","{""answer"":null,""answer_key_source"":""source_materials/tcool_math_g1_g4_康軒_翰林/grade-3/翰林/answers/P01_R01_桃子腳國小_新北市_3年級_數學_113下_期末2_翰林_答案卷.pdf"",""answer_note"":""Answer-key file paired and inspected; no answer inserted because item-level mapping is not unambiguous from the available extraction."",""answer_status"":""missing"",""examId"":""G3-翰林-113下-期末2-P01_R01_桃子腳國小_新北市_3年級_數學_113下_期末2_翰林"",""id"":""G3-翰林-113下-期末2-P01_R01_桃子腳國小_新北市_3年級_數學_113下_期末2_翰林::二-2"",""needs_image"":false,""ocr_quality"":""text_layer_partial"",""original_number"":""二-2"",""question_image"":""source_materials/tcool_math_g1_g4_康軒_翰林/_analysis/pilot/pages/G3-_-113_-_2-P01_R01_____3____113___2__/"",""raw_text"":""20個0.1是2.0等小數敘述的正誤。"",""source_id"":""G3-翰林-113下-期末2-P01_R01_桃子腳國小_新北市_3年級_數學_113下_期末2_翰林"",""source_page"":null}","{""alignmentStatus"":""direct"",""candidateSkillIds"":[""G3-16-03""],""common_trap"":""分數、小數表示混用"",""confidence"":""high"",""core_concept"":""一位小數"",""examId"":""G3-翰林-113下-期末2-P01_R01_桃子腳國小_新北市_3年級_數學_113下_期末2_翰林"",""include_decision"":""include"",""notes"":""QA 重新稽核：20個0.1與2.0的關係直接檢驗一位小數數值。"",""officialContentCodes"":[""N-3-10""],""officialPerformanceCodes"":[],""publisherChapter"":{""chapterNumber"":6,""chapterTitle"":""一位小數"",""grade"":""G3"",""publisher"":""翰林"",""semester"":""下""},""question_id"":""G3-翰林-113下-期末2-P01_R01_桃子腳國小_新北市_3年級_數學_113下_期末2_翰林::二-2"",""question_type"":""小數概念選擇"",""scope_outlier"":""not_evaluable"",""skillIds"":[""G3-16-03""],""source_id"":""G3-翰林-113下-期末2-P01_R01_桃子腳國小_新北市_3年級_數學_113下_期末2_翰林""}","""first_pass"""
"""G3-翰林-113下-期末2-P01_R01_桃子腳國小_新北市_3年級_數學_113下_期末2_翰林::二-8""","""G3-翰林-113下-期末2-P01_R01_桃子腳國小_新北市_3年級_數學_113下_期末2_翰林""","""question_group_candidate""","""not_verified_from_available_extraction""","""source_materials/tcool_math_g1_g4_康軒_翰林/grade-3/翰林/questions/P01_R01_桃子腳國小_新北市_3年級_數學_113下_期末2_翰林_題目卷.pdf""","""source_materials/tcool_math_g1_g4_康軒_翰林/grade-3/翰林/answers/P01_R01_桃子腳國小_新北市_3年級_數學_113下_期末2_翰林_答案卷.pdf""",null,"""source_materials/tcool_math_g1_g4_康軒_翰林/_analysis/pilot/pages/G3-_-113_-_2-P01_R01_____3____113___2__/""","""二-8""","""面積敘述何者正確？8個1cm²正方形組成8平方公分。""",[],null,"""missing""","""Answer-key file paired and inspected; no answer inserted because item-level mapping is not unambiguous from the available extraction.""","""text_layer_partial""",false,"""text_only""","""翰林""","""G3""","""113""","""下""","""期末2""","""面積概念選擇""","""面積""","""周長、平方單位混淆""","{""chapterNumber"":9,""chapterTitle"":""面積"",""grade"":""G3"",""publisher"":""翰林"",""semester"":""下""}","[""N-3-14""]",[],"[""G3-12-01""]","[""G3-12-01""]","""direct""","""high""","""QA 重新稽核：以8個單位正方形判斷8平方公分，直接是單位面積量度。""","""not_evaluable""","""include""","{""answerKeySource"":""source_materials/tcool_math_g1_g4_康軒_翰林/grade-3/翰林/answers/P01_R01_桃子腳國小_新北市_3年級_數學_113下_期末2_翰林_答案卷.pdf"",""answerNote"":""Answer-key file paired and inspected; no answer inserted because item-level mapping is not unambiguous from the available extraction."",""needsImage"":false,""ocrQuality"":""text_layer_partial"",""questionImage"":""source_materials/tcool_math_g1_g4_康軒_翰林/_analysis/pilot/pages/G3-_-113_-_2-P01_R01_____3____113___2__/"",""sourcePage"":null}","{""includeDecision"":""include"",""notes"":""QA 重新稽核：以8個單位正方形判斷8平方公分，直接是單位面積量度。"",""publisherChapter"":{""chapterNumber"":9,""chapterTitle"":""面積"",""grade"":""G3"",""publisher"":""翰林"",""semester"":""下""},""scopeOutlier"":""not_evaluable""}","{""answer"":null,""answer_key_source"":""source_materials/tcool_math_g1_g4_康軒_翰林/grade-3/翰林/answers/P01_R01_桃子腳國小_新北市_3年級_數學_113下_期末2_翰林_答案卷.pdf"",""answer_note"":""Answer-key file paired and inspected; no answer inserted because item-level mapping is not unambiguous from the available extraction."",""answer_status"":""missing"",""examId"":""G3-翰林-113下-期末2-P01_R01_桃子腳國小_新北市_3年級_數學_113下_期末2_翰林"",""id"":""G3-翰林-113下-期末2-P01_R01_桃子腳國小_新北市_3年級_數學_113下_期末2_翰林::二-8"",""needs_image"":false,""ocr_quality"":""text_layer_partial"",""original_number"":""二-8"",""question_image"":""source_materials/tcool_math_g1_g4_康軒_翰林/_analysis/pilot/pages/G3-_-113_-_2-P01_R01_____3____113___2__/"",""raw_text"":""面積敘述何者正確？8個1cm²正方形組成8平方公分。"",""source_id"":""G3-翰林-113下-期末2-P01_R01_桃子腳國小_新北市_3年級_數學_113下_期末2_翰林"",""source_page"":null}","{""alignmentStatus"":""direct"",""candidateSkillIds"":[""G3-12-01""],""common_trap"":""周長、平方單位混淆"",""confidence"":""high"",""core_concept"":""面積"",""examId"":""G3-翰林-113下-期末2-P01_R01_桃子腳國小_新北市_3年級_數學_113下_期末2_翰林"",""include_decision"":""include"",""notes"":""QA 重新稽核：以8個單位正方形判斷8平方公分，直接是單位面積量度。"",""officialContentCodes"":[""N-3-14""],""officialPerformanceCodes"":[],""publisherChapter"":{""chapterNumber"":9,""chapterTitle"":""面積"",""grade"":""G3"",""publisher"":""翰林"",""semester"":""下""},""question_id"":""G3-翰林-113下-期末2-P01_R01_桃子腳國小_新北市_3年級_數學_113下_期末2_翰林::二-8"",""question_type"":""面積概念選擇"",""scope_outlier"":""not_evaluable"",""skillIds"":[""G3-12-01""],""source_id"":""G3-翰林-113下-期末2-P01_R01_桃子腳國小_新北市_3年級_數學_113下_期末2_翰林""}","""first_pass"""
"""G3-翰林-113下-期末2-P01_R01_桃子腳國小_新北市_3年級_數學_113下_期末2_翰林::二-9""","""G3-翰林-113下-期末2-P01_R01_桃子腳國小_新北市_3年級_數學_113下_期末2_翰林""","""question_group_candidate""","""not_verified_from_available_extraction""","""source_materials/tcool_math_g1_g4_康軒_翰林/grade-3/翰林/questions/P01_R01_桃子腳國小_新北市_3年級_數學_113下_期末2_翰林_題目卷.pdf""","""source_materials/tcool_math_g1_g4_康軒_翰林/grade-3/翰林/answers/P01_R01_桃子腳國小_新北市_3年級_數學_113下_期末2_翰林_答案卷.pdf""",null,"""source_materials/tcool_math_g1_g4_康軒_翰林/_analysis/pilot/pages/G3-_-113_-_2-P01_R01_____3____113___2__/""","""二-9""","""長方形面積32平方公分，寬4公分，長多少公分？""",[],null,"""missing""","""Answer-key file paired and inspected; no answer inserted because item-level mapping is not unambiguous from the available extraction.""","""text_layer_partial""",false,"""text_only""","""翰林""","""G3""","""113""","""下""","""期末2""","""長方形面積求邊長""","""面積""","""把32+4當答案""","{""chapterNumber"":9,""chapterTitle"":""面積"",""grade"":""G3"",""publisher"":""翰林"",""semester"":""下""}","[""N-3-14""]",[],[],[],"""partial""","""medium""","""QA 重新稽核：長方形面積與已知寬的關係，保留既有面積比較SkillID的可接受粒度。 QA rerun：題幹只支持較廣的數字組合／面積關係，現有SkillID沒有精確語義，已清空並降為 partial。""","""not_evaluable""","""include_for_type_only""","{""answerKeySource"":""source_materials/tcool_math_g1_g4_康軒_翰林/grade-3/翰林/answers/P01_R01_桃子腳國小_新北市_3年級_數學_113下_期末2_翰林_答案卷.pdf"",""answerNote"":""Answer-key file paired and inspected; no answer inserted because item-level mapping is not unambiguous from the available extraction."",""needsImage"":false,""ocrQuality"":""text_layer_partial"",""questionImage"":""source_materials/tcool_math_g1_g4_康軒_翰林/_analysis/pilot/pages/G3-_-113_-_2-P01_R01_____3____113___2__/"",""sourcePage"":null}","{""includeDecision"":""include_for_type_only"",""notes"":""QA 重新稽核：長方形面積與已知寬的關係，保留既有面積比較SkillID的可接受粒度。 QA rerun：題幹只支持較廣的數字組合／面積關係，現有SkillID沒有精確語義，已清空並降為 partial。"",""publisherChapter"":{""chapterNumber"":9,""chapterTitle"":""面積"",""grade"":""G3"",""publisher"":""翰林"",""semester"":""下""},""scopeOutlier"":""not_evaluable""}","{""answer"":null,""answer_key_source"":""source_materials/tcool_math_g1_g4_康軒_翰林/grade-3/翰林/answers/P01_R01_桃子腳國小_新北市_3年級_數學_113下_期末2_翰林_答案卷.pdf"",""answer_note"":""Answer-key file paired and inspected; no answer inserted because item-level mapping is not unambiguous from the available extraction."",""answer_status"":""missing"",""examId"":""G3-翰林-113下-期末2-P01_R01_桃子腳國小_新北市_3年級_數學_113下_期末2_翰林"",""id"":""G3-翰林-113下-期末2-P01_R01_桃子腳國小_新北市_3年級_數學_113下_期末2_翰林::二-9"",""needs_image"":false,""ocr_quality"":""text_layer_partial"",""original_number"":""二-9"",""question_image"":""source_materials/tcool_math_g1_g4_康軒_翰林/_analysis/pilot/pages/G3-_-113_-_2-P01_R01_____3____113___2__/"",""raw_text"":""長方形面積32平方公分，寬4公分，長多少公分？"",""source_id"":""G3-翰林-113下-期末2-P01_R01_桃子腳國小_新北市_3年級_數學_113下_期末2_翰林"",""source_page"":null}","{""alignmentStatus"":""partial"",""candidateSkillIds"":[],""common_trap"":""把32+4當答案"",""confidence"":""medium"",""core_concept"":""面積"",""examId"":""G3-翰林-113下-期末2-P01_R01_桃子腳國小_新北市_3年級_數學_113下_期末2_翰林"",""include_decision"":""include_for_type_only"",""notes"":""QA 重新稽核：長方形面積與已知寬的關係，保留既有面積比較SkillID的可接受粒度。 QA rerun：題幹只支持較廣的數字組合／面積關係，現有SkillID沒有精確語義，已清空並降為 partial。"",""officialContentCodes"":[""N-3-14""],""officialPerformanceCodes"":[],""publisherChapter"":{""chapterNumber"":9,""chapterTitle"":""面積"",""grade"":""G3"",""publisher"":""翰林"",""semester"":""下""},""question_id"":""G3-翰林-113下-期末2-P01_R01_桃子腳國小_新北市_3年級_數學_113下_期末2_翰林::二-9"",""question_type"":""長方形面積求邊長"",""scope_outlier"":""not_evaluable"",""skillIds"":[],""source_id"":""G3-翰林-113下-期末2-P01_R01_桃子腳國小_新北市_3年級_數學_113下_期末2_翰林""}","""first_pass"""
"""G4-康軒-112下-期中1-P02_R06_安和國小_新北市_4年級_數學_112下_期中1_康軒::一-1""","""G4-康軒-112下-期中1-P02_R06_安和國小_新北市_4年級_數學_112下_期中1_康軒""","""question_group_candidate""","""not_verified_from_available_extraction""","""source_materials/tcool_math_g1_g4_康軒_翰林/grade-4/康軒/questions/P02_R06_安和國小_新北市_4年級_數學_112下_期中1_康軒_題目卷.pdf""","""source_materials/tcool_math_g1_g4_康軒_翰林/grade-4/康軒/answers/P02_R06_安和國小_新北市_4年級_數學_112下_期中1_康軒_答案卷.pdf""",null,"""source_materials/tcool_math_g1_g4_康軒_翰林/_analysis/pilot/pages/G4-_-112_-_1-P02_R06_____4____112___1__/""","""一-1""","""選擇題（題目依卷面）：下學期第一次定期考查。""",[],null,"""missing""","""Answer-key file paired and inspected; no answer inserted because item-level mapping is not unambiguous from the available extraction.""","""partial""",true,"""image_required""","""康軒""","""G4""","""112""","""下""","""期中1""","""選擇題群組""","""多位數的乘與除""","""此卷文字雙欄斷行，逐選項需圖像覆核""","{""chapterNumber"":1,""chapterTitle"":""多位數的乘與除"",""grade"":""G4"",""publisher"":""康軒"",""semester"":""下""}","[""N-4-2"",""N-4-3""]",[],[],[],"""uncertain""","""low""","""Needs page-image confirmation before using as exact question text. QA 重新稽核：未找到與題幹精確一致的現有 SkillID；章節或官方碼候選不視為 direct，SkillID 已清空。""","""not_evaluable""","""uncertain_review""","{""answerKeySource"":""source_materials/tcool_math_g1_g4_康軒_翰林/grade-4/康軒/answers/P02_R06_安和國小_新北市_4年級_數學_112下_期中1_康軒_答案卷.pdf"",""answerNote"":""Answer-key file paired and inspected; no answer inserted because item-level mapping is not unambiguous from the available extraction."",""needsImage"":true,""ocrQuality"":""partial"",""questionImage"":""source_materials/tcool_math_g1_g4_康軒_翰林/_analysis/pilot/pages/G4-_-112_-_1-P02_R06_____4____112___1__/"",""sourcePage"":null}","{""includeDecision"":""uncertain_review"",""notes"":""Needs page-image confirmation before using as exact question text. QA 重新稽核：未找到與題幹精確一致的現有 SkillID；章節或官方碼候選不視為 direct，SkillID 已清空。"",""publisherChapter"":{""chapterNumber"":1,""chapterTitle"":""多位數的乘與除"",""grade"":""G4"",""publisher"":""康軒"",""semester"":""下""},""scopeOutlier"":""not_evaluable""}","{""answer"":null,""answer_key_source"":""source_materials/tcool_math_g1_g4_康軒_翰林/grade-4/康軒/answers/P02_R06_安和國小_新北市_4年級_數學_112下_期中1_康軒_答案卷.pdf"",""answer_note"":""Answer-key file paired and inspected; no answer inserted because item-level mapping is not unambiguous from the available extraction."",""answer_status"":""missing"",""examId"":""G4-康軒-112下-期中1-P02_R06_安和國小_新北市_4年級_數學_112下_期中1_康軒"",""id"":""G4-康軒-112下-期中1-P02_R06_安和國小_新北市_4年級_數學_112下_期中1_康軒::一-1"",""needs_image"":true,""ocr_quality"":""partial"",""original_number"":""一-1"",""question_image"":""source_materials/tcool_math_g1_g4_康軒_翰林/_analysis/pilot/pages/G4-_-112_-_1-P02_R06_____4____112___1__/"",""raw_text"":""選擇題（題目依卷面）：下學期第一次定期考查。"",""source_id"":""G4-康軒-112下-期中1-P02_R06_安和國小_新北市_4年級_數學_112下_期中1_康軒"",""source_page"":null}","{""alignmentStatus"":""uncertain"",""candidateSkillIds"":[],""common_trap"":""此卷文字雙欄斷行，逐選項需圖像覆核"",""confidence"":""low"",""core_concept"":""多位數的乘與除"",""examId"":""G4-康軒-112下-期中1-P02_R06_安和國小_新北市_4年級_數學_112下_期中1_康軒"",""include_decision"":""uncertain_review"",""notes"":""Needs page-image confirmation before using as exact question text. QA 重新稽核：未找到與題幹精確一致的現有 SkillID；章節或官方碼候選不視為 direct，SkillID 已清空。"",""officialContentCodes"":[""N-4-2"",""N-4-3""],""officialPerformanceCodes"":[],""publisherChapter"":{""chapterNumber"":1,""chapterTitle"":""多位數的乘與除"",""grade"":""G4"",""publisher"":""康軒"",""semester"":""下""},""question_id"":""G4-康軒-112下-期中1-P02_R06_安和國小_新北市_4年級_數學_112下_期中1_康軒::一-1"",""question_type"":""選擇題群組"",""scope_outlier"":""not_evaluable"",""skillIds"":[],""source_id"":""G4-康軒-112下-期中1-P02_R06_安和國小_新北市_4年級_數學_112下_期中1_康軒""}","""first_pass"""
"""G4-康軒-112下-期中1-P02_R06_安和國小_新北市_4年級_數學_112下_期中1_康軒::三-1""","""G4-康軒-112下-期中1-P02_R06_安和國小_新北市_4年級_數學_112下_期中1_康軒""","""question_group_candidate""","""not_verified_from_available_extraction""","""source_materials/tcool_math_g1_g4_康軒_翰林/grade-4/康軒/questions/P02_R06_安和國小_新北市_4年級_數學_112下_期中1_康軒_題目卷.pdf""","""source_materials/tcool_math_g1_g4_康軒_翰林/grade-4/康軒/answers/P02_R06_安和國小_新北市_4年級_數學_112下_期中1_康軒_答案卷.pdf""",null,"""source_materials/tcool_math_g1_g4_康軒_翰林/_analysis/pilot/pages/G4-_-112_-_1-P02_R06_____4____112___1__/""","""三-1""","""應用題群組（卷面雙欄）。""",[],null,"""missing""","""Answer-key file paired and inspected; no answer inserted because item-level mapping is not unambiguous from the available extraction.""","""partial""",true,"""image_required""","""康軒""","""G4""","""112""","""下""","""期中1""","""應用題群組""","""概數""","""需以頁圖重新分題""","{""chapterNumber"":3,""chapterTitle"":""概數"",""grade"":""G4"",""publisher"":""康軒"",""semester"":""下""}","[""N-4-4""]",[],[],[],"""uncertain""","""low""","""Needs page-image confirmation before using as exact question text. QA 重新稽核：未找到與題幹精確一致的現有 SkillID；章節或官方碼候選不視為 direct，SkillID 已清空。""","""not_evaluable""","""uncertain_review""","{""answerKeySource"":""source_materials/tcool_math_g1_g4_康軒_翰林/grade-4/康軒/answers/P02_R06_安和國小_新北市_4年級_數學_112下_期中1_康軒_答案卷.pdf"",""answerNote"":""Answer-key file paired and inspected; no answer inserted because item-level mapping is not unambiguous from the available extraction."",""needsImage"":true,""ocrQuality"":""partial"",""questionImage"":""source_materials/tcool_math_g1_g4_康軒_翰林/_analysis/pilot/pages/G4-_-112_-_1-P02_R06_____4____112___1__/"",""sourcePage"":null}","{""includeDecision"":""uncertain_review"",""notes"":""Needs page-image confirmation before using as exact question text. QA 重新稽核：未找到與題幹精確一致的現有 SkillID；章節或官方碼候選不視為 direct，SkillID 已清空。"",""publisherChapter"":{""chapterNumber"":3,""chapterTitle"":""概數"",""grade"":""G4"",""publisher"":""康軒"",""semester"":""下""},""scopeOutlier"":""not_evaluable""}","{""answer"":null,""answer_key_source"":""source_materials/tcool_math_g1_g4_康軒_翰林/grade-4/康軒/answers/P02_R06_安和國小_新北市_4年級_數學_112下_期中1_康軒_答案卷.pdf"",""answer_note"":""Answer-key file paired and inspected; no answer inserted because item-level mapping is not unambiguous from the available extraction."",""answer_status"":""missing"",""examId"":""G4-康軒-112下-期中1-P02_R06_安和國小_新北市_4年級_數學_112下_期中1_康軒"",""id"":""G4-康軒-112下-期中1-P02_R06_安和國小_新北市_4年級_數學_112下_期中1_康軒::三-1"",""needs_image"":true,""ocr_quality"":""partial"",""original_number"":""三-1"",""question_image"":""source_materials/tcool_math_g1_g4_康軒_翰林/_analysis/pilot/pages/G4-_-112_-_1-P02_R06_____4____112___1__/"",""raw_text"":""應用題群組（卷面雙欄）。"",""source_id"":""G4-康軒-112下-期中1-P02_R06_安和國小_新北市_4年級_數學_112下_期中1_康軒"",""source_page"":null}","{""alignmentStatus"":""uncertain"",""candidateSkillIds"":[],""common_trap"":""需以頁圖重新分題"",""confidence"":""low"",""core_concept"":""概數"",""examId"":""G4-康軒-112下-期中1-P02_R06_安和國小_新北市_4年級_數學_112下_期中1_康軒"",""include_decision"":""uncertain_review"",""notes"":""Needs page-image confirmation before using as exact question text. QA 重新稽核：未找到與題幹精確一致的現有 SkillID；章節或官方碼候選不視為 direct，SkillID 已清空。"",""officialContentCodes"":[""N-4-4""],""officialPerformanceCodes"":[],""publisherChapter"":{""chapterNumber"":3,""chapterTitle"":""概數"",""grade"":""G4"",""publisher"":""康軒"",""semester"":""下""},""question_id"":""G4-康軒-112下-期中1-P02_R06_安和國小_新北市_4年級_數學_112下_期中1_康軒::三-1"",""question_type"":""應用題群組"",""scope_outlier"":""not_evaluable"",""skillIds"":[],""source_id"":""G4-康軒-112下-期中1-P02_R06_安和國小_新北市_4年級_數學_112下_期中1_康軒""}","""first_pass"""
"""G4-康軒-112下-期中1-P02_R06_安和國小_新北市_4年級_數學_112下_期中1_康軒::二-1""","""G4-康軒-112下-期中1-P02_R06_安和國小_新北市_4年級_數學_112下_期中1_康軒""","""question_group_candidate""","""not_verified_from_available_extraction""","""source_materials/tcool_math_g1_g4_康軒_翰林/grade-4/康軒/questions/P02_R06_安和國小_新北市_4年級_數學_112下_期中1_康軒_題目卷.pdf""","""source_materials/tcool_math_g1_g4_康軒_翰林/grade-4/康軒/answers/P02_R06_安和國小_新北市_4年級_數學_112下_期中1_康軒_答案卷.pdf""",null,"""source_materials/tcool_math_g1_g4_康軒_翰林/_analysis/pilot/pages/G4-_-112_-_1-P02_R06_____4____112___1__/""","""二-1""","""填充與計算題群組（卷面雙欄）。""",[],null,"""missing""","""Answer-key file paired and inspected; no answer inserted because item-level mapping is not unambiguous from the available extraction.""","""partial""",true,"""image_required""","""康軒""","""G4""","""112""","""下""","""期中1""","""填充題群組""","""四邊形""","""無法安全依文字切分各小題""","{""chapterNumber"":2,""chapterTitle"":""四邊形"",""grade"":""G4"",""publisher"":""康軒"",""semester"":""下""}","[""S-4-5"",""S-4-8""]",[],[],[],"""uncertain""","""low""","""Needs page-image confirmation before using as exact question text. QA 重新稽核：未找到與題幹精確一致的現有 SkillID；章節或官方碼候選不視為 direct，SkillID 已清空。""","""not_evaluable""","""uncertain_review""","{""answerKeySource"":""source_materials/tcool_math_g1_g4_康軒_翰林/grade-4/康軒/answers/P02_R06_安和國小_新北市_4年級_數學_112下_期中1_康軒_答案卷.pdf"",""answerNote"":""Answer-key file paired and inspected; no answer inserted because item-level mapping is not unambiguous from the available extraction."",""needsImage"":true,""ocrQuality"":""partial"",""questionImage"":""source_materials/tcool_math_g1_g4_康軒_翰林/_analysis/pilot/pages/G4-_-112_-_1-P02_R06_____4____112___1__/"",""sourcePage"":null}","{""includeDecision"":""uncertain_review"",""notes"":""Needs page-image confirmation before using as exact question text. QA 重新稽核：未找到與題幹精確一致的現有 SkillID；章節或官方碼候選不視為 direct，SkillID 已清空。"",""publisherChapter"":{""chapterNumber"":2,""chapterTitle"":""四邊形"",""grade"":""G4"",""publisher"":""康軒"",""semester"":""下""},""scopeOutlier"":""not_evaluable""}","{""answer"":null,""answer_key_source"":""source_materials/tcool_math_g1_g4_康軒_翰林/grade-4/康軒/answers/P02_R06_安和國小_新北市_4年級_數學_112下_期中1_康軒_答案卷.pdf"",""answer_note"":""Answer-key file paired and inspected; no answer inserted because item-level mapping is not unambiguous from the available extraction."",""answer_status"":""missing"",""examId"":""G4-康軒-112下-期中1-P02_R06_安和國小_新北市_4年級_數學_112下_期中1_康軒"",""id"":""G4-康軒-112下-期中1-P02_R06_安和國小_新北市_4年級_數學_112下_期中1_康軒::二-1"",""needs_image"":true,""ocr_quality"":""partial"",""original_number"":""二-1"",""question_image"":""source_materials/tcool_math_g1_g4_康軒_翰林/_analysis/pilot/pages/G4-_-112_-_1-P02_R06_____4____112___1__/"",""raw_text"":""填充與計算題群組（卷面雙欄）。"",""source_id"":""G4-康軒-112下-期中1-P02_R06_安和國小_新北市_4年級_數學_112下_期中1_康軒"",""source_page"":null}","{""alignmentStatus"":""uncertain"",""candidateSkillIds"":[],""common_trap"":""無法安全依文字切分各小題"",""confidence"":""low"",""core_concept"":""四邊形"",""examId"":""G4-康軒-112下-期中1-P02_R06_安和國小_新北市_4年級_數學_112下_期中1_康軒"",""include_decision"":""uncertain_review"",""notes"":""Needs page-image confirmation before using as exact question text. QA 重新稽核：未找到與題幹精確一致的現有 SkillID；章節或官方碼候選不視為 direct，SkillID 已清空。"",""officialContentCodes"":[""S-4-5"",""S-4-8""],""officialPerformanceCodes"":[],""publisherChapter"":{""chapterNumber"":2,""chapterTitle"":""四邊形"",""grade"":""G4"",""publisher"":""康軒"",""semester"":""下""},""question_id"":""G4-康軒-112下-期中1-P02_R06_安和國小_新北市_4年級_數學_112下_期中1_康軒::二-1"",""question_type"":""填充題群組"",""scope_outlier"":""not_evaluable"",""skillIds"":[],""source_id"":""G4-康軒-112下-期中1-P02_R06_安和國小_新北市_4年級_數學_112下_期中1_康軒""}","""first_pass"""
"""G4-康軒-112下-期中1-P02_R06_安和國小_新北市_4年級_數學_112下_期中1_康軒::四-1""","""G4-康軒-112下-期中1-P02_R06_安和國小_新北市_4年級_數學_112下_期中1_康軒""","""question_group_candidate""","""not_verified_from_available_extraction""","""source_materials/tcool_math_g1_g4_康軒_翰林/grade-4/康軒/questions/P02_R06_安和國小_新北市_4年級_數學_112下_期中1_康軒_題目卷.pdf""","""source_materials/tcool_math_g1_g4_康軒_翰林/grade-4/康軒/answers/P02_R06_安和國小_新北市_4年級_數學_112下_期中1_康軒_答案卷.pdf""",null,"""source_materials/tcool_math_g1_g4_康軒_翰林/_analysis/pilot/pages/G4-_-112_-_1-P02_R06_____4____112___1__/""","""四-1""","""圖形／表格題群組。""",[],null,"""missing""","""Answer-key file paired and inspected; no answer inserted because item-level mapping is not unambiguous from the available extraction.""","""partial""",true,"""image_required""","""康軒""","""G4""","""112""","""下""","""期中1""","""圖表題群組""","""四邊形""","""圖形資料是必要證據""","{""chapterNumber"":2,""chapterTitle"":""四邊形"",""grade"":""G4"",""publisher"":""康軒"",""semester"":""下""}","[""S-4-5"",""S-4-8""]",[],[],[],"""uncertain""","""low""","""Needs page-image confirmation before using as exact question text. QA 重新稽核：未找到與題幹精確一致的現有 SkillID；章節或官方碼候選不視為 direct，SkillID 已清空。""","""not_evaluable""","""uncertain_review""","{""answerKeySource"":""source_materials/tcool_math_g1_g4_康軒_翰林/grade-4/康軒/answers/P02_R06_安和國小_新北市_4年級_數學_112下_期中1_康軒_答案卷.pdf"",""answerNote"":""Answer-key file paired and inspected; no answer inserted because item-level mapping is not unambiguous from the available extraction."",""needsImage"":true,""ocrQuality"":""partial"",""questionImage"":""source_materials/tcool_math_g1_g4_康軒_翰林/_analysis/pilot/pages/G4-_-112_-_1-P02_R06_____4____112___1__/"",""sourcePage"":null}","{""includeDecision"":""uncertain_review"",""notes"":""Needs page-image confirmation before using as exact question text. QA 重新稽核：未找到與題幹精確一致的現有 SkillID；章節或官方碼候選不視為 direct，SkillID 已清空。"",""publisherChapter"":{""chapterNumber"":2,""chapterTitle"":""四邊形"",""grade"":""G4"",""publisher"":""康軒"",""semester"":""下""},""scopeOutlier"":""not_evaluable""}","{""answer"":null,""answer_key_source"":""source_materials/tcool_math_g1_g4_康軒_翰林/grade-4/康軒/answers/P02_R06_安和國小_新北市_4年級_數學_112下_期中1_康軒_答案卷.pdf"",""answer_note"":""Answer-key file paired and inspected; no answer inserted because item-level mapping is not unambiguous from the available extraction."",""answer_status"":""missing"",""examId"":""G4-康軒-112下-期中1-P02_R06_安和國小_新北市_4年級_數學_112下_期中1_康軒"",""id"":""G4-康軒-112下-期中1-P02_R06_安和國小_新北市_4年級_數學_112下_期中1_康軒::四-1"",""needs_image"":true,""ocr_quality"":""partial"",""original_number"":""四-1"",""question_image"":""source_materials/tcool_math_g1_g4_康軒_翰林/_analysis/pilot/pages/G4-_-112_-_1-P02_R06_____4____112___1__/"",""raw_text"":""圖形／表格題群組。"",""source_id"":""G4-康軒-112下-期中1-P02_R06_安和國小_新北市_4年級_數學_112下_期中1_康軒"",""source_page"":null}","{""alignmentStatus"":""uncertain"",""candidateSkillIds"":[],""common_trap"":""圖形資料是必要證據"",""confidence"":""low"",""core_concept"":""四邊形"",""examId"":""G4-康軒-112下-期中1-P02_R06_安和國小_新北市_4年級_數學_112下_期中1_康軒"",""include_decision"":""uncertain_review"",""notes"":""Needs page-image confirmation before using as exact question text. QA 重新稽核：未找到與題幹精確一致的現有 SkillID；章節或官方碼候選不視為 direct，SkillID 已清空。"",""officialContentCodes"":[""S-4-5"",""S-4-8""],""officialPerformanceCodes"":[],""publisherChapter"":{""chapterNumber"":2,""chapterTitle"":""四邊形"",""grade"":""G4"",""publisher"":""康軒"",""semester"":""下""},""question_id"":""G4-康軒-112下-期中1-P02_R06_安和國小_新北市_4年級_數學_112下_期中1_康軒::四-1"",""question_type"":""圖表題群組"",""scope_outlier"":""not_evaluable"",""skillIds"":[],""source_id"":""G4-康軒-112下-期中1-P02_R06_安和國小_新北市_4年級_數學_112下_期中1_康軒""}","""first_pass"""
"""G4-翰林-113上-期末2-P01_R08_安和國小_新北市_4年級_數學_113上_期末2_翰林::一-1""","""G4-翰林-113上-期末2-P01_R08_安和國小_新北市_4年級_數學_113上_期末2_翰林""","""question_group_candidate""","""not_verified_from_available_extraction""","""source_materials/tcool_math_g1_g4_康軒_翰林/grade-4/翰林/questions/P01_R08_安和國小_新北市_4年級_數學_113上_期末2_翰林_題目卷.pdf""","""source_materials/tcool_math_g1_g4_康軒_翰林/grade-4/翰林/answers/P01_R08_安和國小_新北市_4年級_數學_113上_期末2_翰林_答案卷.pdf""",null,"""source_materials/tcool_math_g1_g4_康軒_翰林/_analysis/pilot/pages/G4-_-113_-_2-P01_R08_____4____113___2__/""","""一-1""","""3024÷□的商是四位數，□可能是哪一個數？""",[],null,"""missing""","""Answer-key file paired and inspected; no answer inserted because item-level mapping is not unambiguous from the available extraction.""","""text_layer_partial""",false,"""text_only""","""翰林""","""G4""","""113""","""上""","""期末2""","""商的位數判斷""","""除法""","""只看被除數不比較除數""","{""chapterNumber"":6,""chapterTitle"":""除法"",""grade"":""G4"",""publisher"":""翰林"",""semester"":""上""}","[""N-4-2"",""N-4-3""]",[],[],[],"""uncertain""","""low""","""Text-layer evidence supports this content-level alignment. Skill ID is supplied only where prompt distinguishes the skill; otherwise intentionally blank. QA 重新稽核：未找到與題幹精確一致的現有 SkillID；章節或官方碼候選不視為 direct，SkillID 已清空。""","""not_evaluable""","""uncertain_review""","{""answerKeySource"":""source_materials/tcool_math_g1_g4_康軒_翰林/grade-4/翰林/answers/P01_R08_安和國小_新北市_4年級_數學_113上_期末2_翰林_答案卷.pdf"",""answerNote"":""Answer-key file paired and inspected; no answer inserted because item-level mapping is not unambiguous from the available extraction."",""needsImage"":false,""ocrQuality"":""text_layer_partial"",""questionImage"":""source_materials/tcool_math_g1_g4_康軒_翰林/_analysis/pilot/pages/G4-_-113_-_2-P01_R08_____4____113___2__/"",""sourcePage"":null}","{""includeDecision"":""uncertain_review"",""notes"":""Text-layer evidence supports this content-level alignment. Skill ID is supplied only where prompt distinguishes the skill; otherwise intentionally blank. QA 重新稽核：未找到與題幹精確一致的現有 SkillID；章節或官方碼候選不視為 direct，SkillID 已清空。"",""publisherChapter"":{""chapterNumber"":6,""chapterTitle"":""除法"",""grade"":""G4"",""publisher"":""翰林"",""semester"":""上""},""scopeOutlier"":""not_evaluable""}","{""answer"":null,""answer_key_source"":""source_materials/tcool_math_g1_g4_康軒_翰林/grade-4/翰林/answers/P01_R08_安和國小_新北市_4年級_數學_113上_期末2_翰林_答案卷.pdf"",""answer_note"":""Answer-key file paired and inspected; no answer inserted because item-level mapping is not unambiguous from the available extraction."",""answer_status"":""missing"",""examId"":""G4-翰林-113上-期末2-P01_R08_安和國小_新北市_4年級_數學_113上_期末2_翰林"",""id"":""G4-翰林-113上-期末2-P01_R08_安和國小_新北市_4年級_數學_113上_期末2_翰林::一-1"",""needs_image"":false,""ocr_quality"":""text_layer_partial"",""original_number"":""一-1"",""question_image"":""source_materials/tcool_math_g1_g4_康軒_翰林/_analysis/pilot/pages/G4-_-113_-_2-P01_R08_____4____113___2__/"",""raw_text"":""3024÷□的商是四位數，□可能是哪一個數？"",""source_id"":""G4-翰林-113上-期末2-P01_R08_安和國小_新北市_4年級_數學_113上_期末2_翰林"",""source_page"":null}","{""alignmentStatus"":""uncertain"",""candidateSkillIds"":[],""common_trap"":""只看被除數不比較除數"",""confidence"":""low"",""core_concept"":""除法"",""examId"":""G4-翰林-113上-期末2-P01_R08_安和國小_新北市_4年級_數學_113上_期末2_翰林"",""include_decision"":""uncertain_review"",""notes"":""Text-layer evidence supports this content-level alignment. Skill ID is supplied only where prompt distinguishes the skill; otherwise intentionally blank. QA 重新稽核：未找到與題幹精確一致的現有 SkillID；章節或官方碼候選不視為 direct，SkillID 已清空。"",""officialContentCodes"":[""N-4-2"",""N-4-3""],""officialPerformanceCodes"":[],""publisherChapter"":{""chapterNumber"":6,""chapterTitle"":""除法"",""grade"":""G4"",""publisher"":""翰林"",""semester"":""上""},""question_id"":""G4-翰林-113上-期末2-P01_R08_安和國小_新北市_4年級_數學_113上_期末2_翰林::一-1"",""question_type"":""商的位數判斷"",""scope_outlier"":""not_evaluable"",""skillIds"":[],""source_id"":""G4-翰林-113上-期末2-P01_R08_安和國小_新北市_4年級_數學_113上_期末2_翰林""}","""first_pass"""
"""G4-翰林-113上-期末2-P01_R08_安和國小_新北市_4年級_數學_113上_期末2_翰林::一-4""","""G4-翰林-113上-期末2-P01_R08_安和國小_新北市_4年級_數學_113上_期末2_翰林""","""question_group_candidate""","""not_verified_from_available_extraction""","""source_materials/tcool_math_g1_g4_康軒_翰林/grade-4/翰林/questions/P01_R08_安和國小_新北市_4年級_數學_113上_期末2_翰林_題目卷.pdf""","""source_materials/tcool_math_g1_g4_康軒_翰林/grade-4/翰林/answers/P01_R08_安和國小_新北市_4年級_數學_113上_期末2_翰林_答案卷.pdf""",null,"""source_materials/tcool_math_g1_g4_康軒_翰林/_analysis/pilot/pages/G4-_-113_-_2-P01_R08_____4____113___2__/""","""一-4""","""哪些算式的商和6000÷300不一樣（複選）。""",[],null,"""missing""","""Answer-key file paired and inspected; no answer inserted because item-level mapping is not unambiguous from the available extraction.""","""text_layer_partial""",false,"""text_only""","""翰林""","""G4""","""113""","""上""","""期末2""","""除法等值判斷""","""除法""","""同除／同乘規則誤用""","{""chapterNumber"":6,""chapterTitle"":""除法"",""grade"":""G4"",""publisher"":""翰林"",""semester"":""上""}","[""N-4-2"",""N-4-3""]",[],[],[],"""uncertain""","""low""","""Text-layer evidence supports this content-level alignment. Skill ID is supplied only where prompt distinguishes the skill; otherwise intentionally blank. QA 重新稽核：未找到與題幹精確一致的現有 SkillID；章節或官方碼候選不視為 direct，SkillID 已清空。""","""not_evaluable""","""uncertain_review""","{""answerKeySource"":""source_materials/tcool_math_g1_g4_康軒_翰林/grade-4/翰林/answers/P01_R08_安和國小_新北市_4年級_數學_113上_期末2_翰林_答案卷.pdf"",""answerNote"":""Answer-key file paired and inspected; no answer inserted because item-level mapping is not unambiguous from the available extraction."",""needsImage"":false,""ocrQuality"":""text_layer_partial"",""questionImage"":""source_materials/tcool_math_g1_g4_康軒_翰林/_analysis/pilot/pages/G4-_-113_-_2-P01_R08_____4____113___2__/"",""sourcePage"":null}","{""includeDecision"":""uncertain_review"",""notes"":""Text-layer evidence supports this content-level alignment. Skill ID is supplied only where prompt distinguishes the skill; otherwise intentionally blank. QA 重新稽核：未找到與題幹精確一致的現有 SkillID；章節或官方碼候選不視為 direct，SkillID 已清空。"",""publisherChapter"":{""chapterNumber"":6,""chapterTitle"":""除法"",""grade"":""G4"",""publisher"":""翰林"",""semester"":""上""},""scopeOutlier"":""not_evaluable""}","{""answer"":null,""answer_key_source"":""source_materials/tcool_math_g1_g4_康軒_翰林/grade-4/翰林/answers/P01_R08_安和國小_新北市_4年級_數學_113上_期末2_翰林_答案卷.pdf"",""answer_note"":""Answer-key file paired and inspected; no answer inserted because item-level mapping is not unambiguous from the available extraction."",""answer_status"":""missing"",""examId"":""G4-翰林-113上-期末2-P01_R08_安和國小_新北市_4年級_數學_113上_期末2_翰林"",""id"":""G4-翰林-113上-期末2-P01_R08_安和國小_新北市_4年級_數學_113上_期末2_翰林::一-4"",""needs_image"":false,""ocr_quality"":""text_layer_partial"",""original_number"":""一-4"",""question_image"":""source_materials/tcool_math_g1_g4_康軒_翰林/_analysis/pilot/pages/G4-_-113_-_2-P01_R08_____4____113___2__/"",""raw_text"":""哪些算式的商和6000÷300不一樣（複選）。"",""source_id"":""G4-翰林-113上-期末2-P01_R08_安和國小_新北市_4年級_數學_113上_期末2_翰林"",""source_page"":null}","{""alignmentStatus"":""uncertain"",""candidateSkillIds"":[],""common_trap"":""同除／同乘規則誤用"",""confidence"":""low"",""core_concept"":""除法"",""examId"":""G4-翰林-113上-期末2-P01_R08_安和國小_新北市_4年級_數學_113上_期末2_翰林"",""include_decision"":""uncertain_review"",""notes"":""Text-layer evidence supports this content-level alignment. Skill ID is supplied only where prompt distinguishes the skill; otherwise intentionally blank. QA 重新稽核：未找到與題幹精確一致的現有 SkillID；章節或官方碼候選不視為 direct，SkillID 已清空。"",""officialContentCodes"":[""N-4-2"",""N-4-3""],""officialPerformanceCodes"":[],""publisherChapter"":{""chapterNumber"":6,""chapterTitle"":""除法"",""grade"":""G4"",""publisher"":""翰林"",""semester"":""上""},""question_id"":""G4-翰林-113上-期末2-P01_R08_安和國小_新北市_4年級_數學_113上_期末2_翰林::一-4"",""question_type"":""除法等值判斷"",""scope_outlier"":""not_evaluable"",""skillIds"":[],""source_id"":""G4-翰林-113上-期末2-P01_R08_安和國小_新北市_4年級_數學_113上_期末2_翰林""}","""first_pass"""
"""G4-翰林-113上-期末2-P01_R08_安和國小_新北市_4年級_數學_113上_期末2_翰林::三-1""","""G4-翰林-113上-期末2-P01_R08_安和國小_新北市_4年級_數學_113上_期末2_翰林""","""question_group_candidate""","""not_verified_from_available_extraction""","""source_materials/tcool_math_g1_g4_康軒_翰林/grade-4/翰林/questions/P01_R08_安和國小_新北市_4年級_數學_113上_期末2_翰林_題目卷.pdf""","""source_materials/tcool_math_g1_g4_康軒_翰林/grade-4/翰林/answers/P01_R08_安和國小_新北市_4年級_數學_113上_期末2_翰林_答案卷.pdf""",null,"""source_materials/tcool_math_g1_g4_康軒_翰林/_analysis/pilot/pages/G4-_-113_-_2-P01_R08_____4____113___2__/""","""三-1""","""四年級上第二次定期考查應用題。""",[],null,"""missing""","""Answer-key file paired and inspected; no answer inserted because item-level mapping is not unambiguous from the available extraction.""","""text_layer_partial""",true,"""image_required""","""翰林""","""G4""","""113""","""上""","""期末2""","""應用題群組""","""兩步驟問題與併式""","""需保留題圖／完整行文""","{""chapterNumber"":8,""chapterTitle"":""兩步驟問題與併式"",""grade"":""G4"",""publisher"":""翰林"",""semester"":""上""}","[""R-4-1"",""R-4-2""]",[],[],[],"""uncertain""","""low""","""Needs page-image confirmation before using as exact question text. QA 重新稽核：未找到與題幹精確一致的現有 SkillID；章節或官方碼候選不視為 direct，SkillID 已清空。""","""not_evaluable""","""uncertain_review""","{""answerKeySource"":""source_materials/tcool_math_g1_g4_康軒_翰林/grade-4/翰林/answers/P01_R08_安和國小_新北市_4年級_數學_113上_期末2_翰林_答案卷.pdf"",""answerNote"":""Answer-key file paired and inspected; no answer inserted because item-level mapping is not unambiguous from the available extraction."",""needsImage"":true,""ocrQuality"":""text_layer_partial"",""questionImage"":""source_materials/tcool_math_g1_g4_康軒_翰林/_analysis/pilot/pages/G4-_-113_-_2-P01_R08_____4____113___2__/"",""sourcePage"":null}","{""includeDecision"":""uncertain_review"",""notes"":""Needs page-image confirmation before using as exact question text. QA 重新稽核：未找到與題幹精確一致的現有 SkillID；章節或官方碼候選不視為 direct，SkillID 已清空。"",""publisherChapter"":{""chapterNumber"":8,""chapterTitle"":""兩步驟問題與併式"",""grade"":""G4"",""publisher"":""翰林"",""semester"":""上""},""scopeOutlier"":""not_evaluable""}","{""answer"":null,""answer_key_source"":""source_materials/tcool_math_g1_g4_康軒_翰林/grade-4/翰林/answers/P01_R08_安和國小_新北市_4年級_數學_113上_期末2_翰林_答案卷.pdf"",""answer_note"":""Answer-key file paired and inspected; no answer inserted because item-level mapping is not unambiguous from the available extraction."",""answer_status"":""missing"",""examId"":""G4-翰林-113上-期末2-P01_R08_安和國小_新北市_4年級_數學_113上_期末2_翰林"",""id"":""G4-翰林-113上-期末2-P01_R08_安和國小_新北市_4年級_數學_113上_期末2_翰林::三-1"",""needs_image"":true,""ocr_quality"":""text_layer_partial"",""original_number"":""三-1"",""question_image"":""source_materials/tcool_math_g1_g4_康軒_翰林/_analysis/pilot/pages/G4-_-113_-_2-P01_R08_____4____113___2__/"",""raw_text"":""四年級上第二次定期考查應用題。"",""source_id"":""G4-翰林-113上-期末2-P01_R08_安和國小_新北市_4年級_數學_113上_期末2_翰林"",""source_page"":null}","{""alignmentStatus"":""uncertain"",""candidateSkillIds"":[],""common_trap"":""需保留題圖／完整行文"",""confidence"":""low"",""core_concept"":""兩步驟問題與併式"",""examId"":""G4-翰林-113上-期末2-P01_R08_安和國小_新北市_4年級_數學_113上_期末2_翰林"",""include_decision"":""uncertain_review"",""notes"":""Needs page-image confirmation before using as exact question text. QA 重新稽核：未找到與題幹精確一致的現有 SkillID；章節或官方碼候選不視為 direct，SkillID 已清空。"",""officialContentCodes"":[""R-4-1"",""R-4-2""],""officialPerformanceCodes"":[],""publisherChapter"":{""chapterNumber"":8,""chapterTitle"":""兩步驟問題與併式"",""grade"":""G4"",""publisher"":""翰林"",""semester"":""上""},""question_id"":""G4-翰林-113上-期末2-P01_R08_安和國小_新北市_4年級_數學_113上_期末2_翰林::三-1"",""question_type"":""應用題群組"",""scope_outlier"":""not_evaluable"",""skillIds"":[],""source_id"":""G4-翰林-113上-期末2-P01_R08_安和國小_新北市_4年級_數學_113上_期末2_翰林""}","""first_pass"""
"""G4-翰林-113上-期末2-P01_R08_安和國小_新北市_4年級_數學_113上_期末2_翰林::二-1""","""G4-翰林-113上-期末2-P01_R08_安和國小_新北市_4年級_數學_113上_期末2_翰林""","""question_group_candidate""","""not_verified_from_available_extraction""","""source_materials/tcool_math_g1_g4_康軒_翰林/grade-4/翰林/questions/P01_R08_安和國小_新北市_4年級_數學_113上_期末2_翰林_題目卷.pdf""","""source_materials/tcool_math_g1_g4_康軒_翰林/grade-4/翰林/answers/P01_R08_安和國小_新北市_4年級_數學_113上_期末2_翰林_答案卷.pdf""",null,"""source_materials/tcool_math_g1_g4_康軒_翰林/_analysis/pilot/pages/G4-_-113_-_2-P01_R08_____4____113___2__/""","""二-1""","""四年級上第二次定期考查填充、計算題。""",[],null,"""missing""","""Answer-key file paired and inspected; no answer inserted because item-level mapping is not unambiguous from the available extraction.""","""text_layer_partial""",true,"""image_required""","""翰林""","""G4""","""113""","""上""","""期末2""","""計算題群組""","""除法""","""文字雙欄，個別題目須以頁圖覆核""","{""chapterNumber"":6,""chapterTitle"":""除法"",""grade"":""G4"",""publisher"":""翰林"",""semester"":""上""}","[""N-4-2"",""N-4-3""]",[],[],[],"""uncertain""","""low""","""Needs page-image confirmation before using as exact question text. QA 重新稽核：未找到與題幹精確一致的現有 SkillID；章節或官方碼候選不視為 direct，SkillID 已清空。""","""not_evaluable""","""uncertain_review""","{""answerKeySource"":""source_materials/tcool_math_g1_g4_康軒_翰林/grade-4/翰林/answers/P01_R08_安和國小_新北市_4年級_數學_113上_期末2_翰林_答案卷.pdf"",""answerNote"":""Answer-key file paired and inspected; no answer inserted because item-level mapping is not unambiguous from the available extraction."",""needsImage"":true,""ocrQuality"":""text_layer_partial"",""questionImage"":""source_materials/tcool_math_g1_g4_康軒_翰林/_analysis/pilot/pages/G4-_-113_-_2-P01_R08_____4____113___2__/"",""sourcePage"":null}","{""includeDecision"":""uncertain_review"",""notes"":""Needs page-image confirmation before using as exact question text. QA 重新稽核：未找到與題幹精確一致的現有 SkillID；章節或官方碼候選不視為 direct，SkillID 已清空。"",""publisherChapter"":{""chapterNumber"":6,""chapterTitle"":""除法"",""grade"":""G4"",""publisher"":""翰林"",""semester"":""上""},""scopeOutlier"":""not_evaluable""}","{""answer"":null,""answer_key_source"":""source_materials/tcool_math_g1_g4_康軒_翰林/grade-4/翰林/answers/P01_R08_安和國小_新北市_4年級_數學_113上_期末2_翰林_答案卷.pdf"",""answer_note"":""Answer-key file paired and inspected; no answer inserted because item-level mapping is not unambiguous from the available extraction."",""answer_status"":""missing"",""examId"":""G4-翰林-113上-期末2-P01_R08_安和國小_新北市_4年級_數學_113上_期末2_翰林"",""id"":""G4-翰林-113上-期末2-P01_R08_安和國小_新北市_4年級_數學_113上_期末2_翰林::二-1"",""needs_image"":true,""ocr_quality"":""text_layer_partial"",""original_number"":""二-1"",""question_image"":""source_materials/tcool_math_g1_g4_康軒_翰林/_analysis/pilot/pages/G4-_-113_-_2-P01_R08_____4____113___2__/"",""raw_text"":""四年級上第二次定期考查填充、計算題。"",""source_id"":""G4-翰林-113上-期末2-P01_R08_安和國小_新北市_4年級_數學_113上_期末2_翰林"",""source_page"":null}","{""alignmentStatus"":""uncertain"",""candidateSkillIds"":[],""common_trap"":""文字雙欄，個別題目須以頁圖覆核"",""confidence"":""low"",""core_concept"":""除法"",""examId"":""G4-翰林-113上-期末2-P01_R08_安和國小_新北市_4年級_數學_113上_期末2_翰林"",""include_decision"":""uncertain_review"",""notes"":""Needs page-image confirmation before using as exact question text. QA 重新稽核：未找到與題幹精確一致的現有 SkillID；章節或官方碼候選不視為 direct，SkillID 已清空。"",""officialContentCodes"":[""N-4-2"",""N-4-3""],""officialPerformanceCodes"":[],""publisherChapter"":{""chapterNumber"":6,""chapterTitle"":""除法"",""grade"":""G4"",""publisher"":""翰林"",""semester"":""上""},""question_id"":""G4-翰林-113上-期末2-P01_R08_安和國小_新北市_4年級_數學_113上_期末2_翰林::二-1"",""question_type"":""計算題群組"",""scope_outlier"":""not_evaluable"",""skillIds"":[],""source_id"":""G4-翰林-113上-期末2-P01_R08_安和國小_新北市_4年級_數學_113上_期末2_翰林""}","""first_pass"""
