questionId,sourceGroupIds,sourceId,recordKind,boundaryStatus,sourceFile,sourcePage,sourceBBox,questionImage,questionNumber,stem,options,answerKeySource,answerKeyPage,answerEvidence,correctAnswer,answerStatus,verificationMethod,publisher,grade,academicYear,semester,examType,questionType,coreConcept,commonTrap,publisherChapter,officialContentCodes,officialPerformanceCodes,candidateSkillIds,skillIds,alignmentStatus,alignmentConfidence,alignmentEvidence,includeDecision,reviewStatus
G1-康軒-109上-期中1-P04_R02_寶山國小_彰化縣_1年級_數學_109上_期中1_康軒::ql-q01,"[""G1-康軒-109上-期中1-P04_R02_寶山國小_彰化縣_1年級_數學_109上_期中1_康軒-q001"", ""G1-康軒-109上-期中1-P04_R02_寶山國小_彰化縣_1年級_數學_109上_期中1_康軒-q002"", ""G1-康軒-109上-期中1-P04_R02_寶山國小_彰化縣_1年級_數學_109上_期中1_康軒-q003"", ""G1-康軒-109上-期中1-P04_R02_寶山國小_彰化縣_1年級_數學_109上_期中1_康軒-q004"", ""G1-康軒-109上-期中1-P04_R02_寶山國小_彰化縣_1年級_數學_109上_期中1_康軒-q005"", ""G1-康軒-109上-期中1-P04_R02_寶山國小_彰化縣_1年級_數學_109上_期中1_康軒-q006""]",G1-康軒-109上-期中1-P04_R02_寶山國小_彰化縣_1年級_數學_109上_期中1_康軒,question_item,verified,source_materials/tcool_math_g1_g4_康軒_翰林/grade-1/康軒/questions/P04_R02_寶山國小_彰化縣_1年級_數學_109上_期中1_康軒_題目卷.pdf,1,"[0, 0, 3307, 4677]",source_materials/tcool_math_g1_g4_康軒_翰林/_analysis/pilot/pages/G1-_-109_-_1-P04_R02_____1____109___1__/page-1.jpg,一-1,把答案相同的算式連起來。魚形卡：3+5、2+7、1+4、6+0；貓形卡：7+2、6+2、3+3、0+5。,[],source_materials/tcool_math_g1_g4_康軒_翰林/grade-1/康軒/answers/P04_R02_寶山國小_彰化縣_1年級_數學_109上_期中1_康軒_答案卷.pdf,1,各算式求和後兩兩配對：8↔8、9↔9、5↔5、6↔6，四組總和唯一對應，與答案卷連線一致。,3+5(8)—6+2(8)；2+7(9)—7+2(9)；1+4(5)—0+5(5)；6+0(6)—3+3(6),verified,independent_calculation,康軒,G1,109,上,期中1,,,,康軒 G1 上 第7章 10 以內的加法,"[""N-1-2"", ""N-1-3""]",[],"[""G1-06-03""]",[],partial,medium,"[""official N-1-2/N-1-3 加法和減法"", ""publisher ('康軒', 'G1', '上', 7)"", ""連連看配對雖含加法但屬遊戲化題型，非單一skill精確對應""]",uncertain_review,first_pass
G1-康軒-109上-期中1-P04_R02_寶山國小_彰化縣_1年級_數學_109上_期中1_康軒::ql-q02,"[""G1-康軒-109上-期中1-P04_R02_寶山國小_彰化縣_1年級_數學_109上_期中1_康軒-q001"", ""G1-康軒-109上-期中1-P04_R02_寶山國小_彰化縣_1年級_數學_109上_期中1_康軒-q002"", ""G1-康軒-109上-期中1-P04_R02_寶山國小_彰化縣_1年級_數學_109上_期中1_康軒-q003"", ""G1-康軒-109上-期中1-P04_R02_寶山國小_彰化縣_1年級_數學_109上_期中1_康軒-q004"", ""G1-康軒-109上-期中1-P04_R02_寶山國小_彰化縣_1年級_數學_109上_期中1_康軒-q005"", ""G1-康軒-109上-期中1-P04_R02_寶山國小_彰化縣_1年級_數學_109上_期中1_康軒-q006""]",G1-康軒-109上-期中1-P04_R02_寶山國小_彰化縣_1年級_數學_109上_期中1_康軒,question_item,verified,source_materials/tcool_math_g1_g4_康軒_翰林/grade-1/康軒/questions/P04_R02_寶山國小_彰化縣_1年級_數學_109上_期中1_康軒_題目卷.pdf,1,"[0, 0, 3307, 4677]",source_materials/tcool_math_g1_g4_康軒_翰林/_analysis/pilot/pages/G1-_-109_-_1-P04_R02_____1____109___1__/page-1.jpg,一-2,多少和多少合起來是 10？（撲克牌對應：ㄅ=1、ㄆ=3、ㄇ=4、ㄈ=5；ㄉ=5、ㄊ=6、ㄋ=9、ㄌ=7）,[],source_materials/tcool_math_g1_g4_康軒_翰林/grade-1/康軒/answers/P04_R02_寶山國小_彰化縣_1年級_數學_109上_期中1_康軒_答案卷.pdf,1,裁圖確認各牌點數後，四組配對皆使兩數合計為10，且每張牌恰用一次，唯一解，與答案卷連線一致。,ㄅ(1)—ㄋ(9)；ㄆ(3)—ㄌ(7)；ㄇ(4)—ㄊ(6)；ㄈ(5)—ㄉ(5),verified,independent_calculation,康軒,G1,109,上,期中1,,,,康軒 G1 上 第4章 分與合,"[""N-1-2"", ""N-1-3""]",[],"[""G1-04-02"", ""G1-04-03""]","[""G1-04-02"", ""G1-04-03""]",direct,high,"[""official N-1-2/3 加減"", ""publisher ('康軒', 'G1', '上', 4)"", ""skill G1-04-02/03「2至5/6至10各數的分與合」對應10的配對湊十""]",include,first_pass
G1-康軒-109上-期中1-P04_R02_寶山國小_彰化縣_1年級_數學_109上_期中1_康軒::ql-q03,"[""G1-康軒-109上-期中1-P04_R02_寶山國小_彰化縣_1年級_數學_109上_期中1_康軒-q001"", ""G1-康軒-109上-期中1-P04_R02_寶山國小_彰化縣_1年級_數學_109上_期中1_康軒-q002"", ""G1-康軒-109上-期中1-P04_R02_寶山國小_彰化縣_1年級_數學_109上_期中1_康軒-q003"", ""G1-康軒-109上-期中1-P04_R02_寶山國小_彰化縣_1年級_數學_109上_期中1_康軒-q004"", ""G1-康軒-109上-期中1-P04_R02_寶山國小_彰化縣_1年級_數學_109上_期中1_康軒-q005"", ""G1-康軒-109上-期中1-P04_R02_寶山國小_彰化縣_1年級_數學_109上_期中1_康軒-q006""]",G1-康軒-109上-期中1-P04_R02_寶山國小_彰化縣_1年級_數學_109上_期中1_康軒,question_item,verified,source_materials/tcool_math_g1_g4_康軒_翰林/grade-1/康軒/questions/P04_R02_寶山國小_彰化縣_1年級_數學_109上_期中1_康軒_題目卷.pdf,1,"[0, 0, 3307, 4677]",source_materials/tcool_math_g1_g4_康軒_翰林/_analysis/pilot/pages/G1-_-109_-_1-P04_R02_____1____109___1__/page-1.jpg,一-3,把圖形分類：螺旋形、波浪形（w）、水平短線、斜線，分別歸入「直線」或「曲線」。,[],source_materials/tcool_math_g1_g4_康軒_翰林/grade-1/康軒/answers/P04_R02_寶山國小_彰化縣_1年級_數學_109上_期中1_康軒_答案卷.pdf,1,螺旋與波浪形皆為彎曲線條，水平短線與斜線皆無彎曲，屬直線；分類具幾何定義上的唯一性，與答案卷連線一致。,螺旋形、波浪形→曲線；水平短線、斜線→直線,verified,independent_calculation,康軒,G1,109,上,期中1,,,,康軒 G1 上 第2章 比長短,"[""S-1-1""]",[],"[""G1-02-03""]","[""G1-02-03""]",direct,high,"[""official S-1-1 長度(同N-1-5)"", ""publisher ('康軒', 'G1', '上', 2)"", ""skill G1-02-03「認識點、直線和曲線」直接對應""]",include,first_pass
G1-康軒-109上-期中1-P04_R02_寶山國小_彰化縣_1年級_數學_109上_期中1_康軒::ql-q04,"[""G1-康軒-109上-期中1-P04_R02_寶山國小_彰化縣_1年級_數學_109上_期中1_康軒-q001"", ""G1-康軒-109上-期中1-P04_R02_寶山國小_彰化縣_1年級_數學_109上_期中1_康軒-q002"", ""G1-康軒-109上-期中1-P04_R02_寶山國小_彰化縣_1年級_數學_109上_期中1_康軒-q003"", ""G1-康軒-109上-期中1-P04_R02_寶山國小_彰化縣_1年級_數學_109上_期中1_康軒-q004"", ""G1-康軒-109上-期中1-P04_R02_寶山國小_彰化縣_1年級_數學_109上_期中1_康軒-q005"", ""G1-康軒-109上-期中1-P04_R02_寶山國小_彰化縣_1年級_數學_109上_期中1_康軒-q006""]",G1-康軒-109上-期中1-P04_R02_寶山國小_彰化縣_1年級_數學_109上_期中1_康軒,question_item,verified,source_materials/tcool_math_g1_g4_康軒_翰林/grade-1/康軒/questions/P04_R02_寶山國小_彰化縣_1年級_數學_109上_期中1_康軒_題目卷.pdf,1,"[0, 0, 3307, 4677]",source_materials/tcool_math_g1_g4_康軒_翰林/_analysis/pilot/pages/G1-_-109_-_1-P04_R02_____1____109___1__/page-1.jpg,二-1,下面有 3 條繩子，由長到短填入 1、2、3。（繩子圖：①斜直線、②水平直線、③密集纏繞的捲繩）,[],source_materials/tcool_math_g1_g4_康軒_翰林/grade-1/康軒/answers/P04_R02_寶山國小_彰化縣_1年級_數學_109上_期中1_康軒_答案卷.pdf,1,③為多圈纏繞捲繩，攤直後所含繩材最長，故排名1（最長）；①斜直線次之為2；②水平直線最短為3。與答案卷紅字「2、3、1」一致（此為長度視覺判斷題，非算式可獨立驗算，已對照原圖與答案卷雙重確認）。,①=2、②=3、③=1,verified,visual_manual_required,康軒,G1,109,上,期中1,,,,康軒 G1 上 第2章 比長短,"[""S-1-1""]",[],"[""G1-02-01""]","[""G1-02-01""]",direct,high,"[""official S-1-1"", ""publisher ('康軒', 'G1', '上', 2)"", ""skill G1-02-01「直接比較長度-長短、寬窄」對應繩子長短排序""]",include,first_pass
G1-康軒-109上-期中1-P04_R02_寶山國小_彰化縣_1年級_數學_109上_期中1_康軒::ql-q05,"[""G1-康軒-109上-期中1-P04_R02_寶山國小_彰化縣_1年級_數學_109上_期中1_康軒-q001"", ""G1-康軒-109上-期中1-P04_R02_寶山國小_彰化縣_1年級_數學_109上_期中1_康軒-q002"", ""G1-康軒-109上-期中1-P04_R02_寶山國小_彰化縣_1年級_數學_109上_期中1_康軒-q003"", ""G1-康軒-109上-期中1-P04_R02_寶山國小_彰化縣_1年級_數學_109上_期中1_康軒-q004"", ""G1-康軒-109上-期中1-P04_R02_寶山國小_彰化縣_1年級_數學_109上_期中1_康軒-q005"", ""G1-康軒-109上-期中1-P04_R02_寶山國小_彰化縣_1年級_數學_109上_期中1_康軒-q006""]",G1-康軒-109上-期中1-P04_R02_寶山國小_彰化縣_1年級_數學_109上_期中1_康軒,question_item,verified,source_materials/tcool_math_g1_g4_康軒_翰林/grade-1/康軒/questions/P04_R02_寶山國小_彰化縣_1年級_數學_109上_期中1_康軒_題目卷.pdf,1,"[0, 0, 3307, 4677]",source_materials/tcool_math_g1_g4_康軒_翰林/_analysis/pilot/pages/G1-_-109_-_1-P04_R02_____1____109___1__/page-1.jpg,二-2,由高到矮填入 1、2、3、4。（圖：①大樹（圓形樹冠、粗幹）②似椰子/酢漿草頂的細長植物③頂端如雪花的細長植物④蓬鬆矮樹叢）,[],source_materials/tcool_math_g1_g4_康軒_翰林/grade-1/康軒/answers/P04_R02_寶山國小_彰化縣_1年級_數學_109上_期中1_康軒_答案卷.pdf,1,裁圖確認①樹冠最高大，④矮樹叢最矮小；答案卷紅字標②=2、③=3、④=4，依排除法①=1，與原圖相對高度判斷一致（視覺高度排序題，非算式可獨立驗算）。,①=1、②=2、③=3、④=4,verified,visual_manual_required,康軒,G1,109,上,期中1,,,,康軒 G1 上 第2章 比長短,"[""S-1-1""]",[],"[""G1-02-05""]","[""G1-02-05""]",direct,high,"[""skill G1-02-05「用最高、最矮…描述物件」對應植物高矮排序""]",include,first_pass
G1-康軒-109上-期中1-P04_R02_寶山國小_彰化縣_1年級_數學_109上_期中1_康軒::ql-q06a,"[""G1-康軒-109上-期中1-P04_R02_寶山國小_彰化縣_1年級_數學_109上_期中1_康軒-q001"", ""G1-康軒-109上-期中1-P04_R02_寶山國小_彰化縣_1年級_數學_109上_期中1_康軒-q002"", ""G1-康軒-109上-期中1-P04_R02_寶山國小_彰化縣_1年級_數學_109上_期中1_康軒-q003"", ""G1-康軒-109上-期中1-P04_R02_寶山國小_彰化縣_1年級_數學_109上_期中1_康軒-q004"", ""G1-康軒-109上-期中1-P04_R02_寶山國小_彰化縣_1年級_數學_109上_期中1_康軒-q005"", ""G1-康軒-109上-期中1-P04_R02_寶山國小_彰化縣_1年級_數學_109上_期中1_康軒-q006""]",G1-康軒-109上-期中1-P04_R02_寶山國小_彰化縣_1年級_數學_109上_期中1_康軒,question_item,verified,source_materials/tcool_math_g1_g4_康軒_翰林/grade-1/康軒/questions/P04_R02_寶山國小_彰化縣_1年級_數學_109上_期中1_康軒_題目卷.pdf,1,"[0, 0, 3307, 4677]",source_materials/tcool_math_g1_g4_康軒_翰林/_analysis/pilot/pages/G1-_-109_-_1-P04_R02_____1____109___1__/page-1.jpg,二-3-1,比較薄的打勾：兩本書，一本厚(角度立體)、一本薄(平放)。,[],source_materials/tcool_math_g1_g4_康軒_翰林/grade-1/康軒/answers/P04_R02_寶山國小_彰化縣_1年級_數學_109上_期中1_康軒_答案卷.pdf,1,原圖第2本書明顯畫得較扁薄，與答案卷勾選第2本一致。,第2本（較薄的書）,verified,visual_manual_required,康軒,G1,109,上,期中1,,,,康軒 G1 上 第2章 比長短,"[""S-1-1""]",[],"[""G1-02-04""]","[""G1-02-04""]",direct,high,"[""skill G1-02-04「直接比較長度-高矮、厚薄」對應書本厚薄""]",include,first_pass
G1-康軒-109上-期中1-P04_R02_寶山國小_彰化縣_1年級_數學_109上_期中1_康軒::ql-q06b,"[""G1-康軒-109上-期中1-P04_R02_寶山國小_彰化縣_1年級_數學_109上_期中1_康軒-q001"", ""G1-康軒-109上-期中1-P04_R02_寶山國小_彰化縣_1年級_數學_109上_期中1_康軒-q002"", ""G1-康軒-109上-期中1-P04_R02_寶山國小_彰化縣_1年級_數學_109上_期中1_康軒-q003"", ""G1-康軒-109上-期中1-P04_R02_寶山國小_彰化縣_1年級_數學_109上_期中1_康軒-q004"", ""G1-康軒-109上-期中1-P04_R02_寶山國小_彰化縣_1年級_數學_109上_期中1_康軒-q005"", ""G1-康軒-109上-期中1-P04_R02_寶山國小_彰化縣_1年級_數學_109上_期中1_康軒-q006""]",G1-康軒-109上-期中1-P04_R02_寶山國小_彰化縣_1年級_數學_109上_期中1_康軒,question_item,verified,source_materials/tcool_math_g1_g4_康軒_翰林/grade-1/康軒/questions/P04_R02_寶山國小_彰化縣_1年級_數學_109上_期中1_康軒_題目卷.pdf,1,"[0, 0, 3307, 4677]",source_materials/tcool_math_g1_g4_康軒_翰林/_analysis/pilot/pages/G1-_-109_-_1-P04_R02_____1____109___1__/page-1.jpg,二-3-2,比較薄的打勾：兩疊漢堡，一疊層數多(厚)、一疊層數少(薄)。,[],source_materials/tcool_math_g1_g4_康軒_翰林/grade-1/康軒/answers/P04_R02_寶山國小_彰化縣_1年級_數學_109上_期中1_康軒_答案卷.pdf,1,原圖第2疊漢堡堆疊層數明顯較少，與答案卷勾選第2疊一致。,第2疊（層數較少、較薄）,verified,visual_manual_required,康軒,G1,109,上,期中1,,,,康軒 G1 上 第2章 比長短,"[""S-1-1""]",[],"[""G1-02-04""]","[""G1-02-04""]",direct,high,"[""同 q06a：漢堡堆疊厚薄比較""]",include,first_pass
G1-康軒-109上-期中1-P04_R02_寶山國小_彰化縣_1年級_數學_109上_期中1_康軒::ql-q07,"[""G1-康軒-109上-期中1-P04_R02_寶山國小_彰化縣_1年級_數學_109上_期中1_康軒-q001"", ""G1-康軒-109上-期中1-P04_R02_寶山國小_彰化縣_1年級_數學_109上_期中1_康軒-q002"", ""G1-康軒-109上-期中1-P04_R02_寶山國小_彰化縣_1年級_數學_109上_期中1_康軒-q003"", ""G1-康軒-109上-期中1-P04_R02_寶山國小_彰化縣_1年級_數學_109上_期中1_康軒-q004"", ""G1-康軒-109上-期中1-P04_R02_寶山國小_彰化縣_1年級_數學_109上_期中1_康軒-q005"", ""G1-康軒-109上-期中1-P04_R02_寶山國小_彰化縣_1年級_數學_109上_期中1_康軒-q006""]",G1-康軒-109上-期中1-P04_R02_寶山國小_彰化縣_1年級_數學_109上_期中1_康軒,question_item,verified,source_materials/tcool_math_g1_g4_康軒_翰林/grade-1/康軒/questions/P04_R02_寶山國小_彰化縣_1年級_數學_109上_期中1_康軒_題目卷.pdf,1,"[0, 0, 3307, 4677]",source_materials/tcool_math_g1_g4_康軒_翰林/_analysis/pilot/pages/G1-_-109_-_1-P04_R02_____1____109___1__/page-1.jpg,三-1,數字合成分解圖：10 分解為 5 和 ( )。,[],source_materials/tcool_math_g1_g4_康軒_翰林/grade-1/康軒/answers/P04_R02_寶山國小_彰化縣_1年級_數學_109上_期中1_康軒_答案卷.pdf,1,10-5=5。與答案卷方框填入5一致。,5,verified,independent_calculation,康軒,G1,109,上,期中1,,,,康軒 G1 上 第4章 分與合,"[""N-1-2"", ""N-1-3""]",[],"[""G1-04-03""]","[""G1-04-03""]",direct,high,"[""10=5+5 數字分解，對應 G1-04-03「6至10各數的分與合」""]",include,first_pass
G1-康軒-109上-期中1-P04_R02_寶山國小_彰化縣_1年級_數學_109上_期中1_康軒::ql-q08,"[""G1-康軒-109上-期中1-P04_R02_寶山國小_彰化縣_1年級_數學_109上_期中1_康軒-q001"", ""G1-康軒-109上-期中1-P04_R02_寶山國小_彰化縣_1年級_數學_109上_期中1_康軒-q002"", ""G1-康軒-109上-期中1-P04_R02_寶山國小_彰化縣_1年級_數學_109上_期中1_康軒-q003"", ""G1-康軒-109上-期中1-P04_R02_寶山國小_彰化縣_1年級_數學_109上_期中1_康軒-q004"", ""G1-康軒-109上-期中1-P04_R02_寶山國小_彰化縣_1年級_數學_109上_期中1_康軒-q005"", ""G1-康軒-109上-期中1-P04_R02_寶山國小_彰化縣_1年級_數學_109上_期中1_康軒-q006""]",G1-康軒-109上-期中1-P04_R02_寶山國小_彰化縣_1年級_數學_109上_期中1_康軒,question_item,verified,source_materials/tcool_math_g1_g4_康軒_翰林/grade-1/康軒/questions/P04_R02_寶山國小_彰化縣_1年級_數學_109上_期中1_康軒_題目卷.pdf,1,"[0, 0, 3307, 4677]",source_materials/tcool_math_g1_g4_康軒_翰林/_analysis/pilot/pages/G1-_-109_-_1-P04_R02_____1____109___1__/page-1.jpg,三-2,數字合成分解圖：7 分解為 ( ) 和 4。,[],source_materials/tcool_math_g1_g4_康軒_翰林/grade-1/康軒/answers/P04_R02_寶山國小_彰化縣_1年級_數學_109上_期中1_康軒_答案卷.pdf,1,7-4=3。與答案卷方框填入3一致。,3,verified,independent_calculation,康軒,G1,109,上,期中1,,,,康軒 G1 上 第4章 分與合,"[""N-1-2"", ""N-1-3""]",[],"[""G1-04-03""]","[""G1-04-03""]",direct,high,"[""7=3+4 數字分解，對應 G1-04-03""]",include,first_pass
G1-康軒-109上-期中1-P04_R02_寶山國小_彰化縣_1年級_數學_109上_期中1_康軒::ql-q09,"[""G1-康軒-109上-期中1-P04_R02_寶山國小_彰化縣_1年級_數學_109上_期中1_康軒-q007"", ""G1-康軒-109上-期中1-P04_R02_寶山國小_彰化縣_1年級_數學_109上_期中1_康軒-q008"", ""G1-康軒-109上-期中1-P04_R02_寶山國小_彰化縣_1年級_數學_109上_期中1_康軒-q009"", ""G1-康軒-109上-期中1-P04_R02_寶山國小_彰化縣_1年級_數學_109上_期中1_康軒-q010"", ""G1-康軒-109上-期中1-P04_R02_寶山國小_彰化縣_1年級_數學_109上_期中1_康軒-q011"", ""G1-康軒-109上-期中1-P04_R02_寶山國小_彰化縣_1年級_數學_109上_期中1_康軒-q012"", ""G1-康軒-109上-期中1-P04_R02_寶山國小_彰化縣_1年級_數學_109上_期中1_康軒-q013"", ""G1-康軒-109上-期中1-P04_R02_寶山國小_彰化縣_1年級_數學_109上_期中1_康軒-q014"", ""G1-康軒-109上-期中1-P04_R02_寶山國小_彰化縣_1年級_數學_109上_期中1_康軒-q015"", ""G1-康軒-109上-期中1-P04_R02_寶山國小_彰化縣_1年級_數學_109上_期中1_康軒-q016"", ""G1-康軒-109上-期中1-P04_R02_寶山國小_彰化縣_1年級_數學_109上_期中1_康軒-q017"", ""G1-康軒-109上-期中1-P04_R02_寶山國小_彰化縣_1年級_數學_109上_期中1_康軒-q018"", ""G1-康軒-109上-期中1-P04_R02_寶山國小_彰化縣_1年級_數學_109上_期中1_康軒-q019"", ""G1-康軒-109上-期中1-P04_R02_寶山國小_彰化縣_1年級_數學_109上_期中1_康軒-q020"", ""G1-康軒-109上-期中1-P04_R02_寶山國小_彰化縣_1年級_數學_109上_期中1_康軒-q021""]",G1-康軒-109上-期中1-P04_R02_寶山國小_彰化縣_1年級_數學_109上_期中1_康軒,question_item,verified,source_materials/tcool_math_g1_g4_康軒_翰林/grade-1/康軒/questions/P04_R02_寶山國小_彰化縣_1年級_數學_109上_期中1_康軒_題目卷.pdf,2,"[0, 0, 3307, 4677]",source_materials/tcool_math_g1_g4_康軒_翰林/_analysis/pilot/pages/G1-_-109_-_1-P04_R02_____1____109___1__/page-2.jpg,三-3,28-( )-26-( )-24-23（等差數列填空）,[],source_materials/tcool_math_g1_g4_康軒_翰林/grade-1/康軒/answers/P04_R02_寶山國小_彰化縣_1年級_數學_109上_期中1_康軒_答案卷.pdf,2,"等差-1：28,27,26,25,24,23。與答案卷「27、25」一致。",27、25,verified,independent_calculation,康軒,G1,109,上,期中1,,,,康軒 G1 上 第6章 30 以內的數,"[""N-1-1""]",[],"[""G1-08-05""]","[""G1-08-05""]",direct,high,"[""official N-1-1 一百以內的數"", ""publisher ('康軒', 'G1', '上', 6)"", ""28→23 倒數-1數列，對應 G1-08-05「運用倒數，求更小的數字」""]",include,first_pass
G1-康軒-109上-期中1-P04_R02_寶山國小_彰化縣_1年級_數學_109上_期中1_康軒::ql-q10,"[""G1-康軒-109上-期中1-P04_R02_寶山國小_彰化縣_1年級_數學_109上_期中1_康軒-q007"", ""G1-康軒-109上-期中1-P04_R02_寶山國小_彰化縣_1年級_數學_109上_期中1_康軒-q008"", ""G1-康軒-109上-期中1-P04_R02_寶山國小_彰化縣_1年級_數學_109上_期中1_康軒-q009"", ""G1-康軒-109上-期中1-P04_R02_寶山國小_彰化縣_1年級_數學_109上_期中1_康軒-q010"", ""G1-康軒-109上-期中1-P04_R02_寶山國小_彰化縣_1年級_數學_109上_期中1_康軒-q011"", ""G1-康軒-109上-期中1-P04_R02_寶山國小_彰化縣_1年級_數學_109上_期中1_康軒-q012"", ""G1-康軒-109上-期中1-P04_R02_寶山國小_彰化縣_1年級_數學_109上_期中1_康軒-q013"", ""G1-康軒-109上-期中1-P04_R02_寶山國小_彰化縣_1年級_數學_109上_期中1_康軒-q014"", ""G1-康軒-109上-期中1-P04_R02_寶山國小_彰化縣_1年級_數學_109上_期中1_康軒-q015"", ""G1-康軒-109上-期中1-P04_R02_寶山國小_彰化縣_1年級_數學_109上_期中1_康軒-q016"", ""G1-康軒-109上-期中1-P04_R02_寶山國小_彰化縣_1年級_數學_109上_期中1_康軒-q017"", ""G1-康軒-109上-期中1-P04_R02_寶山國小_彰化縣_1年級_數學_109上_期中1_康軒-q018"", ""G1-康軒-109上-期中1-P04_R02_寶山國小_彰化縣_1年級_數學_109上_期中1_康軒-q019"", ""G1-康軒-109上-期中1-P04_R02_寶山國小_彰化縣_1年級_數學_109上_期中1_康軒-q020"", ""G1-康軒-109上-期中1-P04_R02_寶山國小_彰化縣_1年級_數學_109上_期中1_康軒-q021""]",G1-康軒-109上-期中1-P04_R02_寶山國小_彰化縣_1年級_數學_109上_期中1_康軒,question_item,verified,source_materials/tcool_math_g1_g4_康軒_翰林/grade-1/康軒/questions/P04_R02_寶山國小_彰化縣_1年級_數學_109上_期中1_康軒_題目卷.pdf,2,"[0, 0, 3307, 4677]",source_materials/tcool_math_g1_g4_康軒_翰林/_analysis/pilot/pages/G1-_-109_-_1-P04_R02_____1____109___1__/page-2.jpg,三-4,9-( )-( )-12-13-14（等差數列填空）,[],source_materials/tcool_math_g1_g4_康軒_翰林/grade-1/康軒/answers/P04_R02_寶山國小_彰化縣_1年級_數學_109上_期中1_康軒_答案卷.pdf,2,"等差+1：9,10,11,12,13,14。與答案卷「10、11」一致。",10、11,verified,independent_calculation,康軒,G1,109,上,期中1,,,,康軒 G1 上 第6章 30 以內的數,"[""N-1-1""]",[],"[""G1-08-04""]","[""G1-08-04""]",direct,high,"[""9→14 順數+1數列，對應 G1-08-04「運用順數，求更大的數字」""]",include,first_pass
G1-康軒-109上-期中1-P04_R02_寶山國小_彰化縣_1年級_數學_109上_期中1_康軒::ql-q11,"[""G1-康軒-109上-期中1-P04_R02_寶山國小_彰化縣_1年級_數學_109上_期中1_康軒-q007"", ""G1-康軒-109上-期中1-P04_R02_寶山國小_彰化縣_1年級_數學_109上_期中1_康軒-q008"", ""G1-康軒-109上-期中1-P04_R02_寶山國小_彰化縣_1年級_數學_109上_期中1_康軒-q009"", ""G1-康軒-109上-期中1-P04_R02_寶山國小_彰化縣_1年級_數學_109上_期中1_康軒-q010"", ""G1-康軒-109上-期中1-P04_R02_寶山國小_彰化縣_1年級_數學_109上_期中1_康軒-q011"", ""G1-康軒-109上-期中1-P04_R02_寶山國小_彰化縣_1年級_數學_109上_期中1_康軒-q012"", ""G1-康軒-109上-期中1-P04_R02_寶山國小_彰化縣_1年級_數學_109上_期中1_康軒-q013"", ""G1-康軒-109上-期中1-P04_R02_寶山國小_彰化縣_1年級_數學_109上_期中1_康軒-q014"", ""G1-康軒-109上-期中1-P04_R02_寶山國小_彰化縣_1年級_數學_109上_期中1_康軒-q015"", ""G1-康軒-109上-期中1-P04_R02_寶山國小_彰化縣_1年級_數學_109上_期中1_康軒-q016"", ""G1-康軒-109上-期中1-P04_R02_寶山國小_彰化縣_1年級_數學_109上_期中1_康軒-q017"", ""G1-康軒-109上-期中1-P04_R02_寶山國小_彰化縣_1年級_數學_109上_期中1_康軒-q018"", ""G1-康軒-109上-期中1-P04_R02_寶山國小_彰化縣_1年級_數學_109上_期中1_康軒-q019"", ""G1-康軒-109上-期中1-P04_R02_寶山國小_彰化縣_1年級_數學_109上_期中1_康軒-q020"", ""G1-康軒-109上-期中1-P04_R02_寶山國小_彰化縣_1年級_數學_109上_期中1_康軒-q021""]",G1-康軒-109上-期中1-P04_R02_寶山國小_彰化縣_1年級_數學_109上_期中1_康軒,question_item,verified,source_materials/tcool_math_g1_g4_康軒_翰林/grade-1/康軒/questions/P04_R02_寶山國小_彰化縣_1年級_數學_109上_期中1_康軒_題目卷.pdf,2,"[0, 0, 3307, 4677]",source_materials/tcool_math_g1_g4_康軒_翰林/_analysis/pilot/pages/G1-_-109_-_1-P04_R02_____1____109___1__/page-2.jpg,三-5-(1),（昆蟲/動物排成一路徑，蜻蜓標「第18個」，沿路徑依序：蜻蜓18、蝴蝶19、蜜蜂20、鳥21、青蛙22、魚形怪物23，轉接下排：鴨24、鼠25、狗26、貓27、猴28、河馬29）蝴蝶是第( )個，牠的後面有( )個。,[],source_materials/tcool_math_g1_g4_康軒_翰林/grade-1/康軒/answers/P04_R02_寶山國小_彰化縣_1年級_數學_109上_期中1_康軒_答案卷.pdf,2,沿路徑重新計數：蝴蝶為第19個（緊接蜻蜓18之後）；全部共12隻(18~29)，19之後為20~29共10隻。與答案卷「(19)(10)」一致。,第19個，後面有10個,verified,visual_manual_required,康軒,G1,109,上,期中1,,,,康軒 G1 上 第3章 排順序、比多少,"[""N-1-1""]",[],"[""G1-03-02""]","[""G1-03-02""]",direct,high,"[""蝴蝶排第幾個/後面幾個，對應 G1-03-02「次序和數量」""]",include,first_pass
G1-康軒-109上-期中1-P04_R02_寶山國小_彰化縣_1年級_數學_109上_期中1_康軒::ql-q12,"[""G1-康軒-109上-期中1-P04_R02_寶山國小_彰化縣_1年級_數學_109上_期中1_康軒-q007"", ""G1-康軒-109上-期中1-P04_R02_寶山國小_彰化縣_1年級_數學_109上_期中1_康軒-q008"", ""G1-康軒-109上-期中1-P04_R02_寶山國小_彰化縣_1年級_數學_109上_期中1_康軒-q009"", ""G1-康軒-109上-期中1-P04_R02_寶山國小_彰化縣_1年級_數學_109上_期中1_康軒-q010"", ""G1-康軒-109上-期中1-P04_R02_寶山國小_彰化縣_1年級_數學_109上_期中1_康軒-q011"", ""G1-康軒-109上-期中1-P04_R02_寶山國小_彰化縣_1年級_數學_109上_期中1_康軒-q012"", ""G1-康軒-109上-期中1-P04_R02_寶山國小_彰化縣_1年級_數學_109上_期中1_康軒-q013"", ""G1-康軒-109上-期中1-P04_R02_寶山國小_彰化縣_1年級_數學_109上_期中1_康軒-q014"", ""G1-康軒-109上-期中1-P04_R02_寶山國小_彰化縣_1年級_數學_109上_期中1_康軒-q015"", ""G1-康軒-109上-期中1-P04_R02_寶山國小_彰化縣_1年級_數學_109上_期中1_康軒-q016"", ""G1-康軒-109上-期中1-P04_R02_寶山國小_彰化縣_1年級_數學_109上_期中1_康軒-q017"", ""G1-康軒-109上-期中1-P04_R02_寶山國小_彰化縣_1年級_數學_109上_期中1_康軒-q018"", ""G1-康軒-109上-期中1-P04_R02_寶山國小_彰化縣_1年級_數學_109上_期中1_康軒-q019"", ""G1-康軒-109上-期中1-P04_R02_寶山國小_彰化縣_1年級_數學_109上_期中1_康軒-q020"", ""G1-康軒-109上-期中1-P04_R02_寶山國小_彰化縣_1年級_數學_109上_期中1_康軒-q021""]",G1-康軒-109上-期中1-P04_R02_寶山國小_彰化縣_1年級_數學_109上_期中1_康軒,question_item,verified,source_materials/tcool_math_g1_g4_康軒_翰林/grade-1/康軒/questions/P04_R02_寶山國小_彰化縣_1年級_數學_109上_期中1_康軒_題目卷.pdf,2,"[0, 0, 3307, 4677]",source_materials/tcool_math_g1_g4_康軒_翰林/_analysis/pilot/pages/G1-_-109_-_1-P04_R02_____1____109___1__/page-2.jpg,三-5-(2),狗是第( )個，牠的前面有( )個。,[],source_materials/tcool_math_g1_g4_康軒_翰林/grade-1/康軒/answers/P04_R02_寶山國小_彰化縣_1年級_數學_109上_期中1_康軒_答案卷.pdf,2,沿路徑重新計數：狗為第26個；其前面為18~25共8隻。與答案卷「(26)(8)」一致。,第26個，前面有8個,verified,visual_manual_required,康軒,G1,109,上,期中1,,,,康軒 G1 上 第3章 排順序、比多少,"[""N-1-1""]",[],"[""G1-03-02""]","[""G1-03-02""]",direct,high,"[""狗排第幾個/前面幾個，對應 G1-03-02""]",include,first_pass
G1-康軒-109上-期中1-P04_R02_寶山國小_彰化縣_1年級_數學_109上_期中1_康軒::ql-q13,"[""G1-康軒-109上-期中1-P04_R02_寶山國小_彰化縣_1年級_數學_109上_期中1_康軒-q007"", ""G1-康軒-109上-期中1-P04_R02_寶山國小_彰化縣_1年級_數學_109上_期中1_康軒-q008"", ""G1-康軒-109上-期中1-P04_R02_寶山國小_彰化縣_1年級_數學_109上_期中1_康軒-q009"", ""G1-康軒-109上-期中1-P04_R02_寶山國小_彰化縣_1年級_數學_109上_期中1_康軒-q010"", ""G1-康軒-109上-期中1-P04_R02_寶山國小_彰化縣_1年級_數學_109上_期中1_康軒-q011"", ""G1-康軒-109上-期中1-P04_R02_寶山國小_彰化縣_1年級_數學_109上_期中1_康軒-q012"", ""G1-康軒-109上-期中1-P04_R02_寶山國小_彰化縣_1年級_數學_109上_期中1_康軒-q013"", ""G1-康軒-109上-期中1-P04_R02_寶山國小_彰化縣_1年級_數學_109上_期中1_康軒-q014"", ""G1-康軒-109上-期中1-P04_R02_寶山國小_彰化縣_1年級_數學_109上_期中1_康軒-q015"", ""G1-康軒-109上-期中1-P04_R02_寶山國小_彰化縣_1年級_數學_109上_期中1_康軒-q016"", ""G1-康軒-109上-期中1-P04_R02_寶山國小_彰化縣_1年級_數學_109上_期中1_康軒-q017"", ""G1-康軒-109上-期中1-P04_R02_寶山國小_彰化縣_1年級_數學_109上_期中1_康軒-q018"", ""G1-康軒-109上-期中1-P04_R02_寶山國小_彰化縣_1年級_數學_109上_期中1_康軒-q019"", ""G1-康軒-109上-期中1-P04_R02_寶山國小_彰化縣_1年級_數學_109上_期中1_康軒-q020"", ""G1-康軒-109上-期中1-P04_R02_寶山國小_彰化縣_1年級_數學_109上_期中1_康軒-q021""]",G1-康軒-109上-期中1-P04_R02_寶山國小_彰化縣_1年級_數學_109上_期中1_康軒,question_item,verified,source_materials/tcool_math_g1_g4_康軒_翰林/grade-1/康軒/questions/P04_R02_寶山國小_彰化縣_1年級_數學_109上_期中1_康軒_題目卷.pdf,2,"[0, 0, 3307, 4677]",source_materials/tcool_math_g1_g4_康軒_翰林/_analysis/pilot/pages/G1-_-109_-_1-P04_R02_____1____109___1__/page-2.jpg,三-5-(3),青蛙是第( )個，牠的前面一個是第( )個，後面一個是第( )個。,[],source_materials/tcool_math_g1_g4_康軒_翰林/grade-1/康軒/answers/P04_R02_寶山國小_彰化縣_1年級_數學_109上_期中1_康軒_答案卷.pdf,2,沿路徑重新計數：青蛙為第22個，前一個為鳥(21)，後一個為魚形怪物(23)。與答案卷「(22)(21)(23)」一致。,第22個，前面一個第21個，後面一個第23個,verified,visual_manual_required,康軒,G1,109,上,期中1,,,,康軒 G1 上 第3章 排順序、比多少,"[""N-1-1""]",[],"[""G1-03-03""]","[""G1-03-03""]",direct,high,"[""青蛙前後鄰位，對應 G1-03-03「前、後和之間」""]",include,first_pass
G1-康軒-109上-期中1-P04_R02_寶山國小_彰化縣_1年級_數學_109上_期中1_康軒::ql-q14,"[""G1-康軒-109上-期中1-P04_R02_寶山國小_彰化縣_1年級_數學_109上_期中1_康軒-q007"", ""G1-康軒-109上-期中1-P04_R02_寶山國小_彰化縣_1年級_數學_109上_期中1_康軒-q008"", ""G1-康軒-109上-期中1-P04_R02_寶山國小_彰化縣_1年級_數學_109上_期中1_康軒-q009"", ""G1-康軒-109上-期中1-P04_R02_寶山國小_彰化縣_1年級_數學_109上_期中1_康軒-q010"", ""G1-康軒-109上-期中1-P04_R02_寶山國小_彰化縣_1年級_數學_109上_期中1_康軒-q011"", ""G1-康軒-109上-期中1-P04_R02_寶山國小_彰化縣_1年級_數學_109上_期中1_康軒-q012"", ""G1-康軒-109上-期中1-P04_R02_寶山國小_彰化縣_1年級_數學_109上_期中1_康軒-q013"", ""G1-康軒-109上-期中1-P04_R02_寶山國小_彰化縣_1年級_數學_109上_期中1_康軒-q014"", ""G1-康軒-109上-期中1-P04_R02_寶山國小_彰化縣_1年級_數學_109上_期中1_康軒-q015"", ""G1-康軒-109上-期中1-P04_R02_寶山國小_彰化縣_1年級_數學_109上_期中1_康軒-q016"", ""G1-康軒-109上-期中1-P04_R02_寶山國小_彰化縣_1年級_數學_109上_期中1_康軒-q017"", ""G1-康軒-109上-期中1-P04_R02_寶山國小_彰化縣_1年級_數學_109上_期中1_康軒-q018"", ""G1-康軒-109上-期中1-P04_R02_寶山國小_彰化縣_1年級_數學_109上_期中1_康軒-q019"", ""G1-康軒-109上-期中1-P04_R02_寶山國小_彰化縣_1年級_數學_109上_期中1_康軒-q020"", ""G1-康軒-109上-期中1-P04_R02_寶山國小_彰化縣_1年級_數學_109上_期中1_康軒-q021""]",G1-康軒-109上-期中1-P04_R02_寶山國小_彰化縣_1年級_數學_109上_期中1_康軒,question_item,verified,source_materials/tcool_math_g1_g4_康軒_翰林/grade-1/康軒/questions/P04_R02_寶山國小_彰化縣_1年級_數學_109上_期中1_康軒_題目卷.pdf,2,"[0, 0, 3307, 4677]",source_materials/tcool_math_g1_g4_康軒_翰林/_analysis/pilot/pages/G1-_-109_-_1-P04_R02_____1____109___1__/page-2.jpg,三-6-(1),數數看（機器娃娃圖形：頭為大圓+2小圓眼睛、嘴為長方形、身體為三角形、左右手與耳飾為菱形共4個、左右腳為長方形共2個）有( )個正方形。,[],source_materials/tcool_math_g1_g4_康軒_翰林/grade-1/康軒/answers/P04_R02_寶山國小_彰化縣_1年級_數學_109上_期中1_康軒_答案卷.pdf,2,菱形即旋轉45度之正方形，圖中恰有2個（雙耳飾）。與答案卷「(2)」一致（已逐一重新計數圖形）。,2,verified,independent_calculation,康軒,G1,109,上,期中1,,,,康軒 G1 上 第5章 方盒、圓罐、球,"[""S-1-2""]",[],"[""G1-05-05""]",[],partial,medium,"[""official S-1-2 形體的操作"", ""publisher ('康軒', 'G1', '上', 5)"", ""skill G1-05-05「從複合圖形中辨別平面圖形」語意相近，惟本題正方形/長方形/三角形/圓形計數涵蓋平面圖形範疇，康軒G1上並無獨立平面圖形辨識章節，列partial""]",uncertain_review,first_pass
G1-康軒-109上-期中1-P04_R02_寶山國小_彰化縣_1年級_數學_109上_期中1_康軒::ql-q15,"[""G1-康軒-109上-期中1-P04_R02_寶山國小_彰化縣_1年級_數學_109上_期中1_康軒-q007"", ""G1-康軒-109上-期中1-P04_R02_寶山國小_彰化縣_1年級_數學_109上_期中1_康軒-q008"", ""G1-康軒-109上-期中1-P04_R02_寶山國小_彰化縣_1年級_數學_109上_期中1_康軒-q009"", ""G1-康軒-109上-期中1-P04_R02_寶山國小_彰化縣_1年級_數學_109上_期中1_康軒-q010"", ""G1-康軒-109上-期中1-P04_R02_寶山國小_彰化縣_1年級_數學_109上_期中1_康軒-q011"", ""G1-康軒-109上-期中1-P04_R02_寶山國小_彰化縣_1年級_數學_109上_期中1_康軒-q012"", ""G1-康軒-109上-期中1-P04_R02_寶山國小_彰化縣_1年級_數學_109上_期中1_康軒-q013"", ""G1-康軒-109上-期中1-P04_R02_寶山國小_彰化縣_1年級_數學_109上_期中1_康軒-q014"", ""G1-康軒-109上-期中1-P04_R02_寶山國小_彰化縣_1年級_數學_109上_期中1_康軒-q015"", ""G1-康軒-109上-期中1-P04_R02_寶山國小_彰化縣_1年級_數學_109上_期中1_康軒-q016"", ""G1-康軒-109上-期中1-P04_R02_寶山國小_彰化縣_1年級_數學_109上_期中1_康軒-q017"", ""G1-康軒-109上-期中1-P04_R02_寶山國小_彰化縣_1年級_數學_109上_期中1_康軒-q018"", ""G1-康軒-109上-期中1-P04_R02_寶山國小_彰化縣_1年級_數學_109上_期中1_康軒-q019"", ""G1-康軒-109上-期中1-P04_R02_寶山國小_彰化縣_1年級_數學_109上_期中1_康軒-q020"", ""G1-康軒-109上-期中1-P04_R02_寶山國小_彰化縣_1年級_數學_109上_期中1_康軒-q021""]",G1-康軒-109上-期中1-P04_R02_寶山國小_彰化縣_1年級_數學_109上_期中1_康軒,question_item,verified,source_materials/tcool_math_g1_g4_康軒_翰林/grade-1/康軒/questions/P04_R02_寶山國小_彰化縣_1年級_數學_109上_期中1_康軒_題目卷.pdf,2,"[0, 0, 3307, 4677]",source_materials/tcool_math_g1_g4_康軒_翰林/_analysis/pilot/pages/G1-_-109_-_1-P04_R02_____1____109___1__/page-2.jpg,三-6-(2),有( )個長方形。,[],source_materials/tcool_math_g1_g4_康軒_翰林/grade-1/康軒/answers/P04_R02_寶山國小_彰化縣_1年級_數學_109上_期中1_康軒_答案卷.pdf,2,長方形計數：嘴巴1個＋左右手臂2個＋左右腳2個＝5個。與答案卷「(5)」一致。,5,verified,independent_calculation,康軒,G1,109,上,期中1,,,,康軒 G1 上 第5章 方盒、圓罐、球,"[""S-1-2""]",[],"[""G1-05-05""]",[],partial,medium,"[""同 q14：長方形計數""]",uncertain_review,first_pass
G1-康軒-109上-期中1-P04_R02_寶山國小_彰化縣_1年級_數學_109上_期中1_康軒::ql-q16,"[""G1-康軒-109上-期中1-P04_R02_寶山國小_彰化縣_1年級_數學_109上_期中1_康軒-q007"", ""G1-康軒-109上-期中1-P04_R02_寶山國小_彰化縣_1年級_數學_109上_期中1_康軒-q008"", ""G1-康軒-109上-期中1-P04_R02_寶山國小_彰化縣_1年級_數學_109上_期中1_康軒-q009"", ""G1-康軒-109上-期中1-P04_R02_寶山國小_彰化縣_1年級_數學_109上_期中1_康軒-q010"", ""G1-康軒-109上-期中1-P04_R02_寶山國小_彰化縣_1年級_數學_109上_期中1_康軒-q011"", ""G1-康軒-109上-期中1-P04_R02_寶山國小_彰化縣_1年級_數學_109上_期中1_康軒-q012"", ""G1-康軒-109上-期中1-P04_R02_寶山國小_彰化縣_1年級_數學_109上_期中1_康軒-q013"", ""G1-康軒-109上-期中1-P04_R02_寶山國小_彰化縣_1年級_數學_109上_期中1_康軒-q014"", ""G1-康軒-109上-期中1-P04_R02_寶山國小_彰化縣_1年級_數學_109上_期中1_康軒-q015"", ""G1-康軒-109上-期中1-P04_R02_寶山國小_彰化縣_1年級_數學_109上_期中1_康軒-q016"", ""G1-康軒-109上-期中1-P04_R02_寶山國小_彰化縣_1年級_數學_109上_期中1_康軒-q017"", ""G1-康軒-109上-期中1-P04_R02_寶山國小_彰化縣_1年級_數學_109上_期中1_康軒-q018"", ""G1-康軒-109上-期中1-P04_R02_寶山國小_彰化縣_1年級_數學_109上_期中1_康軒-q019"", ""G1-康軒-109上-期中1-P04_R02_寶山國小_彰化縣_1年級_數學_109上_期中1_康軒-q020"", ""G1-康軒-109上-期中1-P04_R02_寶山國小_彰化縣_1年級_數學_109上_期中1_康軒-q021""]",G1-康軒-109上-期中1-P04_R02_寶山國小_彰化縣_1年級_數學_109上_期中1_康軒,question_item,verified,source_materials/tcool_math_g1_g4_康軒_翰林/grade-1/康軒/questions/P04_R02_寶山國小_彰化縣_1年級_數學_109上_期中1_康軒_題目卷.pdf,2,"[0, 0, 3307, 4677]",source_materials/tcool_math_g1_g4_康軒_翰林/_analysis/pilot/pages/G1-_-109_-_1-P04_R02_____1____109___1__/page-2.jpg,三-6-(3),有( )個三角形。,[],source_materials/tcool_math_g1_g4_康軒_翰林/grade-1/康軒/answers/P04_R02_寶山國小_彰化縣_1年級_數學_109上_期中1_康軒_答案卷.pdf,2,身體僅1個三角形。與答案卷「(1)」一致。,1,verified,independent_calculation,康軒,G1,109,上,期中1,,,,康軒 G1 上 第5章 方盒、圓罐、球,"[""S-1-2""]",[],"[""G1-05-05""]",[],partial,medium,"[""同 q14：三角形計數""]",uncertain_review,first_pass
G1-康軒-109上-期中1-P04_R02_寶山國小_彰化縣_1年級_數學_109上_期中1_康軒::ql-q17,"[""G1-康軒-109上-期中1-P04_R02_寶山國小_彰化縣_1年級_數學_109上_期中1_康軒-q007"", ""G1-康軒-109上-期中1-P04_R02_寶山國小_彰化縣_1年級_數學_109上_期中1_康軒-q008"", ""G1-康軒-109上-期中1-P04_R02_寶山國小_彰化縣_1年級_數學_109上_期中1_康軒-q009"", ""G1-康軒-109上-期中1-P04_R02_寶山國小_彰化縣_1年級_數學_109上_期中1_康軒-q010"", ""G1-康軒-109上-期中1-P04_R02_寶山國小_彰化縣_1年級_數學_109上_期中1_康軒-q011"", ""G1-康軒-109上-期中1-P04_R02_寶山國小_彰化縣_1年級_數學_109上_期中1_康軒-q012"", ""G1-康軒-109上-期中1-P04_R02_寶山國小_彰化縣_1年級_數學_109上_期中1_康軒-q013"", ""G1-康軒-109上-期中1-P04_R02_寶山國小_彰化縣_1年級_數學_109上_期中1_康軒-q014"", ""G1-康軒-109上-期中1-P04_R02_寶山國小_彰化縣_1年級_數學_109上_期中1_康軒-q015"", ""G1-康軒-109上-期中1-P04_R02_寶山國小_彰化縣_1年級_數學_109上_期中1_康軒-q016"", ""G1-康軒-109上-期中1-P04_R02_寶山國小_彰化縣_1年級_數學_109上_期中1_康軒-q017"", ""G1-康軒-109上-期中1-P04_R02_寶山國小_彰化縣_1年級_數學_109上_期中1_康軒-q018"", ""G1-康軒-109上-期中1-P04_R02_寶山國小_彰化縣_1年級_數學_109上_期中1_康軒-q019"", ""G1-康軒-109上-期中1-P04_R02_寶山國小_彰化縣_1年級_數學_109上_期中1_康軒-q020"", ""G1-康軒-109上-期中1-P04_R02_寶山國小_彰化縣_1年級_數學_109上_期中1_康軒-q021""]",G1-康軒-109上-期中1-P04_R02_寶山國小_彰化縣_1年級_數學_109上_期中1_康軒,question_item,verified,source_materials/tcool_math_g1_g4_康軒_翰林/grade-1/康軒/questions/P04_R02_寶山國小_彰化縣_1年級_數學_109上_期中1_康軒_題目卷.pdf,2,"[0, 0, 3307, 4677]",source_materials/tcool_math_g1_g4_康軒_翰林/_analysis/pilot/pages/G1-_-109_-_1-P04_R02_____1____109___1__/page-2.jpg,三-6-(4),有( )個圓形。,[],source_materials/tcool_math_g1_g4_康軒_翰林/grade-1/康軒/answers/P04_R02_寶山國小_彰化縣_1年級_數學_109上_期中1_康軒_答案卷.pdf,2,頭部大圓1個＋雙眼小圓2個＝3個。與答案卷「(3)」一致。,3,verified,independent_calculation,康軒,G1,109,上,期中1,,,,康軒 G1 上 第5章 方盒、圓罐、球,"[""S-1-2""]",[],"[""G1-05-05""]",[],partial,medium,"[""同 q14：圓形計數""]",uncertain_review,first_pass
G1-康軒-109上-期中1-P04_R02_寶山國小_彰化縣_1年級_數學_109上_期中1_康軒::ql-q18,"[""G1-康軒-109上-期中1-P04_R02_寶山國小_彰化縣_1年級_數學_109上_期中1_康軒-q001"", ""G1-康軒-109上-期中1-P04_R02_寶山國小_彰化縣_1年級_數學_109上_期中1_康軒-q002"", ""G1-康軒-109上-期中1-P04_R02_寶山國小_彰化縣_1年級_數學_109上_期中1_康軒-q003"", ""G1-康軒-109上-期中1-P04_R02_寶山國小_彰化縣_1年級_數學_109上_期中1_康軒-q004"", ""G1-康軒-109上-期中1-P04_R02_寶山國小_彰化縣_1年級_數學_109上_期中1_康軒-q005"", ""G1-康軒-109上-期中1-P04_R02_寶山國小_彰化縣_1年級_數學_109上_期中1_康軒-q006""]",G1-康軒-109上-期中1-P04_R02_寶山國小_彰化縣_1年級_數學_109上_期中1_康軒,question_item,verified,source_materials/tcool_math_g1_g4_康軒_翰林/grade-1/康軒/questions/P04_R02_寶山國小_彰化縣_1年級_數學_109上_期中1_康軒_題目卷.pdf,1,"[0, 0, 3307, 4677]",source_materials/tcool_math_g1_g4_康軒_翰林/_analysis/pilot/pages/G1-_-109_-_1-P04_R02_____1____109___1__/page-1.jpg,四-1,計算題：4+2=( ),[],source_materials/tcool_math_g1_g4_康軒_翰林/grade-1/康軒/answers/P04_R02_寶山國小_彰化縣_1年級_數學_109上_期中1_康軒_答案卷.pdf,1,4+2=6。與答案卷「6」一致。,6,verified,independent_calculation,康軒,G1,109,上,期中1,,,,康軒 G1 上 第7章 10 以內的加法,"[""N-1-2"", ""N-1-3""]",[],"[""G1-06-03""]","[""G1-06-03""]",direct,high,"[""4+2=6，對應 G1-06-03「10以內的加法」""]",include,first_pass
G1-康軒-109上-期中1-P04_R02_寶山國小_彰化縣_1年級_數學_109上_期中1_康軒::ql-q19,"[""G1-康軒-109上-期中1-P04_R02_寶山國小_彰化縣_1年級_數學_109上_期中1_康軒-q007"", ""G1-康軒-109上-期中1-P04_R02_寶山國小_彰化縣_1年級_數學_109上_期中1_康軒-q008"", ""G1-康軒-109上-期中1-P04_R02_寶山國小_彰化縣_1年級_數學_109上_期中1_康軒-q009"", ""G1-康軒-109上-期中1-P04_R02_寶山國小_彰化縣_1年級_數學_109上_期中1_康軒-q010"", ""G1-康軒-109上-期中1-P04_R02_寶山國小_彰化縣_1年級_數學_109上_期中1_康軒-q011"", ""G1-康軒-109上-期中1-P04_R02_寶山國小_彰化縣_1年級_數學_109上_期中1_康軒-q012"", ""G1-康軒-109上-期中1-P04_R02_寶山國小_彰化縣_1年級_數學_109上_期中1_康軒-q013"", ""G1-康軒-109上-期中1-P04_R02_寶山國小_彰化縣_1年級_數學_109上_期中1_康軒-q014"", ""G1-康軒-109上-期中1-P04_R02_寶山國小_彰化縣_1年級_數學_109上_期中1_康軒-q015"", ""G1-康軒-109上-期中1-P04_R02_寶山國小_彰化縣_1年級_數學_109上_期中1_康軒-q016"", ""G1-康軒-109上-期中1-P04_R02_寶山國小_彰化縣_1年級_數學_109上_期中1_康軒-q017"", ""G1-康軒-109上-期中1-P04_R02_寶山國小_彰化縣_1年級_數學_109上_期中1_康軒-q018"", ""G1-康軒-109上-期中1-P04_R02_寶山國小_彰化縣_1年級_數學_109上_期中1_康軒-q019"", ""G1-康軒-109上-期中1-P04_R02_寶山國小_彰化縣_1年級_數學_109上_期中1_康軒-q020"", ""G1-康軒-109上-期中1-P04_R02_寶山國小_彰化縣_1年級_數學_109上_期中1_康軒-q021""]",G1-康軒-109上-期中1-P04_R02_寶山國小_彰化縣_1年級_數學_109上_期中1_康軒,question_item,verified,source_materials/tcool_math_g1_g4_康軒_翰林/grade-1/康軒/questions/P04_R02_寶山國小_彰化縣_1年級_數學_109上_期中1_康軒_題目卷.pdf,2,"[0, 0, 3307, 4677]",source_materials/tcool_math_g1_g4_康軒_翰林/_analysis/pilot/pages/G1-_-109_-_1-P04_R02_____1____109___1__/page-2.jpg,四-2,計算題：0+6=( ),[],source_materials/tcool_math_g1_g4_康軒_翰林/grade-1/康軒/answers/P04_R02_寶山國小_彰化縣_1年級_數學_109上_期中1_康軒_答案卷.pdf,2,0+6=6。與答案卷「6」一致。,6,verified,independent_calculation,康軒,G1,109,上,期中1,,,,康軒 G1 上 第7章 10 以內的加法,"[""N-1-2"", ""N-1-3""]",[],"[""G1-06-03""]","[""G1-06-03""]",direct,high,"[""0+6=6，對應 G1-06-03""]",include,first_pass
G1-康軒-109上-期中1-P04_R02_寶山國小_彰化縣_1年級_數學_109上_期中1_康軒::ql-q20,"[""G1-康軒-109上-期中1-P04_R02_寶山國小_彰化縣_1年級_數學_109上_期中1_康軒-q007"", ""G1-康軒-109上-期中1-P04_R02_寶山國小_彰化縣_1年級_數學_109上_期中1_康軒-q008"", ""G1-康軒-109上-期中1-P04_R02_寶山國小_彰化縣_1年級_數學_109上_期中1_康軒-q009"", ""G1-康軒-109上-期中1-P04_R02_寶山國小_彰化縣_1年級_數學_109上_期中1_康軒-q010"", ""G1-康軒-109上-期中1-P04_R02_寶山國小_彰化縣_1年級_數學_109上_期中1_康軒-q011"", ""G1-康軒-109上-期中1-P04_R02_寶山國小_彰化縣_1年級_數學_109上_期中1_康軒-q012"", ""G1-康軒-109上-期中1-P04_R02_寶山國小_彰化縣_1年級_數學_109上_期中1_康軒-q013"", ""G1-康軒-109上-期中1-P04_R02_寶山國小_彰化縣_1年級_數學_109上_期中1_康軒-q014"", ""G1-康軒-109上-期中1-P04_R02_寶山國小_彰化縣_1年級_數學_109上_期中1_康軒-q015"", ""G1-康軒-109上-期中1-P04_R02_寶山國小_彰化縣_1年級_數學_109上_期中1_康軒-q016"", ""G1-康軒-109上-期中1-P04_R02_寶山國小_彰化縣_1年級_數學_109上_期中1_康軒-q017"", ""G1-康軒-109上-期中1-P04_R02_寶山國小_彰化縣_1年級_數學_109上_期中1_康軒-q018"", ""G1-康軒-109上-期中1-P04_R02_寶山國小_彰化縣_1年級_數學_109上_期中1_康軒-q019"", ""G1-康軒-109上-期中1-P04_R02_寶山國小_彰化縣_1年級_數學_109上_期中1_康軒-q020"", ""G1-康軒-109上-期中1-P04_R02_寶山國小_彰化縣_1年級_數學_109上_期中1_康軒-q021""]",G1-康軒-109上-期中1-P04_R02_寶山國小_彰化縣_1年級_數學_109上_期中1_康軒,question_item,verified,source_materials/tcool_math_g1_g4_康軒_翰林/grade-1/康軒/questions/P04_R02_寶山國小_彰化縣_1年級_數學_109上_期中1_康軒_題目卷.pdf,2,"[0, 0, 3307, 4677]",source_materials/tcool_math_g1_g4_康軒_翰林/_analysis/pilot/pages/G1-_-109_-_1-P04_R02_____1____109___1__/page-2.jpg,四-3,計算題：9+0=( ),[],source_materials/tcool_math_g1_g4_康軒_翰林/grade-1/康軒/answers/P04_R02_寶山國小_彰化縣_1年級_數學_109上_期中1_康軒_答案卷.pdf,2,9+0=9。與答案卷「9」一致。,9,verified,independent_calculation,康軒,G1,109,上,期中1,,,,康軒 G1 上 第7章 10 以內的加法,"[""N-1-2"", ""N-1-3""]",[],"[""G1-06-03""]","[""G1-06-03""]",direct,high,"[""9+0=9，對應 G1-06-03""]",include,first_pass
G1-康軒-109上-期中1-P04_R02_寶山國小_彰化縣_1年級_數學_109上_期中1_康軒::ql-q21,"[""G1-康軒-109上-期中1-P04_R02_寶山國小_彰化縣_1年級_數學_109上_期中1_康軒-q007"", ""G1-康軒-109上-期中1-P04_R02_寶山國小_彰化縣_1年級_數學_109上_期中1_康軒-q008"", ""G1-康軒-109上-期中1-P04_R02_寶山國小_彰化縣_1年級_數學_109上_期中1_康軒-q009"", ""G1-康軒-109上-期中1-P04_R02_寶山國小_彰化縣_1年級_數學_109上_期中1_康軒-q010"", ""G1-康軒-109上-期中1-P04_R02_寶山國小_彰化縣_1年級_數學_109上_期中1_康軒-q011"", ""G1-康軒-109上-期中1-P04_R02_寶山國小_彰化縣_1年級_數學_109上_期中1_康軒-q012"", ""G1-康軒-109上-期中1-P04_R02_寶山國小_彰化縣_1年級_數學_109上_期中1_康軒-q013"", ""G1-康軒-109上-期中1-P04_R02_寶山國小_彰化縣_1年級_數學_109上_期中1_康軒-q014"", ""G1-康軒-109上-期中1-P04_R02_寶山國小_彰化縣_1年級_數學_109上_期中1_康軒-q015"", ""G1-康軒-109上-期中1-P04_R02_寶山國小_彰化縣_1年級_數學_109上_期中1_康軒-q016"", ""G1-康軒-109上-期中1-P04_R02_寶山國小_彰化縣_1年級_數學_109上_期中1_康軒-q017"", ""G1-康軒-109上-期中1-P04_R02_寶山國小_彰化縣_1年級_數學_109上_期中1_康軒-q018"", ""G1-康軒-109上-期中1-P04_R02_寶山國小_彰化縣_1年級_數學_109上_期中1_康軒-q019"", ""G1-康軒-109上-期中1-P04_R02_寶山國小_彰化縣_1年級_數學_109上_期中1_康軒-q020"", ""G1-康軒-109上-期中1-P04_R02_寶山國小_彰化縣_1年級_數學_109上_期中1_康軒-q021""]",G1-康軒-109上-期中1-P04_R02_寶山國小_彰化縣_1年級_數學_109上_期中1_康軒,question_item,verified,source_materials/tcool_math_g1_g4_康軒_翰林/grade-1/康軒/questions/P04_R02_寶山國小_彰化縣_1年級_數學_109上_期中1_康軒_題目卷.pdf,2,"[0, 0, 3307, 4677]",source_materials/tcool_math_g1_g4_康軒_翰林/_analysis/pilot/pages/G1-_-109_-_1-P04_R02_____1____109___1__/page-2.jpg,四-4,計算題：1+8=( ),[],source_materials/tcool_math_g1_g4_康軒_翰林/grade-1/康軒/answers/P04_R02_寶山國小_彰化縣_1年級_數學_109上_期中1_康軒_答案卷.pdf,2,1+8=9。與答案卷「9」一致。,9,verified,independent_calculation,康軒,G1,109,上,期中1,,,,康軒 G1 上 第7章 10 以內的加法,"[""N-1-2"", ""N-1-3""]",[],"[""G1-06-03""]","[""G1-06-03""]",direct,high,"[""1+8=9，對應 G1-06-03""]",include,first_pass
G1-康軒-109上-期中1-P04_R02_寶山國小_彰化縣_1年級_數學_109上_期中1_康軒::ql-q22,"[""G1-康軒-109上-期中1-P04_R02_寶山國小_彰化縣_1年級_數學_109上_期中1_康軒-q007"", ""G1-康軒-109上-期中1-P04_R02_寶山國小_彰化縣_1年級_數學_109上_期中1_康軒-q008"", ""G1-康軒-109上-期中1-P04_R02_寶山國小_彰化縣_1年級_數學_109上_期中1_康軒-q009"", ""G1-康軒-109上-期中1-P04_R02_寶山國小_彰化縣_1年級_數學_109上_期中1_康軒-q010"", ""G1-康軒-109上-期中1-P04_R02_寶山國小_彰化縣_1年級_數學_109上_期中1_康軒-q011"", ""G1-康軒-109上-期中1-P04_R02_寶山國小_彰化縣_1年級_數學_109上_期中1_康軒-q012"", ""G1-康軒-109上-期中1-P04_R02_寶山國小_彰化縣_1年級_數學_109上_期中1_康軒-q013"", ""G1-康軒-109上-期中1-P04_R02_寶山國小_彰化縣_1年級_數學_109上_期中1_康軒-q014"", ""G1-康軒-109上-期中1-P04_R02_寶山國小_彰化縣_1年級_數學_109上_期中1_康軒-q015"", ""G1-康軒-109上-期中1-P04_R02_寶山國小_彰化縣_1年級_數學_109上_期中1_康軒-q016"", ""G1-康軒-109上-期中1-P04_R02_寶山國小_彰化縣_1年級_數學_109上_期中1_康軒-q017"", ""G1-康軒-109上-期中1-P04_R02_寶山國小_彰化縣_1年級_數學_109上_期中1_康軒-q018"", ""G1-康軒-109上-期中1-P04_R02_寶山國小_彰化縣_1年級_數學_109上_期中1_康軒-q019"", ""G1-康軒-109上-期中1-P04_R02_寶山國小_彰化縣_1年級_數學_109上_期中1_康軒-q020"", ""G1-康軒-109上-期中1-P04_R02_寶山國小_彰化縣_1年級_數學_109上_期中1_康軒-q021""]",G1-康軒-109上-期中1-P04_R02_寶山國小_彰化縣_1年級_數學_109上_期中1_康軒,question_item,verified,source_materials/tcool_math_g1_g4_康軒_翰林/grade-1/康軒/questions/P04_R02_寶山國小_彰化縣_1年級_數學_109上_期中1_康軒_題目卷.pdf,2,"[0, 0, 3307, 4677]",source_materials/tcool_math_g1_g4_康軒_翰林/_analysis/pilot/pages/G1-_-109_-_1-P04_R02_____1____109___1__/page-2.jpg,四-5,計算題：3+5=( ),[],source_materials/tcool_math_g1_g4_康軒_翰林/grade-1/康軒/answers/P04_R02_寶山國小_彰化縣_1年級_數學_109上_期中1_康軒_答案卷.pdf,2,3+5=8。與答案卷「8」一致。,8,verified,independent_calculation,康軒,G1,109,上,期中1,,,,康軒 G1 上 第7章 10 以內的加法,"[""N-1-2"", ""N-1-3""]",[],"[""G1-06-03""]","[""G1-06-03""]",direct,high,"[""3+5=8，對應 G1-06-03""]",include,first_pass
G1-康軒-109上-期中1-P04_R02_寶山國小_彰化縣_1年級_數學_109上_期中1_康軒::ql-q23,"[""G1-康軒-109上-期中1-P04_R02_寶山國小_彰化縣_1年級_數學_109上_期中1_康軒-q007"", ""G1-康軒-109上-期中1-P04_R02_寶山國小_彰化縣_1年級_數學_109上_期中1_康軒-q008"", ""G1-康軒-109上-期中1-P04_R02_寶山國小_彰化縣_1年級_數學_109上_期中1_康軒-q009"", ""G1-康軒-109上-期中1-P04_R02_寶山國小_彰化縣_1年級_數學_109上_期中1_康軒-q010"", ""G1-康軒-109上-期中1-P04_R02_寶山國小_彰化縣_1年級_數學_109上_期中1_康軒-q011"", ""G1-康軒-109上-期中1-P04_R02_寶山國小_彰化縣_1年級_數學_109上_期中1_康軒-q012"", ""G1-康軒-109上-期中1-P04_R02_寶山國小_彰化縣_1年級_數學_109上_期中1_康軒-q013"", ""G1-康軒-109上-期中1-P04_R02_寶山國小_彰化縣_1年級_數學_109上_期中1_康軒-q014"", ""G1-康軒-109上-期中1-P04_R02_寶山國小_彰化縣_1年級_數學_109上_期中1_康軒-q015"", ""G1-康軒-109上-期中1-P04_R02_寶山國小_彰化縣_1年級_數學_109上_期中1_康軒-q016"", ""G1-康軒-109上-期中1-P04_R02_寶山國小_彰化縣_1年級_數學_109上_期中1_康軒-q017"", ""G1-康軒-109上-期中1-P04_R02_寶山國小_彰化縣_1年級_數學_109上_期中1_康軒-q018"", ""G1-康軒-109上-期中1-P04_R02_寶山國小_彰化縣_1年級_數學_109上_期中1_康軒-q019"", ""G1-康軒-109上-期中1-P04_R02_寶山國小_彰化縣_1年級_數學_109上_期中1_康軒-q020"", ""G1-康軒-109上-期中1-P04_R02_寶山國小_彰化縣_1年級_數學_109上_期中1_康軒-q021""]",G1-康軒-109上-期中1-P04_R02_寶山國小_彰化縣_1年級_數學_109上_期中1_康軒,question_item,verified,source_materials/tcool_math_g1_g4_康軒_翰林/grade-1/康軒/questions/P04_R02_寶山國小_彰化縣_1年級_數學_109上_期中1_康軒_題目卷.pdf,2,"[0, 0, 3307, 4677]",source_materials/tcool_math_g1_g4_康軒_翰林/_analysis/pilot/pages/G1-_-109_-_1-P04_R02_____1____109___1__/page-2.jpg,四-6,計算題：7+3=( ),[],source_materials/tcool_math_g1_g4_康軒_翰林/grade-1/康軒/answers/P04_R02_寶山國小_彰化縣_1年級_數學_109上_期中1_康軒_答案卷.pdf,2,7+3=10。與答案卷「10」一致。,10,verified,independent_calculation,康軒,G1,109,上,期中1,,,,康軒 G1 上 第7章 10 以內的加法,"[""N-1-2"", ""N-1-3""]",[],"[""G1-06-03""]","[""G1-06-03""]",direct,high,"[""7+3=10，對應 G1-06-03""]",include,first_pass
G1-康軒-109上-期中1-P04_R02_寶山國小_彰化縣_1年級_數學_109上_期中1_康軒::ql-q24,"[""G1-康軒-109上-期中1-P04_R02_寶山國小_彰化縣_1年級_數學_109上_期中1_康軒-q007"", ""G1-康軒-109上-期中1-P04_R02_寶山國小_彰化縣_1年級_數學_109上_期中1_康軒-q008"", ""G1-康軒-109上-期中1-P04_R02_寶山國小_彰化縣_1年級_數學_109上_期中1_康軒-q009"", ""G1-康軒-109上-期中1-P04_R02_寶山國小_彰化縣_1年級_數學_109上_期中1_康軒-q010"", ""G1-康軒-109上-期中1-P04_R02_寶山國小_彰化縣_1年級_數學_109上_期中1_康軒-q011"", ""G1-康軒-109上-期中1-P04_R02_寶山國小_彰化縣_1年級_數學_109上_期中1_康軒-q012"", ""G1-康軒-109上-期中1-P04_R02_寶山國小_彰化縣_1年級_數學_109上_期中1_康軒-q013"", ""G1-康軒-109上-期中1-P04_R02_寶山國小_彰化縣_1年級_數學_109上_期中1_康軒-q014"", ""G1-康軒-109上-期中1-P04_R02_寶山國小_彰化縣_1年級_數學_109上_期中1_康軒-q015"", ""G1-康軒-109上-期中1-P04_R02_寶山國小_彰化縣_1年級_數學_109上_期中1_康軒-q016"", ""G1-康軒-109上-期中1-P04_R02_寶山國小_彰化縣_1年級_數學_109上_期中1_康軒-q017"", ""G1-康軒-109上-期中1-P04_R02_寶山國小_彰化縣_1年級_數學_109上_期中1_康軒-q018"", ""G1-康軒-109上-期中1-P04_R02_寶山國小_彰化縣_1年級_數學_109上_期中1_康軒-q019"", ""G1-康軒-109上-期中1-P04_R02_寶山國小_彰化縣_1年級_數學_109上_期中1_康軒-q020"", ""G1-康軒-109上-期中1-P04_R02_寶山國小_彰化縣_1年級_數學_109上_期中1_康軒-q021""]",G1-康軒-109上-期中1-P04_R02_寶山國小_彰化縣_1年級_數學_109上_期中1_康軒,question_item,verified,source_materials/tcool_math_g1_g4_康軒_翰林/grade-1/康軒/questions/P04_R02_寶山國小_彰化縣_1年級_數學_109上_期中1_康軒_題目卷.pdf,2,"[0, 0, 3307, 4677]",source_materials/tcool_math_g1_g4_康軒_翰林/_analysis/pilot/pages/G1-_-109_-_1-P04_R02_____1____109___1__/page-2.jpg,五-1-(1),觀察下列物品（禮物盒、球、紙捲筒、三角錐/角），再圈圈看：哪些物品只有平平的面？,[],source_materials/tcool_math_g1_g4_康軒_翰林/grade-1/康軒/answers/P04_R02_寶山國小_彰化縣_1年級_數學_109上_期中1_康軒_答案卷.pdf,2,禮物盒(長方體)六面皆平面；標示「角」之三角錐/柱同為平面構成；球與紙捲筒皆含彎曲面故排除。與答案卷圈選一致。,禮物盒、三角錐(角),verified,visual_manual_required,康軒,G1,109,上,期中1,,,,康軒 G1 上 第5章 方盒、圓罐、球,"[""S-1-2""]",[],"[""G1-05-01""]","[""G1-05-01""]",direct,high,"[""official S-1-2"", ""publisher ('康軒', 'G1', '上', 5)"", ""skill G1-05-01「認識立體圖形」對應平面/彎曲面物品分類""]",include,first_pass
G1-康軒-109上-期中1-P04_R02_寶山國小_彰化縣_1年級_數學_109上_期中1_康軒::ql-q25,"[""G1-康軒-109上-期中1-P04_R02_寶山國小_彰化縣_1年級_數學_109上_期中1_康軒-q007"", ""G1-康軒-109上-期中1-P04_R02_寶山國小_彰化縣_1年級_數學_109上_期中1_康軒-q008"", ""G1-康軒-109上-期中1-P04_R02_寶山國小_彰化縣_1年級_數學_109上_期中1_康軒-q009"", ""G1-康軒-109上-期中1-P04_R02_寶山國小_彰化縣_1年級_數學_109上_期中1_康軒-q010"", ""G1-康軒-109上-期中1-P04_R02_寶山國小_彰化縣_1年級_數學_109上_期中1_康軒-q011"", ""G1-康軒-109上-期中1-P04_R02_寶山國小_彰化縣_1年級_數學_109上_期中1_康軒-q012"", ""G1-康軒-109上-期中1-P04_R02_寶山國小_彰化縣_1年級_數學_109上_期中1_康軒-q013"", ""G1-康軒-109上-期中1-P04_R02_寶山國小_彰化縣_1年級_數學_109上_期中1_康軒-q014"", ""G1-康軒-109上-期中1-P04_R02_寶山國小_彰化縣_1年級_數學_109上_期中1_康軒-q015"", ""G1-康軒-109上-期中1-P04_R02_寶山國小_彰化縣_1年級_數學_109上_期中1_康軒-q016"", ""G1-康軒-109上-期中1-P04_R02_寶山國小_彰化縣_1年級_數學_109上_期中1_康軒-q017"", ""G1-康軒-109上-期中1-P04_R02_寶山國小_彰化縣_1年級_數學_109上_期中1_康軒-q018"", ""G1-康軒-109上-期中1-P04_R02_寶山國小_彰化縣_1年級_數學_109上_期中1_康軒-q019"", ""G1-康軒-109上-期中1-P04_R02_寶山國小_彰化縣_1年級_數學_109上_期中1_康軒-q020"", ""G1-康軒-109上-期中1-P04_R02_寶山國小_彰化縣_1年級_數學_109上_期中1_康軒-q021""]",G1-康軒-109上-期中1-P04_R02_寶山國小_彰化縣_1年級_數學_109上_期中1_康軒,question_item,verified,source_materials/tcool_math_g1_g4_康軒_翰林/grade-1/康軒/questions/P04_R02_寶山國小_彰化縣_1年級_數學_109上_期中1_康軒_題目卷.pdf,2,"[0, 0, 3307, 4677]",source_materials/tcool_math_g1_g4_康軒_翰林/_analysis/pilot/pages/G1-_-109_-_1-P04_R02_____1____109___1__/page-2.jpg,五-1-(2),觀察下列物品，再圈圈看：哪些物品只有彎彎的面？,[],source_materials/tcool_math_g1_g4_康軒_翰林/grade-1/康軒/answers/P04_R02_寶山國小_彰化縣_1年級_數學_109上_期中1_康軒_答案卷.pdf,2,球為唯一僅由彎曲面構成之物品（紙捲筒雖含彎曲面但兩端仍為平面）。與答案卷圈選一致。,球,verified,visual_manual_required,康軒,G1,109,上,期中1,,,,康軒 G1 上 第5章 方盒、圓罐、球,"[""S-1-2""]",[],"[""G1-05-01""]","[""G1-05-01""]",direct,high,"[""同 q24：只有彎面物品""]",include,first_pass
G1-康軒-109上-期中1-P04_R02_寶山國小_彰化縣_1年級_數學_109上_期中1_康軒::ql-q26,"[""G1-康軒-109上-期中1-P04_R02_寶山國小_彰化縣_1年級_數學_109上_期中1_康軒-q007"", ""G1-康軒-109上-期中1-P04_R02_寶山國小_彰化縣_1年級_數學_109上_期中1_康軒-q008"", ""G1-康軒-109上-期中1-P04_R02_寶山國小_彰化縣_1年級_數學_109上_期中1_康軒-q009"", ""G1-康軒-109上-期中1-P04_R02_寶山國小_彰化縣_1年級_數學_109上_期中1_康軒-q010"", ""G1-康軒-109上-期中1-P04_R02_寶山國小_彰化縣_1年級_數學_109上_期中1_康軒-q011"", ""G1-康軒-109上-期中1-P04_R02_寶山國小_彰化縣_1年級_數學_109上_期中1_康軒-q012"", ""G1-康軒-109上-期中1-P04_R02_寶山國小_彰化縣_1年級_數學_109上_期中1_康軒-q013"", ""G1-康軒-109上-期中1-P04_R02_寶山國小_彰化縣_1年級_數學_109上_期中1_康軒-q014"", ""G1-康軒-109上-期中1-P04_R02_寶山國小_彰化縣_1年級_數學_109上_期中1_康軒-q015"", ""G1-康軒-109上-期中1-P04_R02_寶山國小_彰化縣_1年級_數學_109上_期中1_康軒-q016"", ""G1-康軒-109上-期中1-P04_R02_寶山國小_彰化縣_1年級_數學_109上_期中1_康軒-q017"", ""G1-康軒-109上-期中1-P04_R02_寶山國小_彰化縣_1年級_數學_109上_期中1_康軒-q018"", ""G1-康軒-109上-期中1-P04_R02_寶山國小_彰化縣_1年級_數學_109上_期中1_康軒-q019"", ""G1-康軒-109上-期中1-P04_R02_寶山國小_彰化縣_1年級_數學_109上_期中1_康軒-q020"", ""G1-康軒-109上-期中1-P04_R02_寶山國小_彰化縣_1年級_數學_109上_期中1_康軒-q021""]",G1-康軒-109上-期中1-P04_R02_寶山國小_彰化縣_1年級_數學_109上_期中1_康軒,question_item,verified,source_materials/tcool_math_g1_g4_康軒_翰林/grade-1/康軒/questions/P04_R02_寶山國小_彰化縣_1年級_數學_109上_期中1_康軒_題目卷.pdf,2,"[0, 0, 3307, 4677]",source_materials/tcool_math_g1_g4_康軒_翰林/_analysis/pilot/pages/G1-_-109_-_1-P04_R02_____1____109___1__/page-2.jpg,五-2-(1),觀察下列物品（布丁盒、球、洋芋片罐、三角柱），再圈圈看：哪個物品容易堆疊，而且容易滾動？,[],source_materials/tcool_math_g1_g4_康軒_翰林/grade-1/康軒/answers/P04_R02_寶山國小_彰化縣_1年級_數學_109上_期中1_康軒_答案卷.pdf,2,圓柱體平放可滾動、立放兩端平面可堆疊，兼具兩性質；球可滾動但不可堆疊，布丁盒（截頂圓錐）不易滾動。與答案卷圈選一致。,洋芋片罐（圓柱體）,verified,visual_manual_required,康軒,G1,109,上,期中1,,,,康軒 G1 上 第5章 方盒、圓罐、球,"[""S-1-2""]",[],"[""G1-05-01""]","[""G1-05-01""]",direct,high,"[""容易堆疊滾動判斷，對應 G1-05-01 立體圖形性質認識""]",include,first_pass
G1-康軒-109上-期中1-P04_R02_寶山國小_彰化縣_1年級_數學_109上_期中1_康軒::ql-q27,"[""G1-康軒-109上-期中1-P04_R02_寶山國小_彰化縣_1年級_數學_109上_期中1_康軒-q007"", ""G1-康軒-109上-期中1-P04_R02_寶山國小_彰化縣_1年級_數學_109上_期中1_康軒-q008"", ""G1-康軒-109上-期中1-P04_R02_寶山國小_彰化縣_1年級_數學_109上_期中1_康軒-q009"", ""G1-康軒-109上-期中1-P04_R02_寶山國小_彰化縣_1年級_數學_109上_期中1_康軒-q010"", ""G1-康軒-109上-期中1-P04_R02_寶山國小_彰化縣_1年級_數學_109上_期中1_康軒-q011"", ""G1-康軒-109上-期中1-P04_R02_寶山國小_彰化縣_1年級_數學_109上_期中1_康軒-q012"", ""G1-康軒-109上-期中1-P04_R02_寶山國小_彰化縣_1年級_數學_109上_期中1_康軒-q013"", ""G1-康軒-109上-期中1-P04_R02_寶山國小_彰化縣_1年級_數學_109上_期中1_康軒-q014"", ""G1-康軒-109上-期中1-P04_R02_寶山國小_彰化縣_1年級_數學_109上_期中1_康軒-q015"", ""G1-康軒-109上-期中1-P04_R02_寶山國小_彰化縣_1年級_數學_109上_期中1_康軒-q016"", ""G1-康軒-109上-期中1-P04_R02_寶山國小_彰化縣_1年級_數學_109上_期中1_康軒-q017"", ""G1-康軒-109上-期中1-P04_R02_寶山國小_彰化縣_1年級_數學_109上_期中1_康軒-q018"", ""G1-康軒-109上-期中1-P04_R02_寶山國小_彰化縣_1年級_數學_109上_期中1_康軒-q019"", ""G1-康軒-109上-期中1-P04_R02_寶山國小_彰化縣_1年級_數學_109上_期中1_康軒-q020"", ""G1-康軒-109上-期中1-P04_R02_寶山國小_彰化縣_1年級_數學_109上_期中1_康軒-q021""]",G1-康軒-109上-期中1-P04_R02_寶山國小_彰化縣_1年級_數學_109上_期中1_康軒,question_item,verified,source_materials/tcool_math_g1_g4_康軒_翰林/grade-1/康軒/questions/P04_R02_寶山國小_彰化縣_1年級_數學_109上_期中1_康軒_題目卷.pdf,2,"[0, 0, 3307, 4677]",source_materials/tcool_math_g1_g4_康軒_翰林/_analysis/pilot/pages/G1-_-109_-_1-P04_R02_____1____109___1__/page-2.jpg,五-2-(2),觀察下列物品：哪個物品不容易堆疊？,[],source_materials/tcool_math_g1_g4_康軒_翰林/grade-1/康軒/answers/P04_R02_寶山國小_彰化縣_1年級_數學_109上_期中1_康軒_答案卷.pdf,2,球面完全彎曲無平面可疊放，為不容易堆疊者。與答案卷圈選一致。,球,verified,visual_manual_required,康軒,G1,109,上,期中1,,,,康軒 G1 上 第5章 方盒、圓罐、球,"[""S-1-2""]",[],"[""G1-05-01""]","[""G1-05-01""]",direct,high,"[""同 q26：不容易堆疊""]",include,first_pass
G1-康軒-109上-期中1-P04_R02_寶山國小_彰化縣_1年級_數學_109上_期中1_康軒::ql-q28,"[""G1-康軒-109上-期中1-P04_R02_寶山國小_彰化縣_1年級_數學_109上_期中1_康軒-q022"", ""G1-康軒-109上-期中1-P04_R02_寶山國小_彰化縣_1年級_數學_109上_期中1_康軒-q023"", ""G1-康軒-109上-期中1-P04_R02_寶山國小_彰化縣_1年級_數學_109上_期中1_康軒-q024"", ""G1-康軒-109上-期中1-P04_R02_寶山國小_彰化縣_1年級_數學_109上_期中1_康軒-q025""]",G1-康軒-109上-期中1-P04_R02_寶山國小_彰化縣_1年級_數學_109上_期中1_康軒,question_item,verified,source_materials/tcool_math_g1_g4_康軒_翰林/grade-1/康軒/questions/P04_R02_寶山國小_彰化縣_1年級_數學_109上_期中1_康軒_題目卷.pdf,3,"[0, 0, 3307, 4677]",source_materials/tcool_math_g1_g4_康軒_翰林/_analysis/pilot/pages/G1-_-109_-_1-P04_R02_____1____109___1__/page-3.jpg,六-1,畫出一樣多的圈圈：氣球圖（三排，各排6、6、4個氣球）。,[],source_materials/tcool_math_g1_g4_康軒_翰林/grade-1/康軒/answers/P04_R02_寶山國小_彰化縣_1年級_數學_109上_期中1_康軒_答案卷.pdf,3,逐排清點氣球：6+6+4=16。與答案卷方框內繪製之16個紅圈一致（已重新清點原圖氣球數）。,16 個圈圈,verified,independent_calculation,康軒,G1,109,上,期中1,,,,康軒 G1 上 第6章 30 以內的數,"[""N-1-1""]",[],"[""G1-08-01""]",[],partial,medium,"[""official N-1-1"", ""publisher ('康軒', 'G1', '上', 6)"", ""氣球計數16個涉及20以內數數，對應G1-08-01但本題為圖像計數非標準數數練習，列partial""]",uncertain_review,first_pass
G1-康軒-109上-期中1-P04_R02_寶山國小_彰化縣_1年級_數學_109上_期中1_康軒::ql-q29,"[""G1-康軒-109上-期中1-P04_R02_寶山國小_彰化縣_1年級_數學_109上_期中1_康軒-q022"", ""G1-康軒-109上-期中1-P04_R02_寶山國小_彰化縣_1年級_數學_109上_期中1_康軒-q023"", ""G1-康軒-109上-期中1-P04_R02_寶山國小_彰化縣_1年級_數學_109上_期中1_康軒-q024"", ""G1-康軒-109上-期中1-P04_R02_寶山國小_彰化縣_1年級_數學_109上_期中1_康軒-q025""]",G1-康軒-109上-期中1-P04_R02_寶山國小_彰化縣_1年級_數學_109上_期中1_康軒,question_item,verified,source_materials/tcool_math_g1_g4_康軒_翰林/grade-1/康軒/questions/P04_R02_寶山國小_彰化縣_1年級_數學_109上_期中1_康軒_題目卷.pdf,3,"[0, 0, 3307, 4677]",source_materials/tcool_math_g1_g4_康軒_翰林/_analysis/pilot/pages/G1-_-109_-_1-P04_R02_____1____109___1__/page-3.jpg,六-2,畫出一樣多的圈圈：棒球圖（四排，各排6、6、6、5個棒球）。,[],source_materials/tcool_math_g1_g4_康軒_翰林/grade-1/康軒/answers/P04_R02_寶山國小_彰化縣_1年級_數學_109上_期中1_康軒_答案卷.pdf,3,逐排清點棒球：6+6+6+5=23。與答案卷方框內繪製之紅圈數一致（已重新清點原圖棒球數）。,23 個圈圈,verified,independent_calculation,康軒,G1,109,上,期中1,,,,康軒 G1 上 第6章 30 以內的數,"[""N-1-1""]",[],"[""G1-08-01""]",[],partial,medium,"[""同 q28：棒球計數23個""]",uncertain_review,first_pass
G1-康軒-109上-期中1-P04_R02_寶山國小_彰化縣_1年級_數學_109上_期中1_康軒::ql-q30,"[""G1-康軒-109上-期中1-P04_R02_寶山國小_彰化縣_1年級_數學_109上_期中1_康軒-q022"", ""G1-康軒-109上-期中1-P04_R02_寶山國小_彰化縣_1年級_數學_109上_期中1_康軒-q023"", ""G1-康軒-109上-期中1-P04_R02_寶山國小_彰化縣_1年級_數學_109上_期中1_康軒-q024"", ""G1-康軒-109上-期中1-P04_R02_寶山國小_彰化縣_1年級_數學_109上_期中1_康軒-q025""]",G1-康軒-109上-期中1-P04_R02_寶山國小_彰化縣_1年級_數學_109上_期中1_康軒,question_item,verified,source_materials/tcool_math_g1_g4_康軒_翰林/grade-1/康軒/questions/P04_R02_寶山國小_彰化縣_1年級_數學_109上_期中1_康軒_題目卷.pdf,3,"[0, 0, 3307, 4677]",source_materials/tcool_math_g1_g4_康軒_翰林/_analysis/pilot/pages/G1-_-109_-_1-P04_R02_____1____109___1__/page-3.jpg,七-1,小于有 5 枝彩色筆，小婕有 4 枝彩色筆，他們一共有幾枝彩色筆？,[],source_materials/tcool_math_g1_g4_康軒_翰林/grade-1/康軒/answers/P04_R02_寶山國小_彰化縣_1年級_數學_109上_期中1_康軒_答案卷.pdf,3,5+4=9。與答案卷「5+4=9 答:9枝」一致。,9 枝,verified,independent_calculation,康軒,G1,109,上,期中1,,,,康軒 G1 上 第7章 10 以內的加法,"[""N-1-2"", ""N-1-3""]",[],"[""G1-06-04""]","[""G1-06-04""]",direct,high,"[""5+4=9 應用題，對應 G1-06-04「10以內的加法應用題」""]",include,first_pass
G1-康軒-109上-期中1-P04_R02_寶山國小_彰化縣_1年級_數學_109上_期中1_康軒::ql-q31,"[""G1-康軒-109上-期中1-P04_R02_寶山國小_彰化縣_1年級_數學_109上_期中1_康軒-q022"", ""G1-康軒-109上-期中1-P04_R02_寶山國小_彰化縣_1年級_數學_109上_期中1_康軒-q023"", ""G1-康軒-109上-期中1-P04_R02_寶山國小_彰化縣_1年級_數學_109上_期中1_康軒-q024"", ""G1-康軒-109上-期中1-P04_R02_寶山國小_彰化縣_1年級_數學_109上_期中1_康軒-q025""]",G1-康軒-109上-期中1-P04_R02_寶山國小_彰化縣_1年級_數學_109上_期中1_康軒,question_item,verified,source_materials/tcool_math_g1_g4_康軒_翰林/grade-1/康軒/questions/P04_R02_寶山國小_彰化縣_1年級_數學_109上_期中1_康軒_題目卷.pdf,3,"[0, 0, 3307, 4677]",source_materials/tcool_math_g1_g4_康軒_翰林/_analysis/pilot/pages/G1-_-109_-_1-P04_R02_____1____109___1__/page-3.jpg,七-2,一年甲班原有 7 位小朋友，再走進 3 位小朋友，共有幾位小朋友？,[],source_materials/tcool_math_g1_g4_康軒_翰林/grade-1/康軒/answers/P04_R02_寶山國小_彰化縣_1年級_數學_109上_期中1_康軒_答案卷.pdf,3,7+3=10。與答案卷「7+3=10 答:10位」一致。,10 位,verified,independent_calculation,康軒,G1,109,上,期中1,,,,康軒 G1 上 第7章 10 以內的加法,"[""N-1-2"", ""N-1-3""]",[],"[""G1-06-04""]","[""G1-06-04""]",direct,high,"[""7+3=10 應用題，對應 G1-06-04""]",include,first_pass
G1-康軒-109上-期中1-P04_R02_寶山國小_彰化縣_1年級_數學_109上_期中1_康軒::ql-q32,"[""G1-康軒-109上-期中1-P04_R02_寶山國小_彰化縣_1年級_數學_109上_期中1_康軒-q022"", ""G1-康軒-109上-期中1-P04_R02_寶山國小_彰化縣_1年級_數學_109上_期中1_康軒-q023"", ""G1-康軒-109上-期中1-P04_R02_寶山國小_彰化縣_1年級_數學_109上_期中1_康軒-q024"", ""G1-康軒-109上-期中1-P04_R02_寶山國小_彰化縣_1年級_數學_109上_期中1_康軒-q025""]",G1-康軒-109上-期中1-P04_R02_寶山國小_彰化縣_1年級_數學_109上_期中1_康軒,question_item,verified,source_materials/tcool_math_g1_g4_康軒_翰林/grade-1/康軒/questions/P04_R02_寶山國小_彰化縣_1年級_數學_109上_期中1_康軒_題目卷.pdf,3,"[0, 0, 3307, 4677]",source_materials/tcool_math_g1_g4_康軒_翰林/_analysis/pilot/pages/G1-_-109_-_1-P04_R02_____1____109___1__/page-3.jpg,七-3,農場裡原有 2 隻白豬，又走進來 3 隻黑豬，共有幾隻豬？,[],source_materials/tcool_math_g1_g4_康軒_翰林/grade-1/康軒/answers/P04_R02_寶山國小_彰化縣_1年級_數學_109上_期中1_康軒_答案卷.pdf,3,2+3=5。與答案卷「2+3=5 答:5隻」一致。,5 隻,verified,independent_calculation,康軒,G1,109,上,期中1,,,,康軒 G1 上 第7章 10 以內的加法,"[""N-1-2"", ""N-1-3""]",[],"[""G1-06-04""]","[""G1-06-04""]",direct,high,"[""2+3=5 應用題，對應 G1-06-04""]",include,first_pass
G1-翰林-113下-期末2-P01_R01_安和國小_新北市_1年級_數學_113下_期末2_翰林::ql-q01,"[""G1-翰林-113下-期末2-P01_R01_安和國小_新北市_1年級_數學_113下_期末2_翰林-q001"", ""G1-翰林-113下-期末2-P01_R01_安和國小_新北市_1年級_數學_113下_期末2_翰林-q002"", ""G1-翰林-113下-期末2-P01_R01_安和國小_新北市_1年級_數學_113下_期末2_翰林-q003"", ""G1-翰林-113下-期末2-P01_R01_安和國小_新北市_1年級_數學_113下_期末2_翰林-q004"", ""G1-翰林-113下-期末2-P01_R01_安和國小_新北市_1年級_數學_113下_期末2_翰林-q005""]",G1-翰林-113下-期末2-P01_R01_安和國小_新北市_1年級_數學_113下_期末2_翰林,question_item,verified,source_materials/tcool_math_g1_g4_康軒_翰林/grade-1/翰林/questions/P01_R01_安和國小_新北市_1年級_數學_113下_期末2_翰林_題目卷.pdf,1,"[0, 0, 4047, 5732]",source_materials/tcool_math_g1_g4_康軒_翰林/_analysis/pilot/pages/G1-_-113_-_2-P01_R01_____1____113___2__/page-1.jpg,一-1-(1),小偉的生日快到了，媽媽想送給他一個40元的玩偶，當作生日禮物。如果全部用⑩元付，要付( )個⑩元。,[],source_materials/tcool_math_g1_g4_康軒_翰林/grade-1/翰林/answers/P01_R01_安和國小_新北市_1年級_數學_113下_期末2_翰林_答案卷.pdf,1,40÷10=4。與答案卷「(4)」一致。,4,verified,independent_calculation,翰林,G1,113,下,期末2,,,,翰林 G1 下 第6章 數數看有多少元,"[""N-1-4""]",[],[],[],partial,medium,"[""official N-1-4 解題(貨幣情境)"", ""publisher ('翰林', 'G1', '下', 6)"", ""翰林G1下該章matchedSkillIds為空，無正式skill條目可精確對應""]",uncertain_review,first_pass
G1-翰林-113下-期末2-P01_R01_安和國小_新北市_1年級_數學_113下_期末2_翰林::ql-q02,"[""G1-翰林-113下-期末2-P01_R01_安和國小_新北市_1年級_數學_113下_期末2_翰林-q001"", ""G1-翰林-113下-期末2-P01_R01_安和國小_新北市_1年級_數學_113下_期末2_翰林-q002"", ""G1-翰林-113下-期末2-P01_R01_安和國小_新北市_1年級_數學_113下_期末2_翰林-q003"", ""G1-翰林-113下-期末2-P01_R01_安和國小_新北市_1年級_數學_113下_期末2_翰林-q004"", ""G1-翰林-113下-期末2-P01_R01_安和國小_新北市_1年級_數學_113下_期末2_翰林-q005""]",G1-翰林-113下-期末2-P01_R01_安和國小_新北市_1年級_數學_113下_期末2_翰林,question_item,verified,source_materials/tcool_math_g1_g4_康軒_翰林/grade-1/翰林/questions/P01_R01_安和國小_新北市_1年級_數學_113下_期末2_翰林_題目卷.pdf,1,"[0, 0, 4047, 5732]",source_materials/tcool_math_g1_g4_康軒_翰林/_analysis/pilot/pages/G1-_-113_-_2-P01_R01_____1____113___2__/page-1.jpg,一-1-(2),如果全部用⑤元付，要付( )個⑤元。,[],source_materials/tcool_math_g1_g4_康軒_翰林/grade-1/翰林/answers/P01_R01_安和國小_新北市_1年級_數學_113下_期末2_翰林_答案卷.pdf,1,40÷5=8。與答案卷「(8)」一致。,8,verified,independent_calculation,翰林,G1,113,下,期末2,,,,翰林 G1 下 第6章 數數看有多少元,"[""N-1-4""]",[],[],[],partial,medium,"[""同 q01：5元硬幣個數""]",uncertain_review,first_pass
G1-翰林-113下-期末2-P01_R01_安和國小_新北市_1年級_數學_113下_期末2_翰林::ql-q03,"[""G1-翰林-113下-期末2-P01_R01_安和國小_新北市_1年級_數學_113下_期末2_翰林-q001"", ""G1-翰林-113下-期末2-P01_R01_安和國小_新北市_1年級_數學_113下_期末2_翰林-q002"", ""G1-翰林-113下-期末2-P01_R01_安和國小_新北市_1年級_數學_113下_期末2_翰林-q003"", ""G1-翰林-113下-期末2-P01_R01_安和國小_新北市_1年級_數學_113下_期末2_翰林-q004"", ""G1-翰林-113下-期末2-P01_R01_安和國小_新北市_1年級_數學_113下_期末2_翰林-q005""]",G1-翰林-113下-期末2-P01_R01_安和國小_新北市_1年級_數學_113下_期末2_翰林,question_item,verified,source_materials/tcool_math_g1_g4_康軒_翰林/grade-1/翰林/questions/P01_R01_安和國小_新北市_1年級_數學_113下_期末2_翰林_題目卷.pdf,1,"[0, 0, 4047, 5732]",source_materials/tcool_math_g1_g4_康軒_翰林/_analysis/pilot/pages/G1-_-113_-_2-P01_R01_____1____113___2__/page-1.jpg,一-1-(3),媽媽買完玩偶後，錢包裡只剩13元，如果想再買一個一模一樣的玩偶給妹妹，需再補多少元？【用⑩①畫畫看】（錢包圖示：⑩①①①＝13元，為題幹「剩13元」之圖示佐證）,[],source_materials/tcool_math_g1_g4_康軒_翰林/grade-1/翰林/answers/P01_R01_安和國小_新北市_1年級_數學_113下_期末2_翰林_答案卷.pdf,1,需再湊滿一個40元玩偶：40-13=27。答案卷此格未見另行印出獨立方框數字（錢包圖僅佐證「剩13元」之敘述），依題幹已知條件獨立算得27元，邏輯與算式皆無歧義。,27 元,verified,independent_calculation,翰林,G1,113,下,期末2,,,,翰林 G1 下 第6章 數數看有多少元,"[""N-1-4""]",[],[],[],partial,medium,"[""同 q01：補多少元""]",uncertain_review,first_pass
G1-翰林-113下-期末2-P01_R01_安和國小_新北市_1年級_數學_113下_期末2_翰林::ql-q04,"[""G1-翰林-113下-期末2-P01_R01_安和國小_新北市_1年級_數學_113下_期末2_翰林-q001"", ""G1-翰林-113下-期末2-P01_R01_安和國小_新北市_1年級_數學_113下_期末2_翰林-q002"", ""G1-翰林-113下-期末2-P01_R01_安和國小_新北市_1年級_數學_113下_期末2_翰林-q003"", ""G1-翰林-113下-期末2-P01_R01_安和國小_新北市_1年級_數學_113下_期末2_翰林-q004"", ""G1-翰林-113下-期末2-P01_R01_安和國小_新北市_1年級_數學_113下_期末2_翰林-q005""]",G1-翰林-113下-期末2-P01_R01_安和國小_新北市_1年級_數學_113下_期末2_翰林,question_item,verified,source_materials/tcool_math_g1_g4_康軒_翰林/grade-1/翰林/questions/P01_R01_安和國小_新北市_1年級_數學_113下_期末2_翰林_題目卷.pdf,1,"[0, 0, 4047, 5732]",source_materials/tcool_math_g1_g4_康軒_翰林/_analysis/pilot/pages/G1-_-113_-_2-P01_R01_____1____113___2__/page-1.jpg,一-2-(1),下面是爸爸、媽媽、弟弟、妹妹四個人的生日日期（爸爸8月2日、媽媽4月17日、弟弟2月21日、妹妹7月30日），按照一年中的先後順序在□裡填入1、2、3、4。,[],source_materials/tcool_math_g1_g4_康軒_翰林/grade-1/翰林/answers/P01_R01_安和國小_新北市_1年級_數學_113下_期末2_翰林_答案卷.pdf,1,依月日排序：2/21(弟弟)<4/17(媽媽)<7/30(妹妹)<8/2(爸爸)，故弟弟1、媽媽2、妹妹3、爸爸4。與答案卷「4/2/1/3」一致。,爸爸4、媽媽2、弟弟1、妹妹3,verified,independent_calculation,翰林,G1,113,下,期末2,,,,翰林 G1 下 第7章 幾月幾日星期幾,"[""N-1-6""]",[],"[""G1-15-01""]",[],partial,medium,"[""official N-1-6 日常時間用語"", ""publisher ('翰林', 'G1', '下', 7)"", ""生日先後排序，貼近 G1-15-01 認識星期/月曆但非逐項對應""]",uncertain_review,first_pass
G1-翰林-113下-期末2-P01_R01_安和國小_新北市_1年級_數學_113下_期末2_翰林::ql-q05,"[""G1-翰林-113下-期末2-P01_R01_安和國小_新北市_1年級_數學_113下_期末2_翰林-q001"", ""G1-翰林-113下-期末2-P01_R01_安和國小_新北市_1年級_數學_113下_期末2_翰林-q002"", ""G1-翰林-113下-期末2-P01_R01_安和國小_新北市_1年級_數學_113下_期末2_翰林-q003"", ""G1-翰林-113下-期末2-P01_R01_安和國小_新北市_1年級_數學_113下_期末2_翰林-q004"", ""G1-翰林-113下-期末2-P01_R01_安和國小_新北市_1年級_數學_113下_期末2_翰林-q005""]",G1-翰林-113下-期末2-P01_R01_安和國小_新北市_1年級_數學_113下_期末2_翰林,question_item,verified,source_materials/tcool_math_g1_g4_康軒_翰林/grade-1/翰林/questions/P01_R01_安和國小_新北市_1年級_數學_113下_期末2_翰林_題目卷.pdf,1,"[0, 0, 4047, 5732]",source_materials/tcool_math_g1_g4_康軒_翰林/_analysis/pilot/pages/G1-_-113_-_2-P01_R01_____1____113___2__/page-1.jpg,一-2-(2),今天是6月20日，接下來是( )的生日,[],source_materials/tcool_math_g1_g4_康軒_翰林/grade-1/翰林/answers/P01_R01_安和國小_新北市_1年級_數學_113下_期末2_翰林_答案卷.pdf,1,四人生日中，6/20之後最近者為7/30(妹妹)。與答案卷「妹妹」一致。,妹妹,verified,independent_calculation,翰林,G1,113,下,期末2,,,,翰林 G1 下 第7章 幾月幾日星期幾,"[""N-1-6""]",[],"[""G1-15-04""]","[""G1-15-04""]",direct,high,"[""skill G1-15-04「生活中日期的運用」對應下個生日推算""]",include,first_pass
G1-翰林-113下-期末2-P01_R01_安和國小_新北市_1年級_數學_113下_期末2_翰林::ql-q06,"[""G1-翰林-113下-期末2-P01_R01_安和國小_新北市_1年級_數學_113下_期末2_翰林-q001"", ""G1-翰林-113下-期末2-P01_R01_安和國小_新北市_1年級_數學_113下_期末2_翰林-q002"", ""G1-翰林-113下-期末2-P01_R01_安和國小_新北市_1年級_數學_113下_期末2_翰林-q003"", ""G1-翰林-113下-期末2-P01_R01_安和國小_新北市_1年級_數學_113下_期末2_翰林-q004"", ""G1-翰林-113下-期末2-P01_R01_安和國小_新北市_1年級_數學_113下_期末2_翰林-q005""]",G1-翰林-113下-期末2-P01_R01_安和國小_新北市_1年級_數學_113下_期末2_翰林,question_item,verified,source_materials/tcool_math_g1_g4_康軒_翰林/grade-1/翰林/questions/P01_R01_安和國小_新北市_1年級_數學_113下_期末2_翰林_題目卷.pdf,1,"[0, 0, 4047, 5732]",source_materials/tcool_math_g1_g4_康軒_翰林/_analysis/pilot/pages/G1-_-113_-_2-P01_R01_____1____113___2__/page-1.jpg,一-3-(1),（5月月曆：31日為端午節，31日對齊「六」欄）今天是端午節，是5月( )日星期( )；昨天是5月( )日星期( )；明天是( )月( )日星期( ),[],source_materials/tcool_math_g1_g4_康軒_翰林/grade-1/翰林/answers/P01_R01_安和國小_新北市_1年級_數學_113下_期末2_翰林_答案卷.pdf,1,月曆確認端午節=5/31=星期六；前一日5/30=星期五；次日為6月1日=星期日（5月僅31天）。與答案卷「31/六/30/五/6/1/日」一致。,31日星期六；30日星期五；6月1日星期日,verified,independent_calculation,翰林,G1,113,下,期末2,,,,翰林 G1 下 第7章 幾月幾日星期幾,"[""N-1-6""]",[],"[""G1-15-02""]","[""G1-15-02""]",direct,high,"[""月曆讀取今日/昨日/明日星期幾，對應 G1-15-02 認識月曆""]",include,first_pass
G1-翰林-113下-期末2-P01_R01_安和國小_新北市_1年級_數學_113下_期末2_翰林::ql-q07,"[""G1-翰林-113下-期末2-P01_R01_安和國小_新北市_1年級_數學_113下_期末2_翰林-q001"", ""G1-翰林-113下-期末2-P01_R01_安和國小_新北市_1年級_數學_113下_期末2_翰林-q002"", ""G1-翰林-113下-期末2-P01_R01_安和國小_新北市_1年級_數學_113下_期末2_翰林-q003"", ""G1-翰林-113下-期末2-P01_R01_安和國小_新北市_1年級_數學_113下_期末2_翰林-q004"", ""G1-翰林-113下-期末2-P01_R01_安和國小_新北市_1年級_數學_113下_期末2_翰林-q005""]",G1-翰林-113下-期末2-P01_R01_安和國小_新北市_1年級_數學_113下_期末2_翰林,question_item,verified,source_materials/tcool_math_g1_g4_康軒_翰林/grade-1/翰林/questions/P01_R01_安和國小_新北市_1年級_數學_113下_期末2_翰林_題目卷.pdf,1,"[0, 0, 4047, 5732]",source_materials/tcool_math_g1_g4_康軒_翰林/_analysis/pilot/pages/G1-_-113_-_2-P01_R01_____1____113___2__/page-1.jpg,一-3-(2),小明星期一和星期四都要上英文課，請問小明5月共上了( )天英文課。,[],source_materials/tcool_math_g1_g4_康軒_翰林/grade-1/翰林/answers/P01_R01_安和國小_新北市_1年級_數學_113下_期末2_翰林_答案卷.pdf,1,"月曆一(週一)欄：5,12,19,26共4天；四(週四)欄：1,8,15,22,29共5天；合計9天。與答案卷「(9)」一致。",9,verified,independent_calculation,翰林,G1,113,下,期末2,,,,翰林 G1 下 第7章 幾月幾日星期幾,"[""N-1-6""]",[],"[""G1-15-02""]","[""G1-15-02""]",direct,high,"[""月曆統計週一週四天數，對應 G1-15-02""]",include,first_pass
G1-翰林-113下-期末2-P01_R01_安和國小_新北市_1年級_數學_113下_期末2_翰林::ql-q08,"[""G1-翰林-113下-期末2-P01_R01_安和國小_新北市_1年級_數學_113下_期末2_翰林-q001"", ""G1-翰林-113下-期末2-P01_R01_安和國小_新北市_1年級_數學_113下_期末2_翰林-q002"", ""G1-翰林-113下-期末2-P01_R01_安和國小_新北市_1年級_數學_113下_期末2_翰林-q003"", ""G1-翰林-113下-期末2-P01_R01_安和國小_新北市_1年級_數學_113下_期末2_翰林-q004"", ""G1-翰林-113下-期末2-P01_R01_安和國小_新北市_1年級_數學_113下_期末2_翰林-q005""]",G1-翰林-113下-期末2-P01_R01_安和國小_新北市_1年級_數學_113下_期末2_翰林,question_item,verified,source_materials/tcool_math_g1_g4_康軒_翰林/grade-1/翰林/questions/P01_R01_安和國小_新北市_1年級_數學_113下_期末2_翰林_題目卷.pdf,1,"[0, 0, 4047, 5732]",source_materials/tcool_math_g1_g4_康軒_翰林/_analysis/pilot/pages/G1-_-113_-_2-P01_R01_____1____113___2__/page-1.jpg,一-3-(3),母親節是五月的第二個星期日，是5月( )日。,[],source_materials/tcool_math_g1_g4_康軒_翰林/grade-1/翰林/answers/P01_R01_安和國小_新北市_1年級_數學_113下_期末2_翰林_答案卷.pdf,1,"月曆日(週日)欄：4,11,18,25，第二個為11。與答案卷「(11)」一致。",11,verified,independent_calculation,翰林,G1,113,下,期末2,,,,翰林 G1 下 第7章 幾月幾日星期幾,"[""N-1-6""]",[],"[""G1-15-02""]","[""G1-15-02""]",direct,high,"[""月曆第二個星期日，對應 G1-15-02""]",include,first_pass
G1-翰林-113下-期末2-P01_R01_安和國小_新北市_1年級_數學_113下_期末2_翰林::ql-q09,"[""G1-翰林-113下-期末2-P01_R01_安和國小_新北市_1年級_數學_113下_期末2_翰林-q001"", ""G1-翰林-113下-期末2-P01_R01_安和國小_新北市_1年級_數學_113下_期末2_翰林-q002"", ""G1-翰林-113下-期末2-P01_R01_安和國小_新北市_1年級_數學_113下_期末2_翰林-q003"", ""G1-翰林-113下-期末2-P01_R01_安和國小_新北市_1年級_數學_113下_期末2_翰林-q004"", ""G1-翰林-113下-期末2-P01_R01_安和國小_新北市_1年級_數學_113下_期末2_翰林-q005""]",G1-翰林-113下-期末2-P01_R01_安和國小_新北市_1年級_數學_113下_期末2_翰林,question_item,verified,source_materials/tcool_math_g1_g4_康軒_翰林/grade-1/翰林/questions/P01_R01_安和國小_新北市_1年級_數學_113下_期末2_翰林_題目卷.pdf,1,"[0, 0, 4047, 5732]",source_materials/tcool_math_g1_g4_康軒_翰林/_analysis/pilot/pages/G1-_-113_-_2-P01_R01_____1____113___2__/page-1.jpg,一-3-(4),安和圖書館每個月的第三個星期二會舉辦「說故事」活動，五月份的「說故事」活動是5月( )日。,[],source_materials/tcool_math_g1_g4_康軒_翰林/grade-1/翰林/answers/P01_R01_安和國小_新北市_1年級_數學_113下_期末2_翰林_答案卷.pdf,1,"月曆二(週二)欄：6,13,20,27，第三個為20。與答案卷「(20)」一致。",20,verified,independent_calculation,翰林,G1,113,下,期末2,,,,翰林 G1 下 第7章 幾月幾日星期幾,"[""N-1-6""]",[],"[""G1-15-02""]","[""G1-15-02""]",direct,high,"[""月曆第三個星期二，對應 G1-15-02""]",include,first_pass
G1-翰林-113下-期末2-P01_R01_安和國小_新北市_1年級_數學_113下_期末2_翰林::ql-q10,"[""G1-翰林-113下-期末2-P01_R01_安和國小_新北市_1年級_數學_113下_期末2_翰林-q001"", ""G1-翰林-113下-期末2-P01_R01_安和國小_新北市_1年級_數學_113下_期末2_翰林-q002"", ""G1-翰林-113下-期末2-P01_R01_安和國小_新北市_1年級_數學_113下_期末2_翰林-q003"", ""G1-翰林-113下-期末2-P01_R01_安和國小_新北市_1年級_數學_113下_期末2_翰林-q004"", ""G1-翰林-113下-期末2-P01_R01_安和國小_新北市_1年級_數學_113下_期末2_翰林-q005""]",G1-翰林-113下-期末2-P01_R01_安和國小_新北市_1年級_數學_113下_期末2_翰林,question_item,verified,source_materials/tcool_math_g1_g4_康軒_翰林/grade-1/翰林/questions/P01_R01_安和國小_新北市_1年級_數學_113下_期末2_翰林_題目卷.pdf,1,"[0, 0, 4047, 5732]",source_materials/tcool_math_g1_g4_康軒_翰林/_analysis/pilot/pages/G1-_-113_-_2-P01_R01_____1____113___2__/page-1.jpg,一-3-(5),爸爸這個月的星期五和星期六放假，請問爸爸五月一共有( )天放假。,[],source_materials/tcool_math_g1_g4_康軒_翰林/grade-1/翰林/answers/P01_R01_安和國小_新北市_1年級_數學_113下_期末2_翰林_答案卷.pdf,1,"月曆五(週五)欄5天(2,9,16,23,30)＋六(週六)欄5天(3,10,17,24,31)＝10天。與答案卷「(10)」一致。",10,verified,independent_calculation,翰林,G1,113,下,期末2,,,,翰林 G1 下 第7章 幾月幾日星期幾,"[""N-1-6""]",[],"[""G1-15-02""]","[""G1-15-02""]",direct,high,"[""月曆統計週五週六天數，對應 G1-15-02""]",include,first_pass
G1-翰林-113下-期末2-P01_R01_安和國小_新北市_1年級_數學_113下_期末2_翰林::ql-q11,"[""G1-翰林-113下-期末2-P01_R01_安和國小_新北市_1年級_數學_113下_期末2_翰林-q006"", ""G1-翰林-113下-期末2-P01_R01_安和國小_新北市_1年級_數學_113下_期末2_翰林-q007"", ""G1-翰林-113下-期末2-P01_R01_安和國小_新北市_1年級_數學_113下_期末2_翰林-q008""]",G1-翰林-113下-期末2-P01_R01_安和國小_新北市_1年級_數學_113下_期末2_翰林,question_item,verified,source_materials/tcool_math_g1_g4_康軒_翰林/grade-1/翰林/questions/P01_R01_安和國小_新北市_1年級_數學_113下_期末2_翰林_題目卷.pdf,2,"[0, 0, 4047, 5732]",source_materials/tcool_math_g1_g4_康軒_翰林/_analysis/pilot/pages/G1-_-113_-_2-P01_R01_____1____113___2__/page-2.jpg,一-4-(1),一年甲班票選最喜歡的卡通人物，請寫出票數：（用○畫記表格：ㄅ拉布布、ㄆ卡皮巴拉、ㄇ吉伊卡哇）,[],source_materials/tcool_math_g1_g4_康軒_翰林/grade-1/翰林/answers/P01_R01_安和國小_新北市_1年級_數學_113下_期末2_翰林_答案卷.pdf,2,裁圖逐格重新計數畫記圈數：ㄅ=5+5=10、ㄆ=5+2=7、ㄇ=6+6=12（初次略讀誤計ㄇ列第二排為5，經400dpi裁圖覆核確認為6）。與答案卷「10/7/12」一致。,ㄅ10票、ㄆ7票、ㄇ12票,verified,independent_calculation,翰林,G1,113,下,期末2,,,,翰林 G1 下 第4章 100 以內的數,"[""N-1-1""]",[],[],[],partial,medium,"[""票數表格讀取，屬100以內的數應用但無正式統計圖表skill(該能力至G2-17/G4-10始有專章)""]",uncertain_review,first_pass
G1-翰林-113下-期末2-P01_R01_安和國小_新北市_1年級_數學_113下_期末2_翰林::ql-q12,"[""G1-翰林-113下-期末2-P01_R01_安和國小_新北市_1年級_數學_113下_期末2_翰林-q006"", ""G1-翰林-113下-期末2-P01_R01_安和國小_新北市_1年級_數學_113下_期末2_翰林-q007"", ""G1-翰林-113下-期末2-P01_R01_安和國小_新北市_1年級_數學_113下_期末2_翰林-q008""]",G1-翰林-113下-期末2-P01_R01_安和國小_新北市_1年級_數學_113下_期末2_翰林,question_item,verified,source_materials/tcool_math_g1_g4_康軒_翰林/grade-1/翰林/questions/P01_R01_安和國小_新北市_1年級_數學_113下_期末2_翰林_題目卷.pdf,2,"[0, 0, 4047, 5732]",source_materials/tcool_math_g1_g4_康軒_翰林/_analysis/pilot/pages/G1-_-113_-_2-P01_R01_____1____113___2__/page-2.jpg,一-4-(2),最受小朋友喜愛的卡通人物是( )（填代號）,[],source_materials/tcool_math_g1_g4_康軒_翰林/grade-1/翰林/answers/P01_R01_安和國小_新北市_1年級_數學_113下_期末2_翰林_答案卷.pdf,2,12票為三者最高。與答案卷「ㄇ」一致。,ㄇ,verified,independent_calculation,翰林,G1,113,下,期末2,,,,翰林 G1 下 第4章 100 以內的數,"[""N-1-1""]",[],"[""G1-13-09""]",[],partial,medium,"[""票數最多者判斷，貼近 G1-13-09 比較兩個數(此為三數比較)""]",uncertain_review,first_pass
G1-翰林-113下-期末2-P01_R01_安和國小_新北市_1年級_數學_113下_期末2_翰林::ql-q13,"[""G1-翰林-113下-期末2-P01_R01_安和國小_新北市_1年級_數學_113下_期末2_翰林-q006"", ""G1-翰林-113下-期末2-P01_R01_安和國小_新北市_1年級_數學_113下_期末2_翰林-q007"", ""G1-翰林-113下-期末2-P01_R01_安和國小_新北市_1年級_數學_113下_期末2_翰林-q008""]",G1-翰林-113下-期末2-P01_R01_安和國小_新北市_1年級_數學_113下_期末2_翰林,question_item,verified,source_materials/tcool_math_g1_g4_康軒_翰林/grade-1/翰林/questions/P01_R01_安和國小_新北市_1年級_數學_113下_期末2_翰林_題目卷.pdf,2,"[0, 0, 4047, 5732]",source_materials/tcool_math_g1_g4_康軒_翰林/_analysis/pilot/pages/G1-_-113_-_2-P01_R01_____1____113___2__/page-2.jpg,一-4-(3),票選最多票和最少票相差( )票。,[],source_materials/tcool_math_g1_g4_康軒_翰林/grade-1/翰林/answers/P01_R01_安和國小_新北市_1年級_數學_113下_期末2_翰林_答案卷.pdf,2,12-7=5。與答案卷「(5)」一致。,5,verified,independent_calculation,翰林,G1,113,下,期末2,,,,翰林 G1 下 第8章 兩位數的加減法,"[""N-1-2""]",[],[],[],partial,medium,"[""official N-1-2 加法和減法"", ""publisher ('翰林', 'G1', '下', 8)"", ""12-7=5 兩位數減法，屬本章official碼(N-1-2/R-1-1)範疇，但該章 matchedSkillIds 於 publisher-unit-alignment.json 為空陣列(章節橋接資料未涵蓋逐項skill)，故不列candidateSkillIds""]",uncertain_review,first_pass
G1-翰林-113下-期末2-P01_R01_安和國小_新北市_1年級_數學_113下_期末2_翰林::ql-q14,"[""G1-翰林-113下-期末2-P01_R01_安和國小_新北市_1年級_數學_113下_期末2_翰林-q006"", ""G1-翰林-113下-期末2-P01_R01_安和國小_新北市_1年級_數學_113下_期末2_翰林-q007"", ""G1-翰林-113下-期末2-P01_R01_安和國小_新北市_1年級_數學_113下_期末2_翰林-q008""]",G1-翰林-113下-期末2-P01_R01_安和國小_新北市_1年級_數學_113下_期末2_翰林,question_item,verified,source_materials/tcool_math_g1_g4_康軒_翰林/grade-1/翰林/questions/P01_R01_安和國小_新北市_1年級_數學_113下_期末2_翰林_題目卷.pdf,2,"[0, 0, 4047, 5732]",source_materials/tcool_math_g1_g4_康軒_翰林/_analysis/pilot/pages/G1-_-113_-_2-P01_R01_____1____113___2__/page-2.jpg,一-4-(4),每個人投一票，一年甲班共有( )個人。,[],source_materials/tcool_math_g1_g4_康軒_翰林/grade-1/翰林/answers/P01_R01_安和國小_新北市_1年級_數學_113下_期末2_翰林_答案卷.pdf,2,10+7+12=29。與答案卷「(29)」一致。,29,verified,independent_calculation,翰林,G1,113,下,期末2,,,,翰林 G1 下 第8章 兩位數的加減法,"[""N-1-2""]",[],[],[],partial,medium,"[""10+7+12=29 三數連加，同 q13：章節official碼相符但無skill橋接資料""]",uncertain_review,first_pass
G1-翰林-113下-期末2-P01_R01_安和國小_新北市_1年級_數學_113下_期末2_翰林::ql-q15,"[""G1-翰林-113下-期末2-P01_R01_安和國小_新北市_1年級_數學_113下_期末2_翰林-q006"", ""G1-翰林-113下-期末2-P01_R01_安和國小_新北市_1年級_數學_113下_期末2_翰林-q007"", ""G1-翰林-113下-期末2-P01_R01_安和國小_新北市_1年級_數學_113下_期末2_翰林-q008""]",G1-翰林-113下-期末2-P01_R01_安和國小_新北市_1年級_數學_113下_期末2_翰林,question_item,verified,source_materials/tcool_math_g1_g4_康軒_翰林/grade-1/翰林/questions/P01_R01_安和國小_新北市_1年級_數學_113下_期末2_翰林_題目卷.pdf,2,"[0, 0, 4047, 5732]",source_materials/tcool_math_g1_g4_康軒_翰林/_analysis/pilot/pages/G1-_-113_-_2-P01_R01_____1____113___2__/page-2.jpg,一-5,小棠到麥噹噹用餐，錢包裡裝了以下的錢幣：⑩⑤⑤⑤①①①①①①①①①（10+5+5+5+9個1元）。小棠想買以下的餐點（36元、63元、25元、38元），小棠帶的錢夠買的打「○」，不夠買的打「×」：,[],source_materials/tcool_math_g1_g4_康軒_翰林/grade-1/翰林/answers/P01_R01_安和國小_新北市_1年級_數學_113下_期末2_翰林_答案卷.pdf,2,錢包總額=10+5+5+5+9=34元；34<36(×)，34<63(×)，34≥25(○)，34<38(×)。與答案卷「X/X/O/X」一致（不論1元硬幣精確枚數落在26~35元區間內何值，此四項判斷結果皆相同，故此驗算穩健成立）。,×、×、○、×,verified,independent_calculation,翰林,G1,113,下,期末2,,,,翰林 G1 下 第4章 100 以內的數,"[""N-1-1""]",[],"[""G1-13-09""]",[],partial,medium,"[""34元與四項金額比較判斷可否購買，對應數的大小比較但情境化""]",uncertain_review,first_pass
G1-翰林-113下-期末2-P01_R01_安和國小_新北市_1年級_數學_113下_期末2_翰林::ql-q16,"[""G1-翰林-113下-期末2-P01_R01_安和國小_新北市_1年級_數學_113下_期末2_翰林-q006"", ""G1-翰林-113下-期末2-P01_R01_安和國小_新北市_1年級_數學_113下_期末2_翰林-q007"", ""G1-翰林-113下-期末2-P01_R01_安和國小_新北市_1年級_數學_113下_期末2_翰林-q008""]",G1-翰林-113下-期末2-P01_R01_安和國小_新北市_1年級_數學_113下_期末2_翰林,question_item,verified,source_materials/tcool_math_g1_g4_康軒_翰林/grade-1/翰林/questions/P01_R01_安和國小_新北市_1年級_數學_113下_期末2_翰林_題目卷.pdf,2,"[0, 0, 4047, 5732]",source_materials/tcool_math_g1_g4_康軒_翰林/_analysis/pilot/pages/G1-_-113_-_2-P01_R01_____1____113___2__/page-2.jpg,一-6-(1),小明的錢包裡有四種錢幣（50元、10元、5元、1元），先用「正」畫記，再寫出數量。（裁圖清點：50元×1、10元×3、5元×3、1元×4）,[],source_materials/tcool_math_g1_g4_康軒_翰林/grade-1/翰林/answers/P01_R01_安和國小_新北市_1年級_數學_113下_期末2_翰林_答案卷.pdf,2,以400dpi裁圖逐枚清點硬幣圖：50元1枚、10元3枚、5元3枚、1元4枚，總計11枚。此清點結果與(2)(3)(4)三小題答案完全自洽（見下）。,50元1個、10元3個、5元3個、1元4個,verified,independent_calculation,翰林,G1,113,下,期末2,,,,翰林 G1 下 第6章 數數看有多少元,"[""N-1-4""]",[],[],[],partial,medium,"[""硬幣清點與畫記，對應 chapter6 但該章無正式skill條目""]",uncertain_review,first_pass
G1-翰林-113下-期末2-P01_R01_安和國小_新北市_1年級_數學_113下_期末2_翰林::ql-q17,"[""G1-翰林-113下-期末2-P01_R01_安和國小_新北市_1年級_數學_113下_期末2_翰林-q006"", ""G1-翰林-113下-期末2-P01_R01_安和國小_新北市_1年級_數學_113下_期末2_翰林-q007"", ""G1-翰林-113下-期末2-P01_R01_安和國小_新北市_1年級_數學_113下_期末2_翰林-q008""]",G1-翰林-113下-期末2-P01_R01_安和國小_新北市_1年級_數學_113下_期末2_翰林,question_item,verified,source_materials/tcool_math_g1_g4_康軒_翰林/grade-1/翰林/questions/P01_R01_安和國小_新北市_1年級_數學_113下_期末2_翰林_題目卷.pdf,2,"[0, 0, 4047, 5732]",source_materials/tcool_math_g1_g4_康軒_翰林/_analysis/pilot/pages/G1-_-113_-_2-P01_R01_____1____113___2__/page-2.jpg,一-6-(2),數量最多的錢幣是( )元的錢幣,[],source_materials/tcool_math_g1_g4_康軒_翰林/grade-1/翰林/answers/P01_R01_安和國小_新北市_1年級_數學_113下_期末2_翰林_答案卷.pdf,2,1元硬幣4枚為四種中最多。與答案卷「1」一致。,1,verified,independent_calculation,翰林,G1,113,下,期末2,,,,翰林 G1 下 第6章 數數看有多少元,"[""N-1-4""]",[],[],[],partial,medium,"[""同 q16：數量最多的錢幣""]",uncertain_review,first_pass
G1-翰林-113下-期末2-P01_R01_安和國小_新北市_1年級_數學_113下_期末2_翰林::ql-q18,"[""G1-翰林-113下-期末2-P01_R01_安和國小_新北市_1年級_數學_113下_期末2_翰林-q006"", ""G1-翰林-113下-期末2-P01_R01_安和國小_新北市_1年級_數學_113下_期末2_翰林-q007"", ""G1-翰林-113下-期末2-P01_R01_安和國小_新北市_1年級_數學_113下_期末2_翰林-q008""]",G1-翰林-113下-期末2-P01_R01_安和國小_新北市_1年級_數學_113下_期末2_翰林,question_item,verified,source_materials/tcool_math_g1_g4_康軒_翰林/grade-1/翰林/questions/P01_R01_安和國小_新北市_1年級_數學_113下_期末2_翰林_題目卷.pdf,2,"[0, 0, 4047, 5732]",source_materials/tcool_math_g1_g4_康軒_翰林/_analysis/pilot/pages/G1-_-113_-_2-P01_R01_____1____113___2__/page-2.jpg,一-6-(3),小明的錢包裡共有( )元。,[],source_materials/tcool_math_g1_g4_康軒_翰林/grade-1/翰林/answers/P01_R01_安和國小_新北市_1年級_數學_113下_期末2_翰林_答案卷.pdf,2,50×1+10×3+5×3+1×4=50+30+15+4=99。與答案卷「99」一致（此為裁圖覆核清點後之獨立驗算結果）。,99,verified,independent_calculation,翰林,G1,113,下,期末2,,,,翰林 G1 下 第6章 數數看有多少元,"[""N-1-4""]",[],[],[],partial,medium,"[""同 q16：錢包總額99元""]",uncertain_review,first_pass
G1-翰林-113下-期末2-P01_R01_安和國小_新北市_1年級_數學_113下_期末2_翰林::ql-q19,"[""G1-翰林-113下-期末2-P01_R01_安和國小_新北市_1年級_數學_113下_期末2_翰林-q006"", ""G1-翰林-113下-期末2-P01_R01_安和國小_新北市_1年級_數學_113下_期末2_翰林-q007"", ""G1-翰林-113下-期末2-P01_R01_安和國小_新北市_1年級_數學_113下_期末2_翰林-q008""]",G1-翰林-113下-期末2-P01_R01_安和國小_新北市_1年級_數學_113下_期末2_翰林,question_item,verified,source_materials/tcool_math_g1_g4_康軒_翰林/grade-1/翰林/questions/P01_R01_安和國小_新北市_1年級_數學_113下_期末2_翰林_題目卷.pdf,2,"[0, 0, 4047, 5732]",source_materials/tcool_math_g1_g4_康軒_翰林/_analysis/pilot/pages/G1-_-113_-_2-P01_R01_____1____113___2__/page-2.jpg,一-6-(4),小明如果想買100元的小汽車，需要再補( )元。,[],source_materials/tcool_math_g1_g4_康軒_翰林/grade-1/翰林/answers/P01_R01_安和國小_新北市_1年級_數學_113下_期末2_翰林_答案卷.pdf,2,100-99=1。與答案卷「1」一致。,1,verified,independent_calculation,翰林,G1,113,下,期末2,,,,翰林 G1 下 第6章 數數看有多少元,"[""N-1-4""]",[],[],[],partial,medium,"[""同 q16：補1元到100元""]",uncertain_review,first_pass
G1-翰林-113下-期末2-P01_R01_安和國小_新北市_1年級_數學_113下_期末2_翰林::ql-q20,"[""G1-翰林-113下-期末2-P01_R01_安和國小_新北市_1年級_數學_113下_期末2_翰林-q006"", ""G1-翰林-113下-期末2-P01_R01_安和國小_新北市_1年級_數學_113下_期末2_翰林-q007"", ""G1-翰林-113下-期末2-P01_R01_安和國小_新北市_1年級_數學_113下_期末2_翰林-q008""]",G1-翰林-113下-期末2-P01_R01_安和國小_新北市_1年級_數學_113下_期末2_翰林,question_item,verified,source_materials/tcool_math_g1_g4_康軒_翰林/grade-1/翰林/questions/P01_R01_安和國小_新北市_1年級_數學_113下_期末2_翰林_題目卷.pdf,2,"[0, 0, 4047, 5732]",source_materials/tcool_math_g1_g4_康軒_翰林/_analysis/pilot/pages/G1-_-113_-_2-P01_R01_____1____113___2__/page-2.jpg,二-1,弟弟有27張寶可夢卡，比哥哥少8張，請問哥哥有幾張寶可夢卡？【畫⑩和①做做看】,[],source_materials/tcool_math_g1_g4_康軒_翰林/grade-1/翰林/answers/P01_R01_安和國小_新北市_1年級_數學_113下_期末2_翰林_答案卷.pdf,2,27+8=35。與答案卷「27+8=35 答:(35)張」一致。,35 張,verified,independent_calculation,翰林,G1,113,下,期末2,,,,翰林 G1 下 第8章 兩位數的加減法,"[""N-1-2""]",[],[],[],partial,medium,"[""27+8=35 兩位數加一位數應用題，同 q13：章節official碼相符但無skill橋接資料""]",uncertain_review,first_pass
G1-翰林-113下-期末2-P01_R01_安和國小_新北市_1年級_數學_113下_期末2_翰林::ql-q21,"[""G1-翰林-113下-期末2-P01_R01_安和國小_新北市_1年級_數學_113下_期末2_翰林-q009"", ""G1-翰林-113下-期末2-P01_R01_安和國小_新北市_1年級_數學_113下_期末2_翰林-q010""]",G1-翰林-113下-期末2-P01_R01_安和國小_新北市_1年級_數學_113下_期末2_翰林,question_item,verified,source_materials/tcool_math_g1_g4_康軒_翰林/grade-1/翰林/questions/P01_R01_安和國小_新北市_1年級_數學_113下_期末2_翰林_題目卷.pdf,3,"[0, 0, 4047, 5732]",source_materials/tcool_math_g1_g4_康軒_翰林/_analysis/pilot/pages/G1-_-113_-_2-P01_R01_____1____113___2__/page-3.jpg,二-2,老師有一些貼紙，想送給班上26個學生一人一張，但後來發現不夠9張，請問老師原來有幾張貼紙？【畫⑩和①做做看】,[],source_materials/tcool_math_g1_g4_康軒_翰林/grade-1/翰林/answers/P01_R01_安和國小_新北市_1年級_數學_113下_期末2_翰林_答案卷.pdf,3,26-9=17。與答案卷「26-9=17 答:(17)張」一致。,17 張,verified,independent_calculation,翰林,G1,113,下,期末2,,,,翰林 G1 下 第8章 兩位數的加減法,"[""N-1-2""]",[],[],[],partial,medium,"[""26-9=17 應用題，同 q13""]",uncertain_review,first_pass
G1-翰林-113下-期末2-P01_R01_安和國小_新北市_1年級_數學_113下_期末2_翰林::ql-q22,"[""G1-翰林-113下-期末2-P01_R01_安和國小_新北市_1年級_數學_113下_期末2_翰林-q009"", ""G1-翰林-113下-期末2-P01_R01_安和國小_新北市_1年級_數學_113下_期末2_翰林-q010""]",G1-翰林-113下-期末2-P01_R01_安和國小_新北市_1年級_數學_113下_期末2_翰林,question_item,verified,source_materials/tcool_math_g1_g4_康軒_翰林/grade-1/翰林/questions/P01_R01_安和國小_新北市_1年級_數學_113下_期末2_翰林_題目卷.pdf,3,"[0, 0, 4047, 5732]",source_materials/tcool_math_g1_g4_康軒_翰林/_analysis/pilot/pages/G1-_-113_-_2-P01_R01_____1____113___2__/page-3.jpg,二-3-(1),便利商店本月推出四項特價商品（飲料44元、冰淇淋25元、蛋糕57元、餅乾9元）。妙妙買了一塊蛋糕後，身上還剩16元，請問妙妙原有多少元？【畫⑩和①做做看】,[],source_materials/tcool_math_g1_g4_康軒_翰林/grade-1/翰林/answers/P01_R01_安和國小_新北市_1年級_數學_113下_期末2_翰林_答案卷.pdf,3,57+16=73。與答案卷「57+16=73 答:(73)元」一致。,73 元,verified,independent_calculation,翰林,G1,113,下,期末2,,,,翰林 G1 下 第8章 兩位數的加減法,"[""N-1-2""]",[],[],[],partial,medium,"[""57+16=73 兩位數加法應用題，同 q13""]",uncertain_review,first_pass
G1-翰林-113下-期末2-P01_R01_安和國小_新北市_1年級_數學_113下_期末2_翰林::ql-q23,"[""G1-翰林-113下-期末2-P01_R01_安和國小_新北市_1年級_數學_113下_期末2_翰林-q009"", ""G1-翰林-113下-期末2-P01_R01_安和國小_新北市_1年級_數學_113下_期末2_翰林-q010""]",G1-翰林-113下-期末2-P01_R01_安和國小_新北市_1年級_數學_113下_期末2_翰林,question_item,verified,source_materials/tcool_math_g1_g4_康軒_翰林/grade-1/翰林/questions/P01_R01_安和國小_新北市_1年級_數學_113下_期末2_翰林_題目卷.pdf,3,"[0, 0, 4047, 5732]",source_materials/tcool_math_g1_g4_康軒_翰林/_analysis/pilot/pages/G1-_-113_-_2-P01_R01_____1____113___2__/page-3.jpg,二-3-(2),軒軒如果想買2瓶飲料，需要多少元？【畫⑩和①做做看】,[],source_materials/tcool_math_g1_g4_康軒_翰林/grade-1/翰林/answers/P01_R01_安和國小_新北市_1年級_數學_113下_期末2_翰林_答案卷.pdf,3,44×2=88（答案卷列式44+44=88）。與答案卷「(88)元」一致。,88 元,verified,independent_calculation,翰林,G1,113,下,期末2,,,,,"[""N-2-6""]",[],[],[],uncertain,low,"[""44x2=88 為乘法概念，翰林G1下並無正式乘法章節(乘法始於G2)，官方碼N-2-6屬二年級範疇，本題對一年級課程而言為超綱應用，保留uncertain""]",uncertain_review,first_pass
G1-翰林-113下-期末2-P01_R01_安和國小_新北市_1年級_數學_113下_期末2_翰林::ql-q24,"[""G1-翰林-113下-期末2-P01_R01_安和國小_新北市_1年級_數學_113下_期末2_翰林-q009"", ""G1-翰林-113下-期末2-P01_R01_安和國小_新北市_1年級_數學_113下_期末2_翰林-q010""]",G1-翰林-113下-期末2-P01_R01_安和國小_新北市_1年級_數學_113下_期末2_翰林,question_item,verified,source_materials/tcool_math_g1_g4_康軒_翰林/grade-1/翰林/questions/P01_R01_安和國小_新北市_1年級_數學_113下_期末2_翰林_題目卷.pdf,3,"[0, 0, 4047, 5732]",source_materials/tcool_math_g1_g4_康軒_翰林/_analysis/pilot/pages/G1-_-113_-_2-P01_R01_____1____113___2__/page-3.jpg,二-3-(3),買一個冰淇淋比買一包餅乾，要多付多少元？【畫⑩和①做做看】,[],source_materials/tcool_math_g1_g4_康軒_翰林/grade-1/翰林/answers/P01_R01_安和國小_新北市_1年級_數學_113下_期末2_翰林_答案卷.pdf,3,25-9=16。與答案卷「25-9=16 答:(16)元」一致。,16 元,verified,independent_calculation,翰林,G1,113,下,期末2,,,,翰林 G1 下 第8章 兩位數的加減法,"[""N-1-2""]",[],[],[],partial,medium,"[""25-9=16 應用題，同 q13""]",uncertain_review,first_pass
G2-康軒-112下-期中1-P01_R10_安和國小_新北市_2年級_數學_112下_期中1_康軒::ql-q01,"[""G2-康軒-112下-期中1-P01_R10_安和國小_新北市_2年級_數學_112下_期中1_康軒-q001"", ""G2-康軒-112下-期中1-P01_R10_安和國小_新北市_2年級_數學_112下_期中1_康軒-q002"", ""G2-康軒-112下-期中1-P01_R10_安和國小_新北市_2年級_數學_112下_期中1_康軒-q003"", ""G2-康軒-112下-期中1-P01_R10_安和國小_新北市_2年級_數學_112下_期中1_康軒-q004"", ""G2-康軒-112下-期中1-P01_R10_安和國小_新北市_2年級_數學_112下_期中1_康軒-q005"", ""G2-康軒-112下-期中1-P01_R10_安和國小_新北市_2年級_數學_112下_期中1_康軒-q006"", ""G2-康軒-112下-期中1-P01_R10_安和國小_新北市_2年級_數學_112下_期中1_康軒-q007"", ""G2-康軒-112下-期中1-P01_R10_安和國小_新北市_2年級_數學_112下_期中1_康軒-q008"", ""G2-康軒-112下-期中1-P01_R10_安和國小_新北市_2年級_數學_112下_期中1_康軒-q009""]",G2-康軒-112下-期中1-P01_R10_安和國小_新北市_2年級_數學_112下_期中1_康軒,question_item,verified,source_materials/tcool_math_g1_g4_康軒_翰林/grade-2/康軒/questions/P01_R10_安和國小_新北市_2年級_數學_112下_期中1_康軒_題目卷.pdf,1,"[0, 0, 4047, 5732]",source_materials/tcool_math_g1_g4_康軒_翰林/_analysis/pilot/pages/G2-_-112_-_1-P01_R10_____2____112___1__/page-1.jpg,一-1,小美有 218 元，以下哪一個套餐她無法選購？,"[""①182 元炸豬排"", ""②219 元部隊鍋"", ""③128 元炒麵"", ""④199 元咕咕雞""]",source_materials/tcool_math_g1_g4_康軒_翰林/grade-2/康軒/answers/P01_R10_安和國小_新北市_2年級_數學_112下_期中1_康軒_答案卷.pdf,1,218<219，其餘三項皆≤218，故獨立驗算確認②為無法選購項目，與答案卷「1.2」一致。,②219 元部隊鍋,verified,independent_calculation,康軒,G2,112,下,期中1,,,,康軒 G2 下 第1章 1000 以內的數,"[""N-2-1""]",[],"[""G2-11-06"", ""G2-11-07""]",[],partial,medium,"[""official N-2-1 一千以內的數"", ""publisher ('康軒', 'G2', '下', 1)"", ""情境為金額比較而非正式比大小教學，故列 partial""]",uncertain_review,first_pass
G2-康軒-112下-期中1-P01_R10_安和國小_新北市_2年級_數學_112下_期中1_康軒::ql-q02,"[""G2-康軒-112下-期中1-P01_R10_安和國小_新北市_2年級_數學_112下_期中1_康軒-q001"", ""G2-康軒-112下-期中1-P01_R10_安和國小_新北市_2年級_數學_112下_期中1_康軒-q002"", ""G2-康軒-112下-期中1-P01_R10_安和國小_新北市_2年級_數學_112下_期中1_康軒-q003"", ""G2-康軒-112下-期中1-P01_R10_安和國小_新北市_2年級_數學_112下_期中1_康軒-q004"", ""G2-康軒-112下-期中1-P01_R10_安和國小_新北市_2年級_數學_112下_期中1_康軒-q005"", ""G2-康軒-112下-期中1-P01_R10_安和國小_新北市_2年級_數學_112下_期中1_康軒-q006"", ""G2-康軒-112下-期中1-P01_R10_安和國小_新北市_2年級_數學_112下_期中1_康軒-q007"", ""G2-康軒-112下-期中1-P01_R10_安和國小_新北市_2年級_數學_112下_期中1_康軒-q008"", ""G2-康軒-112下-期中1-P01_R10_安和國小_新北市_2年級_數學_112下_期中1_康軒-q009""]",G2-康軒-112下-期中1-P01_R10_安和國小_新北市_2年級_數學_112下_期中1_康軒,question_item,verified,source_materials/tcool_math_g1_g4_康軒_翰林/grade-2/康軒/questions/P01_R10_安和國小_新北市_2年級_數學_112下_期中1_康軒_題目卷.pdf,1,"[0, 0, 4047, 5732]",source_materials/tcool_math_g1_g4_康軒_翰林/_analysis/pilot/pages/G2-_-112_-_1-P01_R10_____2____112___1__/page-1.jpg,一-2,大雄有 228 元，每個月他可以存 100 元，最少要存幾個月才有 1000 元？,"[""①7 個月"", ""②8 個月"", ""③9 個月"", ""④10 個月""]",source_materials/tcool_math_g1_g4_康軒_翰林/grade-2/康軒/answers/P01_R10_安和國小_新北市_2年級_數學_112下_期中1_康軒_答案卷.pdf,1,228+100×7=928<1000；228+100×8=1028≥1000，故最少 8 個月，與答案卷「2.2」一致。,②8 個月,verified,independent_calculation,康軒,G2,112,下,期中1,,,,康軒 G2 下 第2章 三位數的加減,"[""N-2-2""]",[],"[""G2-12-11"", ""G2-12-12""]",[],partial,medium,"[""official N-2-2 加減算式與直式計算"", ""publisher ('康軒', 'G2', '下', 2)"", ""本題為重複加法達標型應用，非單一skill精確對應""]",uncertain_review,first_pass
G2-康軒-112下-期中1-P01_R10_安和國小_新北市_2年級_數學_112下_期中1_康軒::ql-q03,"[""G2-康軒-112下-期中1-P01_R10_安和國小_新北市_2年級_數學_112下_期中1_康軒-q001"", ""G2-康軒-112下-期中1-P01_R10_安和國小_新北市_2年級_數學_112下_期中1_康軒-q002"", ""G2-康軒-112下-期中1-P01_R10_安和國小_新北市_2年級_數學_112下_期中1_康軒-q003"", ""G2-康軒-112下-期中1-P01_R10_安和國小_新北市_2年級_數學_112下_期中1_康軒-q004"", ""G2-康軒-112下-期中1-P01_R10_安和國小_新北市_2年級_數學_112下_期中1_康軒-q005"", ""G2-康軒-112下-期中1-P01_R10_安和國小_新北市_2年級_數學_112下_期中1_康軒-q006"", ""G2-康軒-112下-期中1-P01_R10_安和國小_新北市_2年級_數學_112下_期中1_康軒-q007"", ""G2-康軒-112下-期中1-P01_R10_安和國小_新北市_2年級_數學_112下_期中1_康軒-q008"", ""G2-康軒-112下-期中1-P01_R10_安和國小_新北市_2年級_數學_112下_期中1_康軒-q009""]",G2-康軒-112下-期中1-P01_R10_安和國小_新北市_2年級_數學_112下_期中1_康軒,question_item,verified,source_materials/tcool_math_g1_g4_康軒_翰林/grade-2/康軒/questions/P01_R10_安和國小_新北市_2年級_數學_112下_期中1_康軒_題目卷.pdf,1,"[0, 0, 4047, 5732]",source_materials/tcool_math_g1_g4_康軒_翰林/_analysis/pilot/pages/G2-_-112_-_1-P01_R10_____2____112___1__/page-1.jpg,一-3,以下是 4 個好朋友的生日，請問今年誰第一個過生日？,"[""①小愛 8 月 2 日"", ""②美月 4 月 4 日"", ""③有為 8 月 13 日"", ""④明風 2 月 29 日""]",source_materials/tcool_math_g1_g4_康軒_翰林/grade-2/康軒/answers/P01_R10_安和國小_新北市_2年級_數學_112下_期中1_康軒_答案卷.pdf,1,以曆年日序比較：2/29 < 4/4 < 8/2 < 8/13，最早為④，與答案卷「3.4」一致。,④明風 2 月 29 日,verified,independent_calculation,康軒,G2,112,下,期中1,,,,康軒 G2 下 第4章 年、月、日,"[""N-2-14""]",[],"[""G2-15-01""]",[],partial,medium,"[""official N-2-14 時間"", ""publisher ('康軒', 'G2', '下', 4) 認識一年的12個月"", ""屬日期先後排序，非該章明確定義之單一skill""]",uncertain_review,first_pass
G2-康軒-112下-期中1-P01_R10_安和國小_新北市_2年級_數學_112下_期中1_康軒::ql-q04,"[""G2-康軒-112下-期中1-P01_R10_安和國小_新北市_2年級_數學_112下_期中1_康軒-q001"", ""G2-康軒-112下-期中1-P01_R10_安和國小_新北市_2年級_數學_112下_期中1_康軒-q002"", ""G2-康軒-112下-期中1-P01_R10_安和國小_新北市_2年級_數學_112下_期中1_康軒-q003"", ""G2-康軒-112下-期中1-P01_R10_安和國小_新北市_2年級_數學_112下_期中1_康軒-q004"", ""G2-康軒-112下-期中1-P01_R10_安和國小_新北市_2年級_數學_112下_期中1_康軒-q005"", ""G2-康軒-112下-期中1-P01_R10_安和國小_新北市_2年級_數學_112下_期中1_康軒-q006"", ""G2-康軒-112下-期中1-P01_R10_安和國小_新北市_2年級_數學_112下_期中1_康軒-q007"", ""G2-康軒-112下-期中1-P01_R10_安和國小_新北市_2年級_數學_112下_期中1_康軒-q008"", ""G2-康軒-112下-期中1-P01_R10_安和國小_新北市_2年級_數學_112下_期中1_康軒-q009""]",G2-康軒-112下-期中1-P01_R10_安和國小_新北市_2年級_數學_112下_期中1_康軒,question_item,verified,source_materials/tcool_math_g1_g4_康軒_翰林/grade-2/康軒/questions/P01_R10_安和國小_新北市_2年級_數學_112下_期中1_康軒_題目卷.pdf,1,"[0, 0, 4047, 5732]",source_materials/tcool_math_g1_g4_康軒_翰林/_analysis/pilot/pages/G2-_-112_-_1-P01_R10_____2____112___1__/page-1.jpg,一-4,以下哪一個說法不對？,"[""①一個星期有七天。"", ""②一個月大約有四個星期。"", ""③這個星期三到下個星期三剛好是一星期。"", ""④5 月 7 日到 5 月 13 日也是一個星期。""]",source_materials/tcool_math_g1_g4_康軒_翰林/grade-2/康軒/answers/P01_R10_安和國小_新北市_2年級_數學_112下_期中1_康軒_答案卷.pdf,1,首尾都算：本星期三到下星期三共經過的日曆天數為 8 天（不是恰好 7 天=一星期），而 5/7 到 5/13 首尾都算恰為 7 天，故④正確、③不對，與答案卷「4.3」一致。,③這個星期三到下個星期三剛好是一星期。,verified,independent_calculation,康軒,G2,112,下,期中1,,,,康軒 G2 下 第4章 年、月、日,"[""N-2-14""]",[],"[""G2-15-05""]",[],partial,medium,"[""official N-2-14 時間"", ""publisher ('康軒', 'G2', '下', 4) 日期應用題-求所用日數""]",uncertain_review,first_pass
G2-康軒-112下-期中1-P01_R10_安和國小_新北市_2年級_數學_112下_期中1_康軒::ql-q05,"[""G2-康軒-112下-期中1-P01_R10_安和國小_新北市_2年級_數學_112下_期中1_康軒-q001"", ""G2-康軒-112下-期中1-P01_R10_安和國小_新北市_2年級_數學_112下_期中1_康軒-q002"", ""G2-康軒-112下-期中1-P01_R10_安和國小_新北市_2年級_數學_112下_期中1_康軒-q003"", ""G2-康軒-112下-期中1-P01_R10_安和國小_新北市_2年級_數學_112下_期中1_康軒-q004"", ""G2-康軒-112下-期中1-P01_R10_安和國小_新北市_2年級_數學_112下_期中1_康軒-q005"", ""G2-康軒-112下-期中1-P01_R10_安和國小_新北市_2年級_數學_112下_期中1_康軒-q006"", ""G2-康軒-112下-期中1-P01_R10_安和國小_新北市_2年級_數學_112下_期中1_康軒-q007"", ""G2-康軒-112下-期中1-P01_R10_安和國小_新北市_2年級_數學_112下_期中1_康軒-q008"", ""G2-康軒-112下-期中1-P01_R10_安和國小_新北市_2年級_數學_112下_期中1_康軒-q009""]",G2-康軒-112下-期中1-P01_R10_安和國小_新北市_2年級_數學_112下_期中1_康軒,question_item,verified,source_materials/tcool_math_g1_g4_康軒_翰林/grade-2/康軒/questions/P01_R10_安和國小_新北市_2年級_數學_112下_期中1_康軒_題目卷.pdf,1,"[0, 0, 4047, 5732]",source_materials/tcool_math_g1_g4_康軒_翰林/_analysis/pilot/pages/G2-_-112_-_1-P01_R10_____2____112___1__/page-1.jpg,一-5,以下是電器行對售出的電器提供的保固期限，請問哪一個期限最長？,"[""①熱水瓶:1 年"", ""②相機:16 個月"", ""③電視:24 個月"", ""④冷氣:3 年""]",source_materials/tcool_math_g1_g4_康軒_翰林/grade-2/康軒/answers/P01_R10_安和國小_新北市_2年級_數學_112下_期中1_康軒_答案卷.pdf,1,換算月數：12<16<24<36，最長為④3 年=36 個月，與答案卷「5.4」一致。,④冷氣:3 年,verified,independent_calculation,康軒,G2,112,下,期中1,,,,康軒 G2 下 第4章 年、月、日,"[""N-2-14""]",[],"[""G2-15-01""]",[],partial,medium,"[""official N-2-14 時間"", ""publisher ('康軒', 'G2', '下', 4)"", ""月/年單位換算比較，非該章逐項skill唯一對應""]",uncertain_review,first_pass
G2-康軒-112下-期中1-P01_R10_安和國小_新北市_2年級_數學_112下_期中1_康軒::ql-q06,"[""G2-康軒-112下-期中1-P01_R10_安和國小_新北市_2年級_數學_112下_期中1_康軒-q001"", ""G2-康軒-112下-期中1-P01_R10_安和國小_新北市_2年級_數學_112下_期中1_康軒-q002"", ""G2-康軒-112下-期中1-P01_R10_安和國小_新北市_2年級_數學_112下_期中1_康軒-q003"", ""G2-康軒-112下-期中1-P01_R10_安和國小_新北市_2年級_數學_112下_期中1_康軒-q004"", ""G2-康軒-112下-期中1-P01_R10_安和國小_新北市_2年級_數學_112下_期中1_康軒-q005"", ""G2-康軒-112下-期中1-P01_R10_安和國小_新北市_2年級_數學_112下_期中1_康軒-q006"", ""G2-康軒-112下-期中1-P01_R10_安和國小_新北市_2年級_數學_112下_期中1_康軒-q007"", ""G2-康軒-112下-期中1-P01_R10_安和國小_新北市_2年級_數學_112下_期中1_康軒-q008"", ""G2-康軒-112下-期中1-P01_R10_安和國小_新北市_2年級_數學_112下_期中1_康軒-q009""]",G2-康軒-112下-期中1-P01_R10_安和國小_新北市_2年級_數學_112下_期中1_康軒,question_item,verified,source_materials/tcool_math_g1_g4_康軒_翰林/grade-2/康軒/questions/P01_R10_安和國小_新北市_2年級_數學_112下_期中1_康軒_題目卷.pdf,1,"[0, 0, 4047, 5732]",source_materials/tcool_math_g1_g4_康軒_翰林/_analysis/pilot/pages/G2-_-112_-_1-P01_R10_____2____112___1__/page-1.jpg,一-6,以下年月日的說法，哪一個才對？,"[""①小月都有 30 天"", ""②天數最少的月份是 2 月"", ""③大月都有 30 天"", ""④2 月有 28 天的那一年是閏年""]",source_materials/tcool_math_g1_g4_康軒_翰林/grade-2/康軒/answers/P01_R10_安和國小_新北市_2年級_數學_112下_期中1_康軒_答案卷.pdf,1,2 月固定為天數最少月份（28 或 29 天）為真；①③大月應為 31 天、小月非全為 30 天；④2 月有 28 天的年份是平年而非閏年，故只有②正確，與答案卷「6.2」一致。,②天數最少的月份是 2 月,verified,independent_calculation,康軒,G2,112,下,期中1,,,,康軒 G2 下 第4章 年、月、日,"[""N-2-14""]",[],"[""G2-15-02"", ""G2-15-03""]","[""G2-15-02"", ""G2-15-03""]",direct,high,"[""official N-2-14 時間"", ""publisher ('康軒', 'G2', '下', 4)"", ""skill G2-15-02「平年及閏年」、G2-15-03「每月的日數」與題幹(大小月、閏年、2月天數)語意完全一致""]",include,first_pass
G2-康軒-112下-期中1-P01_R10_安和國小_新北市_2年級_數學_112下_期中1_康軒::ql-q07,"[""G2-康軒-112下-期中1-P01_R10_安和國小_新北市_2年級_數學_112下_期中1_康軒-q001"", ""G2-康軒-112下-期中1-P01_R10_安和國小_新北市_2年級_數學_112下_期中1_康軒-q002"", ""G2-康軒-112下-期中1-P01_R10_安和國小_新北市_2年級_數學_112下_期中1_康軒-q003"", ""G2-康軒-112下-期中1-P01_R10_安和國小_新北市_2年級_數學_112下_期中1_康軒-q004"", ""G2-康軒-112下-期中1-P01_R10_安和國小_新北市_2年級_數學_112下_期中1_康軒-q005"", ""G2-康軒-112下-期中1-P01_R10_安和國小_新北市_2年級_數學_112下_期中1_康軒-q006"", ""G2-康軒-112下-期中1-P01_R10_安和國小_新北市_2年級_數學_112下_期中1_康軒-q007"", ""G2-康軒-112下-期中1-P01_R10_安和國小_新北市_2年級_數學_112下_期中1_康軒-q008"", ""G2-康軒-112下-期中1-P01_R10_安和國小_新北市_2年級_數學_112下_期中1_康軒-q009""]",G2-康軒-112下-期中1-P01_R10_安和國小_新北市_2年級_數學_112下_期中1_康軒,question_item,verified,source_materials/tcool_math_g1_g4_康軒_翰林/grade-2/康軒/questions/P01_R10_安和國小_新北市_2年級_數學_112下_期中1_康軒_題目卷.pdf,1,"[0, 0, 4047, 5732]",source_materials/tcool_math_g1_g4_康軒_翰林/_analysis/pilot/pages/G2-_-112_-_1-P01_R10_____2____112___1__/page-1.jpg,一-7,以下哪一個說法不對？,"[""①正三角形的三個邊都一樣長"", ""②正方形和長方形都有四個角"", ""③正方形的上下兩條邊一樣長"", ""④長方形的上下兩條邊不一樣長""]",source_materials/tcool_math_g1_g4_康軒_翰林/grade-2/康軒/answers/P01_R10_安和國小_新北市_2年級_數學_112下_期中1_康軒_答案卷.pdf,1,長方形對邊相等，上下兩邊應一樣長，故④敘述不對，與答案卷「7.4」一致。,④長方形的上下兩條邊不一樣長,verified,independent_calculation,康軒,G2,112,下,期中1,,,,康軒 G2 下 第3章 平面圖形,"[""S-2-1"", ""S-2-2""]",[],"[""G2-17-01""]",[],partial,medium,"[""official S-2-1 物體之幾何特徵/S-2-2 簡單幾何形體"", ""publisher ('康軒', 'G2', '下', 3)"", ""涉及正方形/長方形邊角性質綜合判斷""]",uncertain_review,first_pass
G2-康軒-112下-期中1-P01_R10_安和國小_新北市_2年級_數學_112下_期中1_康軒::ql-q08,"[""G2-康軒-112下-期中1-P01_R10_安和國小_新北市_2年級_數學_112下_期中1_康軒-q001"", ""G2-康軒-112下-期中1-P01_R10_安和國小_新北市_2年級_數學_112下_期中1_康軒-q002"", ""G2-康軒-112下-期中1-P01_R10_安和國小_新北市_2年級_數學_112下_期中1_康軒-q003"", ""G2-康軒-112下-期中1-P01_R10_安和國小_新北市_2年級_數學_112下_期中1_康軒-q004"", ""G2-康軒-112下-期中1-P01_R10_安和國小_新北市_2年級_數學_112下_期中1_康軒-q005"", ""G2-康軒-112下-期中1-P01_R10_安和國小_新北市_2年級_數學_112下_期中1_康軒-q006"", ""G2-康軒-112下-期中1-P01_R10_安和國小_新北市_2年級_數學_112下_期中1_康軒-q007"", ""G2-康軒-112下-期中1-P01_R10_安和國小_新北市_2年級_數學_112下_期中1_康軒-q008"", ""G2-康軒-112下-期中1-P01_R10_安和國小_新北市_2年級_數學_112下_期中1_康軒-q009""]",G2-康軒-112下-期中1-P01_R10_安和國小_新北市_2年級_數學_112下_期中1_康軒,question_item,verified,source_materials/tcool_math_g1_g4_康軒_翰林/grade-2/康軒/questions/P01_R10_安和國小_新北市_2年級_數學_112下_期中1_康軒_題目卷.pdf,1,"[0, 0, 4047, 5732]",source_materials/tcool_math_g1_g4_康軒_翰林/_analysis/pilot/pages/G2-_-112_-_1-P01_R10_____2____112___1__/page-1.jpg,二-1-①,按照順序填填看：665-765-( )-( ),[],source_materials/tcool_math_g1_g4_康軒_翰林/grade-2/康軒/answers/P01_R10_安和國小_新北市_2年級_數學_112下_期中1_康軒_答案卷.pdf,1,"等差 +100：665,765,865,965，與答案卷「1.①865、965」一致。",865、965,verified,independent_calculation,康軒,G2,112,下,期中1,,,,康軒 G2 下 第1章 1000 以內的數,"[""N-2-1""]",[],"[""G2-11-01""]","[""G2-11-01""]",direct,high,"[""official N-2-1 一千以內的數"", ""publisher ('康軒', 'G2', '下', 1)"", ""skill G2-11-01「順數和倒數」直接對應等差數列填空""]",include,first_pass
G2-康軒-112下-期中1-P01_R10_安和國小_新北市_2年級_數學_112下_期中1_康軒::ql-q09,"[""G2-康軒-112下-期中1-P01_R10_安和國小_新北市_2年級_數學_112下_期中1_康軒-q001"", ""G2-康軒-112下-期中1-P01_R10_安和國小_新北市_2年級_數學_112下_期中1_康軒-q002"", ""G2-康軒-112下-期中1-P01_R10_安和國小_新北市_2年級_數學_112下_期中1_康軒-q003"", ""G2-康軒-112下-期中1-P01_R10_安和國小_新北市_2年級_數學_112下_期中1_康軒-q004"", ""G2-康軒-112下-期中1-P01_R10_安和國小_新北市_2年級_數學_112下_期中1_康軒-q005"", ""G2-康軒-112下-期中1-P01_R10_安和國小_新北市_2年級_數學_112下_期中1_康軒-q006"", ""G2-康軒-112下-期中1-P01_R10_安和國小_新北市_2年級_數學_112下_期中1_康軒-q007"", ""G2-康軒-112下-期中1-P01_R10_安和國小_新北市_2年級_數學_112下_期中1_康軒-q008"", ""G2-康軒-112下-期中1-P01_R10_安和國小_新北市_2年級_數學_112下_期中1_康軒-q009""]",G2-康軒-112下-期中1-P01_R10_安和國小_新北市_2年級_數學_112下_期中1_康軒,question_item,verified,source_materials/tcool_math_g1_g4_康軒_翰林/grade-2/康軒/questions/P01_R10_安和國小_新北市_2年級_數學_112下_期中1_康軒_題目卷.pdf,1,"[0, 0, 4047, 5732]",source_materials/tcool_math_g1_g4_康軒_翰林/_analysis/pilot/pages/G2-_-112_-_1-P01_R10_____2____112___1__/page-1.jpg,二-1-②,按照順序填填看：910-900-( )-( )-870,[],source_materials/tcool_math_g1_g4_康軒_翰林/grade-2/康軒/answers/P01_R10_安和國小_新北市_2年級_數學_112下_期中1_康軒_答案卷.pdf,1,"等差 -10：910,900,890,880,870，與答案卷「1.②890、880」一致。",890、880,verified,independent_calculation,康軒,G2,112,下,期中1,,,,康軒 G2 下 第1章 1000 以內的數,"[""N-2-1""]",[],"[""G2-11-01""]","[""G2-11-01""]",direct,high,"[""同 q08：910-900-()-()-870 等差-10 數列"", ""publisher ('康軒', 'G2', '下', 1)""]",include,first_pass
G2-康軒-112下-期中1-P01_R10_安和國小_新北市_2年級_數學_112下_期中1_康軒::ql-q10,"[""G2-康軒-112下-期中1-P01_R10_安和國小_新北市_2年級_數學_112下_期中1_康軒-q001"", ""G2-康軒-112下-期中1-P01_R10_安和國小_新北市_2年級_數學_112下_期中1_康軒-q002"", ""G2-康軒-112下-期中1-P01_R10_安和國小_新北市_2年級_數學_112下_期中1_康軒-q003"", ""G2-康軒-112下-期中1-P01_R10_安和國小_新北市_2年級_數學_112下_期中1_康軒-q004"", ""G2-康軒-112下-期中1-P01_R10_安和國小_新北市_2年級_數學_112下_期中1_康軒-q005"", ""G2-康軒-112下-期中1-P01_R10_安和國小_新北市_2年級_數學_112下_期中1_康軒-q006"", ""G2-康軒-112下-期中1-P01_R10_安和國小_新北市_2年級_數學_112下_期中1_康軒-q007"", ""G2-康軒-112下-期中1-P01_R10_安和國小_新北市_2年級_數學_112下_期中1_康軒-q008"", ""G2-康軒-112下-期中1-P01_R10_安和國小_新北市_2年級_數學_112下_期中1_康軒-q009""]",G2-康軒-112下-期中1-P01_R10_安和國小_新北市_2年級_數學_112下_期中1_康軒,question_item,verified,source_materials/tcool_math_g1_g4_康軒_翰林/grade-2/康軒/questions/P01_R10_安和國小_新北市_2年級_數學_112下_期中1_康軒_題目卷.pdf,1,"[0, 0, 4047, 5732]",source_materials/tcool_math_g1_g4_康軒_翰林/_analysis/pilot/pages/G2-_-112_-_1-P01_R10_____2____112___1__/page-1.jpg,二-2-①,答案大約是多少，在□裡打√：707-598,"[""□300"", ""□200"", ""□100""]",source_materials/tcool_math_g1_g4_康軒_翰林/grade-2/康軒/answers/P01_R10_安和國小_新北市_2年級_數學_112下_期中1_康軒_答案卷.pdf,1,估算 700-600=100，與答案卷「2.①√100」一致。,□100,verified,independent_calculation,康軒,G2,112,下,期中1,,,,康軒 G2 下 第2章 三位數的加減,"[""N-2-2""]",[],[],[],uncertain,low,"[""official N-2-2 加減算式與直式計算"", ""publisher ('康軒', 'G2', '下', 2)"", ""估算勾選題在康軒G2下skill清單中無明確對應項目，保留uncertain""]",uncertain_review,first_pass
G2-康軒-112下-期中1-P01_R10_安和國小_新北市_2年級_數學_112下_期中1_康軒::ql-q11,"[""G2-康軒-112下-期中1-P01_R10_安和國小_新北市_2年級_數學_112下_期中1_康軒-q001"", ""G2-康軒-112下-期中1-P01_R10_安和國小_新北市_2年級_數學_112下_期中1_康軒-q002"", ""G2-康軒-112下-期中1-P01_R10_安和國小_新北市_2年級_數學_112下_期中1_康軒-q003"", ""G2-康軒-112下-期中1-P01_R10_安和國小_新北市_2年級_數學_112下_期中1_康軒-q004"", ""G2-康軒-112下-期中1-P01_R10_安和國小_新北市_2年級_數學_112下_期中1_康軒-q005"", ""G2-康軒-112下-期中1-P01_R10_安和國小_新北市_2年級_數學_112下_期中1_康軒-q006"", ""G2-康軒-112下-期中1-P01_R10_安和國小_新北市_2年級_數學_112下_期中1_康軒-q007"", ""G2-康軒-112下-期中1-P01_R10_安和國小_新北市_2年級_數學_112下_期中1_康軒-q008"", ""G2-康軒-112下-期中1-P01_R10_安和國小_新北市_2年級_數學_112下_期中1_康軒-q009""]",G2-康軒-112下-期中1-P01_R10_安和國小_新北市_2年級_數學_112下_期中1_康軒,question_item,verified,source_materials/tcool_math_g1_g4_康軒_翰林/grade-2/康軒/questions/P01_R10_安和國小_新北市_2年級_數學_112下_期中1_康軒_題目卷.pdf,1,"[0, 0, 4047, 5732]",source_materials/tcool_math_g1_g4_康軒_翰林/_analysis/pilot/pages/G2-_-112_-_1-P01_R10_____2____112___1__/page-1.jpg,二-2-②,答案大約是多少，在□裡打√：610+99,"[""□600"", ""□700"", ""□800""]",source_materials/tcool_math_g1_g4_康軒_翰林/grade-2/康軒/answers/P01_R10_安和國小_新北市_2年級_數學_112下_期中1_康軒_答案卷.pdf,1,估算 600+100=700，與答案卷「2.②√700」一致。,□700,verified,independent_calculation,康軒,G2,112,下,期中1,,,,康軒 G2 下 第2章 三位數的加減,"[""N-2-2""]",[],[],[],uncertain,low,"[""同 q10：估算 610+99""]",uncertain_review,first_pass
G2-康軒-112下-期中1-P01_R10_安和國小_新北市_2年級_數學_112下_期中1_康軒::ql-q12,"[""G2-康軒-112下-期中1-P01_R10_安和國小_新北市_2年級_數學_112下_期中1_康軒-q001"", ""G2-康軒-112下-期中1-P01_R10_安和國小_新北市_2年級_數學_112下_期中1_康軒-q002"", ""G2-康軒-112下-期中1-P01_R10_安和國小_新北市_2年級_數學_112下_期中1_康軒-q003"", ""G2-康軒-112下-期中1-P01_R10_安和國小_新北市_2年級_數學_112下_期中1_康軒-q004"", ""G2-康軒-112下-期中1-P01_R10_安和國小_新北市_2年級_數學_112下_期中1_康軒-q005"", ""G2-康軒-112下-期中1-P01_R10_安和國小_新北市_2年級_數學_112下_期中1_康軒-q006"", ""G2-康軒-112下-期中1-P01_R10_安和國小_新北市_2年級_數學_112下_期中1_康軒-q007"", ""G2-康軒-112下-期中1-P01_R10_安和國小_新北市_2年級_數學_112下_期中1_康軒-q008"", ""G2-康軒-112下-期中1-P01_R10_安和國小_新北市_2年級_數學_112下_期中1_康軒-q009""]",G2-康軒-112下-期中1-P01_R10_安和國小_新北市_2年級_數學_112下_期中1_康軒,question_item,verified,source_materials/tcool_math_g1_g4_康軒_翰林/grade-2/康軒/questions/P01_R10_安和國小_新北市_2年級_數學_112下_期中1_康軒_題目卷.pdf,1,"[0, 0, 4047, 5732]",source_materials/tcool_math_g1_g4_康軒_翰林/_analysis/pilot/pages/G2-_-112_-_1-P01_R10_____2____112___1__/page-1.jpg,二-3,用數字卡 4 7 0 6 3 排排看。最大的三位數字是( )；最小的三位數字是( )。,[],source_materials/tcool_math_g1_g4_康軒_翰林/grade-2/康軒/answers/P01_R10_安和國小_新北市_2年級_數學_112下_期中1_康軒_答案卷.pdf,1,"可用數字 {4,7,0,6,3}；三位數首位不可為0：最大取高位遞減 764，最小取首位最小之非零數3 再配最小兩位 04 得 304。與答案卷「3.(764)、(304)」一致。",764、304,verified,independent_calculation,康軒,G2,112,下,期中1,,,,康軒 G2 下 第1章 1000 以內的數,"[""N-2-1""]",[],"[""G2-11-02""]","[""G2-11-02""]",direct,high,"[""official N-2-1 一千以內的數"", ""publisher ('康軒', 'G2', '下', 1)"", ""skill G2-11-02「認識三位數」對應位值排列求最大最小三位數""]",include,first_pass
G2-康軒-112下-期中1-P01_R10_安和國小_新北市_2年級_數學_112下_期中1_康軒::ql-q13,"[""G2-康軒-112下-期中1-P01_R10_安和國小_新北市_2年級_數學_112下_期中1_康軒-q001"", ""G2-康軒-112下-期中1-P01_R10_安和國小_新北市_2年級_數學_112下_期中1_康軒-q002"", ""G2-康軒-112下-期中1-P01_R10_安和國小_新北市_2年級_數學_112下_期中1_康軒-q003"", ""G2-康軒-112下-期中1-P01_R10_安和國小_新北市_2年級_數學_112下_期中1_康軒-q004"", ""G2-康軒-112下-期中1-P01_R10_安和國小_新北市_2年級_數學_112下_期中1_康軒-q005"", ""G2-康軒-112下-期中1-P01_R10_安和國小_新北市_2年級_數學_112下_期中1_康軒-q006"", ""G2-康軒-112下-期中1-P01_R10_安和國小_新北市_2年級_數學_112下_期中1_康軒-q007"", ""G2-康軒-112下-期中1-P01_R10_安和國小_新北市_2年級_數學_112下_期中1_康軒-q008"", ""G2-康軒-112下-期中1-P01_R10_安和國小_新北市_2年級_數學_112下_期中1_康軒-q009""]",G2-康軒-112下-期中1-P01_R10_安和國小_新北市_2年級_數學_112下_期中1_康軒,question_item,verified,source_materials/tcool_math_g1_g4_康軒_翰林/grade-2/康軒/questions/P01_R10_安和國小_新北市_2年級_數學_112下_期中1_康軒_題目卷.pdf,1,"[0, 0, 4047, 5732]",source_materials/tcool_math_g1_g4_康軒_翰林/_analysis/pilot/pages/G2-_-112_-_1-P01_R10_____2____112___1__/page-1.jpg,二-4,一盒蘋果有 10 顆，十盒裝成一箱。店裡有 870 顆蘋果，可以裝成( )箱又( )盒。今天賣掉 3 箱，還剩( )顆。,[],source_materials/tcool_math_g1_g4_康軒_翰林/grade-2/康軒/answers/P01_R10_安和國小_新北市_2年級_數學_112下_期中1_康軒_答案卷.pdf,1,870÷10=87 盒=8 箱 7 盒；賣掉 3 箱=300 顆；870-300=570 顆。與答案卷「4.(8)箱(7)盒，剩(570)顆」一致。,8 箱 7 盒；剩 570 顆,verified,independent_calculation,康軒,G2,112,下,期中1,,,,,"[""N-2-8""]",[],[],[],uncertain,low,"[""official N-2-8 解題(除法應用情境)"", ""康軒G2下課本除法列於第9-10章「分分看/分數」而非本題之箱盒進位分裝情境，出版社章節無法唯一對應，保留uncertain""]",uncertain_review,first_pass
G2-康軒-112下-期中1-P01_R10_安和國小_新北市_2年級_數學_112下_期中1_康軒::ql-q14,"[""G2-康軒-112下-期中1-P01_R10_安和國小_新北市_2年級_數學_112下_期中1_康軒-q001"", ""G2-康軒-112下-期中1-P01_R10_安和國小_新北市_2年級_數學_112下_期中1_康軒-q002"", ""G2-康軒-112下-期中1-P01_R10_安和國小_新北市_2年級_數學_112下_期中1_康軒-q003"", ""G2-康軒-112下-期中1-P01_R10_安和國小_新北市_2年級_數學_112下_期中1_康軒-q004"", ""G2-康軒-112下-期中1-P01_R10_安和國小_新北市_2年級_數學_112下_期中1_康軒-q005"", ""G2-康軒-112下-期中1-P01_R10_安和國小_新北市_2年級_數學_112下_期中1_康軒-q006"", ""G2-康軒-112下-期中1-P01_R10_安和國小_新北市_2年級_數學_112下_期中1_康軒-q007"", ""G2-康軒-112下-期中1-P01_R10_安和國小_新北市_2年級_數學_112下_期中1_康軒-q008"", ""G2-康軒-112下-期中1-P01_R10_安和國小_新北市_2年級_數學_112下_期中1_康軒-q009""]",G2-康軒-112下-期中1-P01_R10_安和國小_新北市_2年級_數學_112下_期中1_康軒,question_item,verified,source_materials/tcool_math_g1_g4_康軒_翰林/grade-2/康軒/questions/P01_R10_安和國小_新北市_2年級_數學_112下_期中1_康軒_題目卷.pdf,1,"[0, 0, 4047, 5732]",source_materials/tcool_math_g1_g4_康軒_翰林/_analysis/pilot/pages/G2-_-112_-_1-P01_R10_____2____112___1__/page-1.jpg,二-5-①,比一比，填入 >、< 或 =：408( )4 個百 18 個一,[],source_materials/tcool_math_g1_g4_康軒_翰林/grade-2/康軒/answers/P01_R10_安和國小_新北市_2年級_數學_112下_期中1_康軒_答案卷.pdf,1,4 個百 18 個一=418；408<418。與答案卷「5.①<」一致。,<,verified,independent_calculation,康軒,G2,112,下,期中1,,,,康軒 G2 下 第1章 1000 以內的數,"[""N-2-1""]",[],"[""G2-11-06"", ""G2-11-07""]","[""G2-11-06"", ""G2-11-07""]",direct,high,"[""official N-2-1"", ""publisher ('康軒', 'G2', '下', 1)"", ""skill G2-11-06/07 比較大小""]",include,first_pass
G2-康軒-112下-期中1-P01_R10_安和國小_新北市_2年級_數學_112下_期中1_康軒::ql-q15,"[""G2-康軒-112下-期中1-P01_R10_安和國小_新北市_2年級_數學_112下_期中1_康軒-q001"", ""G2-康軒-112下-期中1-P01_R10_安和國小_新北市_2年級_數學_112下_期中1_康軒-q002"", ""G2-康軒-112下-期中1-P01_R10_安和國小_新北市_2年級_數學_112下_期中1_康軒-q003"", ""G2-康軒-112下-期中1-P01_R10_安和國小_新北市_2年級_數學_112下_期中1_康軒-q004"", ""G2-康軒-112下-期中1-P01_R10_安和國小_新北市_2年級_數學_112下_期中1_康軒-q005"", ""G2-康軒-112下-期中1-P01_R10_安和國小_新北市_2年級_數學_112下_期中1_康軒-q006"", ""G2-康軒-112下-期中1-P01_R10_安和國小_新北市_2年級_數學_112下_期中1_康軒-q007"", ""G2-康軒-112下-期中1-P01_R10_安和國小_新北市_2年級_數學_112下_期中1_康軒-q008"", ""G2-康軒-112下-期中1-P01_R10_安和國小_新北市_2年級_數學_112下_期中1_康軒-q009""]",G2-康軒-112下-期中1-P01_R10_安和國小_新北市_2年級_數學_112下_期中1_康軒,question_item,verified,source_materials/tcool_math_g1_g4_康軒_翰林/grade-2/康軒/questions/P01_R10_安和國小_新北市_2年級_數學_112下_期中1_康軒_題目卷.pdf,1,"[0, 0, 4047, 5732]",source_materials/tcool_math_g1_g4_康軒_翰林/_analysis/pilot/pages/G2-_-112_-_1-P01_R10_____2____112___1__/page-1.jpg,二-5-②,比一比，填入 >、< 或 =：5 個百 6 個十 13 個 1( )5 個百 7 個十,[],source_materials/tcool_math_g1_g4_康軒_翰林/grade-2/康軒/answers/P01_R10_安和國小_新北市_2年級_數學_112下_期中1_康軒_答案卷.pdf,1,5 個百6個十13個1=573；5個百7個十=570；573>570。與答案卷「5.②>」一致。,>,verified,independent_calculation,康軒,G2,112,下,期中1,,,,康軒 G2 下 第1章 1000 以內的數,"[""N-2-1""]",[],"[""G2-11-06"", ""G2-11-07""]","[""G2-11-06"", ""G2-11-07""]",direct,high,"[""同 q14：位值合成後比大小""]",include,first_pass
G2-康軒-112下-期中1-P01_R10_安和國小_新北市_2年級_數學_112下_期中1_康軒::ql-q16,"[""G2-康軒-112下-期中1-P01_R10_安和國小_新北市_2年級_數學_112下_期中1_康軒-q001"", ""G2-康軒-112下-期中1-P01_R10_安和國小_新北市_2年級_數學_112下_期中1_康軒-q002"", ""G2-康軒-112下-期中1-P01_R10_安和國小_新北市_2年級_數學_112下_期中1_康軒-q003"", ""G2-康軒-112下-期中1-P01_R10_安和國小_新北市_2年級_數學_112下_期中1_康軒-q004"", ""G2-康軒-112下-期中1-P01_R10_安和國小_新北市_2年級_數學_112下_期中1_康軒-q005"", ""G2-康軒-112下-期中1-P01_R10_安和國小_新北市_2年級_數學_112下_期中1_康軒-q006"", ""G2-康軒-112下-期中1-P01_R10_安和國小_新北市_2年級_數學_112下_期中1_康軒-q007"", ""G2-康軒-112下-期中1-P01_R10_安和國小_新北市_2年級_數學_112下_期中1_康軒-q008"", ""G2-康軒-112下-期中1-P01_R10_安和國小_新北市_2年級_數學_112下_期中1_康軒-q009""]",G2-康軒-112下-期中1-P01_R10_安和國小_新北市_2年級_數學_112下_期中1_康軒,question_item,verified,source_materials/tcool_math_g1_g4_康軒_翰林/grade-2/康軒/questions/P01_R10_安和國小_新北市_2年級_數學_112下_期中1_康軒_題目卷.pdf,1,"[0, 0, 4047, 5732]",source_materials/tcool_math_g1_g4_康軒_翰林/_analysis/pilot/pages/G2-_-112_-_1-P01_R10_____2____112___1__/page-1.jpg,二-5-③,比一比，填入 >、< 或 =：4×6( )8×6,[],source_materials/tcool_math_g1_g4_康軒_翰林/grade-2/康軒/answers/P01_R10_安和國小_新北市_2年級_數學_112下_期中1_康軒_答案卷.pdf,1,24<48。與答案卷「5.③<」一致。,<,verified,independent_calculation,康軒,G2,112,下,期中1,,,,康軒 G2 下 第5章 乘法,"[""N-2-6""]",[],"[""G2-06-03""]",[],partial,medium,"[""official N-2-6 乘法"", ""康軒G2下第5章乘法"", ""乘積比大小非單一skill精確對應，列partial""]",uncertain_review,first_pass
G2-康軒-112下-期中1-P01_R10_安和國小_新北市_2年級_數學_112下_期中1_康軒::ql-q17,"[""G2-康軒-112下-期中1-P01_R10_安和國小_新北市_2年級_數學_112下_期中1_康軒-q001"", ""G2-康軒-112下-期中1-P01_R10_安和國小_新北市_2年級_數學_112下_期中1_康軒-q002"", ""G2-康軒-112下-期中1-P01_R10_安和國小_新北市_2年級_數學_112下_期中1_康軒-q003"", ""G2-康軒-112下-期中1-P01_R10_安和國小_新北市_2年級_數學_112下_期中1_康軒-q004"", ""G2-康軒-112下-期中1-P01_R10_安和國小_新北市_2年級_數學_112下_期中1_康軒-q005"", ""G2-康軒-112下-期中1-P01_R10_安和國小_新北市_2年級_數學_112下_期中1_康軒-q006"", ""G2-康軒-112下-期中1-P01_R10_安和國小_新北市_2年級_數學_112下_期中1_康軒-q007"", ""G2-康軒-112下-期中1-P01_R10_安和國小_新北市_2年級_數學_112下_期中1_康軒-q008"", ""G2-康軒-112下-期中1-P01_R10_安和國小_新北市_2年級_數學_112下_期中1_康軒-q009""]",G2-康軒-112下-期中1-P01_R10_安和國小_新北市_2年級_數學_112下_期中1_康軒,question_item,verified,source_materials/tcool_math_g1_g4_康軒_翰林/grade-2/康軒/questions/P01_R10_安和國小_新北市_2年級_數學_112下_期中1_康軒_題目卷.pdf,1,"[0, 0, 4047, 5732]",source_materials/tcool_math_g1_g4_康軒_翰林/_analysis/pilot/pages/G2-_-112_-_1-P01_R10_____2____112___1__/page-1.jpg,二-5-④,比一比，填入 >、< 或 =：6×9( )9×6,[],source_materials/tcool_math_g1_g4_康軒_翰林/grade-2/康軒/answers/P01_R10_安和國小_新北市_2年級_數學_112下_期中1_康軒_答案卷.pdf,1,54=54。與答案卷「5.④=」一致。,=,verified,independent_calculation,康軒,G2,112,下,期中1,,,,康軒 G2 下 第5章 乘法,"[""N-2-6""]",[],[],[],partial,medium,"[""6x9 vs 9x6 驗證交換律，official R-2-3 兩數相乘的順序不影響其積""]",uncertain_review,first_pass
G2-康軒-112下-期中1-P01_R10_安和國小_新北市_2年級_數學_112下_期中1_康軒::ql-q18,"[""G2-康軒-112下-期中1-P01_R10_安和國小_新北市_2年級_數學_112下_期中1_康軒-q010"", ""G2-康軒-112下-期中1-P01_R10_安和國小_新北市_2年級_數學_112下_期中1_康軒-q011"", ""G2-康軒-112下-期中1-P01_R10_安和國小_新北市_2年級_數學_112下_期中1_康軒-q012"", ""G2-康軒-112下-期中1-P01_R10_安和國小_新北市_2年級_數學_112下_期中1_康軒-q013""]",G2-康軒-112下-期中1-P01_R10_安和國小_新北市_2年級_數學_112下_期中1_康軒,question_item,verified,source_materials/tcool_math_g1_g4_康軒_翰林/grade-2/康軒/questions/P01_R10_安和國小_新北市_2年級_數學_112下_期中1_康軒_題目卷.pdf,2,"[200, 350, 1550, 1200]",source_materials/tcool_math_g1_g4_康軒_翰林/_analysis/pilot/pages/G2-_-112_-_1-P01_R10_____2____112___1__/page-2.jpg,二-6-①,根據月曆（3 月月曆圖，3/1 對齊「一」欄＝星期一），想一想再答題：美術館從 3 月 12 日起，展開 10 天的水彩畫展覽，最後一天是 3 月( )日。,[],source_materials/tcool_math_g1_g4_康軒_翰林/grade-2/康軒/answers/P01_R10_安和國小_新北市_2年級_數學_112下_期中1_康軒_答案卷.pdf,1,3/12 為第1天，第10天=3/12+9=3/21。與答案卷「6.①(21)」一致；月曆圖已裁切存證確認 3/1=星期一。,21,verified,independent_calculation,康軒,G2,112,下,期中1,,,,康軒 G2 下 第4章 年、月、日,"[""N-2-14""]",[],"[""G2-15-04""]","[""G2-15-04""]",direct,high,"[""official N-2-14 時間"", ""publisher ('康軒', 'G2', '下', 4)"", ""skill G2-15-04「日期應用題-求結束日期」對應月曆展覽結束日推算""]",include,first_pass
G2-康軒-112下-期中1-P01_R10_安和國小_新北市_2年級_數學_112下_期中1_康軒::ql-q19,"[""G2-康軒-112下-期中1-P01_R10_安和國小_新北市_2年級_數學_112下_期中1_康軒-q010"", ""G2-康軒-112下-期中1-P01_R10_安和國小_新北市_2年級_數學_112下_期中1_康軒-q011"", ""G2-康軒-112下-期中1-P01_R10_安和國小_新北市_2年級_數學_112下_期中1_康軒-q012"", ""G2-康軒-112下-期中1-P01_R10_安和國小_新北市_2年級_數學_112下_期中1_康軒-q013""]",G2-康軒-112下-期中1-P01_R10_安和國小_新北市_2年級_數學_112下_期中1_康軒,question_item,verified,source_materials/tcool_math_g1_g4_康軒_翰林/grade-2/康軒/questions/P01_R10_安和國小_新北市_2年級_數學_112下_期中1_康軒_題目卷.pdf,2,"[200, 350, 1550, 1200]",source_materials/tcool_math_g1_g4_康軒_翰林/_analysis/pilot/pages/G2-_-112_-_1-P01_R10_____2____112___1__/page-2.jpg,二-6-②,媽媽 3 月 16 日到日本出差 1 個星期，最後一天是 3 月( )日，回國後想去看水彩畫展覽，請問她來得及或來不及呢？答:( ),[],source_materials/tcool_math_g1_g4_康軒_翰林/grade-2/康軒/answers/P01_R10_安和國小_新北市_2年級_數學_112下_期中1_康軒_答案卷.pdf,1,3/16 為第1天，滿1星期(7天)最後一天=3/16+6=3/22；展覽已於3/21結束(見二-6-①)，3/22>3/21 故來不及。與答案卷「6.②(22)、(來不及)」一致。,22；來不及,verified,independent_calculation,康軒,G2,112,下,期中1,,,,康軒 G2 下 第4章 年、月、日,"[""N-2-14""]",[],"[""G2-15-04"", ""G2-15-06""]","[""G2-15-04"", ""G2-15-06""]",direct,high,"[""出差結束日期+來得及判斷，對應 G2-15-04/06 日期應用題""]",include,first_pass
G2-康軒-112下-期中1-P01_R10_安和國小_新北市_2年級_數學_112下_期中1_康軒::ql-q20,"[""G2-康軒-112下-期中1-P01_R10_安和國小_新北市_2年級_數學_112下_期中1_康軒-q010"", ""G2-康軒-112下-期中1-P01_R10_安和國小_新北市_2年級_數學_112下_期中1_康軒-q011"", ""G2-康軒-112下-期中1-P01_R10_安和國小_新北市_2年級_數學_112下_期中1_康軒-q012"", ""G2-康軒-112下-期中1-P01_R10_安和國小_新北市_2年級_數學_112下_期中1_康軒-q013""]",G2-康軒-112下-期中1-P01_R10_安和國小_新北市_2年級_數學_112下_期中1_康軒,question_item,verified,source_materials/tcool_math_g1_g4_康軒_翰林/grade-2/康軒/questions/P01_R10_安和國小_新北市_2年級_數學_112下_期中1_康軒_題目卷.pdf,2,"[200, 350, 1550, 1200]",source_materials/tcool_math_g1_g4_康軒_翰林/_analysis/pilot/pages/G2-_-112_-_1-P01_R10_____2____112___1__/page-2.jpg,二-6-③,查看上表 4 月 1 日是爸爸的生日，那一天是星期( ),[],source_materials/tcool_math_g1_g4_康軒_翰林/grade-2/康軒/answers/P01_R10_安和國小_新北市_2年級_數學_112下_期中1_康軒_答案卷.pdf,1,月曆圖確認 3/1=星期一；3月共31天，4/1=3/1+31天，31 mod 7=3，星期一+3=星期四。與答案卷「6.③(四)」一致。,四,verified,independent_calculation,康軒,G2,112,下,期中1,,,,康軒 G2 下 第4章 年、月、日,"[""N-2-14""]",[],"[""G2-15-01""]",[],partial,medium,"[""月曆對照求星期幾，屬 G2-15 章節但無逐項對應skill""]",uncertain_review,first_pass
G2-康軒-112下-期中1-P01_R10_安和國小_新北市_2年級_數學_112下_期中1_康軒::ql-q21,"[""G2-康軒-112下-期中1-P01_R10_安和國小_新北市_2年級_數學_112下_期中1_康軒-q010"", ""G2-康軒-112下-期中1-P01_R10_安和國小_新北市_2年級_數學_112下_期中1_康軒-q011"", ""G2-康軒-112下-期中1-P01_R10_安和國小_新北市_2年級_數學_112下_期中1_康軒-q012"", ""G2-康軒-112下-期中1-P01_R10_安和國小_新北市_2年級_數學_112下_期中1_康軒-q013""]",G2-康軒-112下-期中1-P01_R10_安和國小_新北市_2年級_數學_112下_期中1_康軒,question_item,verified,source_materials/tcool_math_g1_g4_康軒_翰林/grade-2/康軒/questions/P01_R10_安和國小_新北市_2年級_數學_112下_期中1_康軒_題目卷.pdf,2,"[30, 3000, 1750, 750]",source_materials/tcool_math_g1_g4_康軒_翰林/_analysis/pilot/pages/G2-_-112_-_1-P01_R10_____2____112___1__/page-2.jpg,二-7,看圖填入：頂點、邊或角（直角三角形圖，三個箭頭依序指向：頂點交角處、斜邊中段、右下方頂點）,[],source_materials/tcool_math_g1_g4_康軒_翰林/grade-2/康軒/answers/P01_R10_安和國小_新北市_2年級_數學_112下_期中1_康軒_答案卷.pdf,1,裁圖確認：左側箭頭指向頂角夾角弧線記號=角；右上箭頭指向斜邊線段中段=邊；最右側括號緊鄰三角形右下角頂點=頂點。三空格由左至右依序為角、邊、頂點，與答案卷「7.(角)、(邊)、(頂點)」順序一致。,角、邊、頂點,verified,independent_calculation,康軒,G2,112,下,期中1,,,,康軒 G2 下 第3章 平面圖形,"[""S-2-1""]",[],"[""G2-17-01""]","[""G2-17-01""]",direct,high,"[""official S-2-1 物體之幾何特徵"", ""publisher ('康軒', 'G2', '下', 3)"", ""skill G2-17-01「認識平面圖形的基本概念」對應頂點/邊/角辨識""]",include,first_pass
G2-康軒-112下-期中1-P01_R10_安和國小_新北市_2年級_數學_112下_期中1_康軒::ql-q22,"[""G2-康軒-112下-期中1-P01_R10_安和國小_新北市_2年級_數學_112下_期中1_康軒-q010"", ""G2-康軒-112下-期中1-P01_R10_安和國小_新北市_2年級_數學_112下_期中1_康軒-q011"", ""G2-康軒-112下-期中1-P01_R10_安和國小_新北市_2年級_數學_112下_期中1_康軒-q012"", ""G2-康軒-112下-期中1-P01_R10_安和國小_新北市_2年級_數學_112下_期中1_康軒-q013""]",G2-康軒-112下-期中1-P01_R10_安和國小_新北市_2年級_數學_112下_期中1_康軒,question_item,verified,source_materials/tcool_math_g1_g4_康軒_翰林/grade-2/康軒/questions/P01_R10_安和國小_新北市_2年級_數學_112下_期中1_康軒_題目卷.pdf,2,"[0, 0, 4047, 5732]",source_materials/tcool_math_g1_g4_康軒_翰林/_analysis/pilot/pages/G2-_-112_-_1-P01_R10_____2____112___1__/page-2.jpg,二-8-①,看圖回答（正三角形疊於正方形上，四邊皆標示 6 公分）：①用色筆描出上圖的周界。,[],source_materials/tcool_math_g1_g4_康軒_翰林/grade-2/康軒/answers/P01_R10_安和國小_新北市_2年級_數學_112下_期中1_康軒_答案卷.pdf,1,此為描邊操作題，答案卷本身亦標示「周界(略)」，無可獨立驗算之文字/數值答案，故不計入 verified 可用題，留待人工檢視描邊正確性。,略（操作題，描邊，無固定文字答案）,needs_review,visual_manual_required,康軒,G2,112,下,期中1,,,,康軒 G2 下 第3章 平面圖形,"[""S-2-4""]",[],"[""G2-17-01""]",[],partial,medium,"[""描邊操作題對應 S-2-4 平面圖形的邊長，但無固定文字答案故仍needs_review""]",uncertain_review,first_pass
G2-康軒-112下-期中1-P01_R10_安和國小_新北市_2年級_數學_112下_期中1_康軒::ql-q23,"[""G2-康軒-112下-期中1-P01_R10_安和國小_新北市_2年級_數學_112下_期中1_康軒-q010"", ""G2-康軒-112下-期中1-P01_R10_安和國小_新北市_2年級_數學_112下_期中1_康軒-q011"", ""G2-康軒-112下-期中1-P01_R10_安和國小_新北市_2年級_數學_112下_期中1_康軒-q012"", ""G2-康軒-112下-期中1-P01_R10_安和國小_新北市_2年級_數學_112下_期中1_康軒-q013""]",G2-康軒-112下-期中1-P01_R10_安和國小_新北市_2年級_數學_112下_期中1_康軒,question_item,verified,source_materials/tcool_math_g1_g4_康軒_翰林/grade-2/康軒/questions/P01_R10_安和國小_新北市_2年級_數學_112下_期中1_康軒_題目卷.pdf,2,"[0, 0, 4047, 5732]",source_materials/tcool_math_g1_g4_康軒_翰林/_analysis/pilot/pages/G2-_-112_-_1-P01_R10_____2____112___1__/page-2.jpg,二-8-②,看圖回答：②上圖是由( )形和( )形合成的。,[],source_materials/tcool_math_g1_g4_康軒_翰林/grade-2/康軒/answers/P01_R10_安和國小_新北市_2年級_數學_112下_期中1_康軒_答案卷.pdf,1,圖中三角形三邊皆標 6 公分（正三角形）、下方四邊皆標 6 公分（正方形）。與答案卷「8.②(正三角形)和(正方形)」一致。,正三角形、正方形,verified,independent_calculation,康軒,G2,112,下,期中1,,,,康軒 G2 下 第3章 平面圖形,"[""S-2-1"", ""S-2-2""]",[],"[""G2-17-01""]","[""G2-17-01""]",direct,high,"[""組合圖形辨識正三角形與正方形，對應 G2-17-01""]",include,first_pass
G2-康軒-112下-期中1-P01_R10_安和國小_新北市_2年級_數學_112下_期中1_康軒::ql-q24,"[""G2-康軒-112下-期中1-P01_R10_安和國小_新北市_2年級_數學_112下_期中1_康軒-q010"", ""G2-康軒-112下-期中1-P01_R10_安和國小_新北市_2年級_數學_112下_期中1_康軒-q011"", ""G2-康軒-112下-期中1-P01_R10_安和國小_新北市_2年級_數學_112下_期中1_康軒-q012"", ""G2-康軒-112下-期中1-P01_R10_安和國小_新北市_2年級_數學_112下_期中1_康軒-q013""]",G2-康軒-112下-期中1-P01_R10_安和國小_新北市_2年級_數學_112下_期中1_康軒,question_item,verified,source_materials/tcool_math_g1_g4_康軒_翰林/grade-2/康軒/questions/P01_R10_安和國小_新北市_2年級_數學_112下_期中1_康軒_題目卷.pdf,2,"[0, 0, 4047, 5732]",source_materials/tcool_math_g1_g4_康軒_翰林/_analysis/pilot/pages/G2-_-112_-_1-P01_R10_____2____112___1__/page-2.jpg,二-8-③,看圖回答：③上圖的周長是( )公分。,[],source_materials/tcool_math_g1_g4_康軒_翰林/grade-2/康軒/answers/P01_R10_安和國小_新北市_2年級_數學_112下_期中1_康軒_答案卷.pdf,1,組合圖周界=正方形三邊(不含與三角形共用之頂邊)+三角形兩腰=3×6+2×6=30。與答案卷「8.③(30)公分」一致。,30,verified,independent_calculation,康軒,G2,112,下,期中1,,,,康軒 G2 下 第3章 平面圖形,"[""S-2-4""]",[],"[""G2-17-01""]",[],partial,medium,"[""official S-2-4 平面圖形的邊長，周長計算為G2下延伸應用，無單一對應skill(周長多列於G3-03)""]",uncertain_review,first_pass
G2-康軒-112下-期中1-P01_R10_安和國小_新北市_2年級_數學_112下_期中1_康軒::ql-q25,"[""G2-康軒-112下-期中1-P01_R10_安和國小_新北市_2年級_數學_112下_期中1_康軒-q010"", ""G2-康軒-112下-期中1-P01_R10_安和國小_新北市_2年級_數學_112下_期中1_康軒-q011"", ""G2-康軒-112下-期中1-P01_R10_安和國小_新北市_2年級_數學_112下_期中1_康軒-q012"", ""G2-康軒-112下-期中1-P01_R10_安和國小_新北市_2年級_數學_112下_期中1_康軒-q013""]",G2-康軒-112下-期中1-P01_R10_安和國小_新北市_2年級_數學_112下_期中1_康軒,question_item,verified,source_materials/tcool_math_g1_g4_康軒_翰林/grade-2/康軒/questions/P01_R10_安和國小_新北市_2年級_數學_112下_期中1_康軒_題目卷.pdf,2,"[0, 0, 4047, 5732]",source_materials/tcool_math_g1_g4_康軒_翰林/_analysis/pilot/pages/G2-_-112_-_1-P01_R10_____2____112___1__/page-2.jpg,三-1,大雄和小夫下個月計畫幫靜香慶生。商店販賣的甜點價目表：4 吋蛋糕 480 元/個、熔岩巧克力 380 元/盒、手工餅乾 185 元/盒。大雄有 500 元。請問他至少還要存幾百元，才能買一個蛋糕和一盒手工餅乾？(先估估看，再算),[],source_materials/tcool_math_g1_g4_康軒_翰林/grade-2/康軒/answers/P01_R10_安和國小_新北市_2年級_數學_112下_期中1_康軒_答案卷.pdf,1,480+185=665；665-500=165，無條件進位至百元＝200 元。與答案卷「①(200 元)」一致。,200 元,verified,independent_calculation,康軒,G2,112,下,期中1,,,,康軒 G2 下 第2章 三位數的加減,"[""N-2-2""]",[],"[""G2-12-13""]",[],partial,medium,"[""official N-2-2"", ""publisher ('康軒', 'G2', '下', 2)"", ""先估後算之應用題，貼近 G2-12-13 減法應用題但含估算成分""]",uncertain_review,first_pass
G2-康軒-112下-期中1-P01_R10_安和國小_新北市_2年級_數學_112下_期中1_康軒::ql-q26,"[""G2-康軒-112下-期中1-P01_R10_安和國小_新北市_2年級_數學_112下_期中1_康軒-q010"", ""G2-康軒-112下-期中1-P01_R10_安和國小_新北市_2年級_數學_112下_期中1_康軒-q011"", ""G2-康軒-112下-期中1-P01_R10_安和國小_新北市_2年級_數學_112下_期中1_康軒-q012"", ""G2-康軒-112下-期中1-P01_R10_安和國小_新北市_2年級_數學_112下_期中1_康軒-q013""]",G2-康軒-112下-期中1-P01_R10_安和國小_新北市_2年級_數學_112下_期中1_康軒,question_item,verified,source_materials/tcool_math_g1_g4_康軒_翰林/grade-2/康軒/questions/P01_R10_安和國小_新北市_2年級_數學_112下_期中1_康軒_題目卷.pdf,2,"[0, 0, 4047, 5732]",source_materials/tcool_math_g1_g4_康軒_翰林/_analysis/pilot/pages/G2-_-112_-_1-P01_R10_____2____112___1__/page-2.jpg,三-2,請你算出小夫的錢包裡有幾元？（圖示：5 張千元鈔、5 個五十元硬幣、12 個十元硬幣、4 個一元硬幣）,[],source_materials/tcool_math_g1_g4_康軒_翰林/grade-2/康軒/answers/P01_R10_安和國小_新北市_2年級_數學_112下_期中1_康軒_答案卷.pdf,1,經清點圖中鈔票／硬幣：5×100+5×50+12×10+4×1=500+250+120+4=874。與答案卷「②(874 元)」一致。,874 元,verified,independent_calculation,康軒,G2,112,下,期中1,,,,康軒 G2 下 第1章 1000 以內的數,"[""N-2-1""]",[],"[""G2-11-02""]",[],partial,medium,"[""硬幣/鈔票清點求總金額，對應三位數認識但非正式skill定義範圍""]",uncertain_review,first_pass
G2-康軒-112下-期中1-P01_R10_安和國小_新北市_2年級_數學_112下_期中1_康軒::ql-q27,"[""G2-康軒-112下-期中1-P01_R10_安和國小_新北市_2年級_數學_112下_期中1_康軒-q010"", ""G2-康軒-112下-期中1-P01_R10_安和國小_新北市_2年級_數學_112下_期中1_康軒-q011"", ""G2-康軒-112下-期中1-P01_R10_安和國小_新北市_2年級_數學_112下_期中1_康軒-q012"", ""G2-康軒-112下-期中1-P01_R10_安和國小_新北市_2年級_數學_112下_期中1_康軒-q013""]",G2-康軒-112下-期中1-P01_R10_安和國小_新北市_2年級_數學_112下_期中1_康軒,question_item,verified,source_materials/tcool_math_g1_g4_康軒_翰林/grade-2/康軒/questions/P01_R10_安和國小_新北市_2年級_數學_112下_期中1_康軒_題目卷.pdf,2,"[0, 0, 4047, 5732]",source_materials/tcool_math_g1_g4_康軒_翰林/_analysis/pilot/pages/G2-_-112_-_1-P01_R10_____2____112___1__/page-2.jpg,三-3,如果小夫想買一盒 380 元的熔岩巧克力，他會剩下幾元？(請你在上圖中圈出 380 元，再算小夫剩多少元) 圈選 2 分，作答 1 分,[],source_materials/tcool_math_g1_g4_康軒_翰林/grade-2/康軒/answers/P01_R10_安和國小_新北市_2年級_數學_112下_期中1_康軒_答案卷.pdf,1,沿用三-2 之 874 元，874-380=494。與答案卷「③(494 元)」一致。,494 元,verified,independent_calculation,康軒,G2,112,下,期中1,,,,康軒 G2 下 第2章 三位數的加減,"[""N-2-2""]",[],"[""G2-12-13""]","[""G2-12-13""]",direct,high,"[""874-380=494 為三位數減法應用題，對應 G2-12-13 減法應用題(一)""]",include,first_pass
G2-康軒-112下-期中1-P01_R10_安和國小_新北市_2年級_數學_112下_期中1_康軒::ql-q28,"[""G2-康軒-112下-期中1-P01_R10_安和國小_新北市_2年級_數學_112下_期中1_康軒-q014"", ""G2-康軒-112下-期中1-P01_R10_安和國小_新北市_2年級_數學_112下_期中1_康軒-q015"", ""G2-康軒-112下-期中1-P01_R10_安和國小_新北市_2年級_數學_112下_期中1_康軒-q016"", ""G2-康軒-112下-期中1-P01_R10_安和國小_新北市_2年級_數學_112下_期中1_康軒-q017"", ""G2-康軒-112下-期中1-P01_R10_安和國小_新北市_2年級_數學_112下_期中1_康軒-q018"", ""G2-康軒-112下-期中1-P01_R10_安和國小_新北市_2年級_數學_112下_期中1_康軒-q019""]",G2-康軒-112下-期中1-P01_R10_安和國小_新北市_2年級_數學_112下_期中1_康軒,question_item,verified,source_materials/tcool_math_g1_g4_康軒_翰林/grade-2/康軒/questions/P01_R10_安和國小_新北市_2年級_數學_112下_期中1_康軒_題目卷.pdf,3,"[0, 0, 4047, 5732]",source_materials/tcool_math_g1_g4_康軒_翰林/_analysis/pilot/pages/G2-_-112_-_1-P01_R10_____2____112___1__/page-3.jpg,四-1,寫出直式算算看：17+287=( ),[],source_materials/tcool_math_g1_g4_康軒_翰林/grade-2/康軒/answers/P01_R10_安和國小_新北市_2年級_數學_112下_期中1_康軒_答案卷.pdf,1,17+287=304。與答案卷「①(304)」一致。,304,verified,independent_calculation,康軒,G2,112,下,期中1,,,,康軒 G2 下 第2章 三位數的加減,"[""N-2-2""]",[],"[""G2-12-02""]","[""G2-12-02""]",direct,high,"[""17+287=304 為一位數加三位數不進位/進位，對應 G2-12-01/02""]",include,first_pass
G2-康軒-112下-期中1-P01_R10_安和國小_新北市_2年級_數學_112下_期中1_康軒::ql-q29,"[""G2-康軒-112下-期中1-P01_R10_安和國小_新北市_2年級_數學_112下_期中1_康軒-q014"", ""G2-康軒-112下-期中1-P01_R10_安和國小_新北市_2年級_數學_112下_期中1_康軒-q015"", ""G2-康軒-112下-期中1-P01_R10_安和國小_新北市_2年級_數學_112下_期中1_康軒-q016"", ""G2-康軒-112下-期中1-P01_R10_安和國小_新北市_2年級_數學_112下_期中1_康軒-q017"", ""G2-康軒-112下-期中1-P01_R10_安和國小_新北市_2年級_數學_112下_期中1_康軒-q018"", ""G2-康軒-112下-期中1-P01_R10_安和國小_新北市_2年級_數學_112下_期中1_康軒-q019""]",G2-康軒-112下-期中1-P01_R10_安和國小_新北市_2年級_數學_112下_期中1_康軒,question_item,verified,source_materials/tcool_math_g1_g4_康軒_翰林/grade-2/康軒/questions/P01_R10_安和國小_新北市_2年級_數學_112下_期中1_康軒_題目卷.pdf,3,"[0, 0, 4047, 5732]",source_materials/tcool_math_g1_g4_康軒_翰林/_analysis/pilot/pages/G2-_-112_-_1-P01_R10_____2____112___1__/page-3.jpg,四-2,寫出直式算算看：807-423=( ),[],source_materials/tcool_math_g1_g4_康軒_翰林/grade-2/康軒/answers/P01_R10_安和國小_新北市_2年級_數學_112下_期中1_康軒_答案卷.pdf,1,807-423=384。與答案卷「②(384)」一致。,384,verified,independent_calculation,康軒,G2,112,下,期中1,,,,康軒 G2 下 第2章 三位數的加減,"[""N-2-2""]",[],"[""G2-12-08""]","[""G2-12-08""]",direct,high,"[""807-423=384 為三位數退位減法，對應 G2-12-08 退位減法(一)""]",include,first_pass
G2-康軒-112下-期中1-P01_R10_安和國小_新北市_2年級_數學_112下_期中1_康軒::ql-q30,"[""G2-康軒-112下-期中1-P01_R10_安和國小_新北市_2年級_數學_112下_期中1_康軒-q014"", ""G2-康軒-112下-期中1-P01_R10_安和國小_新北市_2年級_數學_112下_期中1_康軒-q015"", ""G2-康軒-112下-期中1-P01_R10_安和國小_新北市_2年級_數學_112下_期中1_康軒-q016"", ""G2-康軒-112下-期中1-P01_R10_安和國小_新北市_2年級_數學_112下_期中1_康軒-q017"", ""G2-康軒-112下-期中1-P01_R10_安和國小_新北市_2年級_數學_112下_期中1_康軒-q018"", ""G2-康軒-112下-期中1-P01_R10_安和國小_新北市_2年級_數學_112下_期中1_康軒-q019""]",G2-康軒-112下-期中1-P01_R10_安和國小_新北市_2年級_數學_112下_期中1_康軒,question_item,verified,source_materials/tcool_math_g1_g4_康軒_翰林/grade-2/康軒/questions/P01_R10_安和國小_新北市_2年級_數學_112下_期中1_康軒_題目卷.pdf,3,"[0, 0, 4047, 5732]",source_materials/tcool_math_g1_g4_康軒_翰林/_analysis/pilot/pages/G2-_-112_-_1-P01_R10_____2____112___1__/page-3.jpg,五-1,哥哥原來有一些錢，買了一本 263 元的漫畫書，還剩下 157 元，哥哥原來有多少錢？,[],source_materials/tcool_math_g1_g4_康軒_翰林/grade-2/康軒/answers/P01_R10_安和國小_新北市_2年級_數學_112下_期中1_康軒_答案卷.pdf,1,263+157=420。與答案卷「1. 263+157=420 答:420元」一致。,420 元,verified,independent_calculation,康軒,G2,112,下,期中1,,,,康軒 G2 下 第2章 三位數的加減,"[""N-2-2""]",[],"[""G2-12-11""]","[""G2-12-11""]",direct,high,"[""263+157=420 加法應用題，對應 G2-12-11 加法應用題(一)""]",include,first_pass
G2-康軒-112下-期中1-P01_R10_安和國小_新北市_2年級_數學_112下_期中1_康軒::ql-q31,"[""G2-康軒-112下-期中1-P01_R10_安和國小_新北市_2年級_數學_112下_期中1_康軒-q014"", ""G2-康軒-112下-期中1-P01_R10_安和國小_新北市_2年級_數學_112下_期中1_康軒-q015"", ""G2-康軒-112下-期中1-P01_R10_安和國小_新北市_2年級_數學_112下_期中1_康軒-q016"", ""G2-康軒-112下-期中1-P01_R10_安和國小_新北市_2年級_數學_112下_期中1_康軒-q017"", ""G2-康軒-112下-期中1-P01_R10_安和國小_新北市_2年級_數學_112下_期中1_康軒-q018"", ""G2-康軒-112下-期中1-P01_R10_安和國小_新北市_2年級_數學_112下_期中1_康軒-q019""]",G2-康軒-112下-期中1-P01_R10_安和國小_新北市_2年級_數學_112下_期中1_康軒,question_item,verified,source_materials/tcool_math_g1_g4_康軒_翰林/grade-2/康軒/questions/P01_R10_安和國小_新北市_2年級_數學_112下_期中1_康軒_題目卷.pdf,3,"[0, 0, 4047, 5732]",source_materials/tcool_math_g1_g4_康軒_翰林/_analysis/pilot/pages/G2-_-112_-_1-P01_R10_____2____112___1__/page-3.jpg,五-2,一包口香糖有 10 片，6 包口香糖有幾片？,[],source_materials/tcool_math_g1_g4_康軒_翰林/grade-2/康軒/answers/P01_R10_安和國小_新北市_2年級_數學_112下_期中1_康軒_答案卷.pdf,1,10×6=60。與答案卷「2. 10×6=60 答:60片」一致。,60 片,verified,independent_calculation,康軒,G2,112,下,期中1,,,,康軒 G2 下 第5章 乘法,"[""N-2-6""]",[],"[""G2-06-03""]",[],partial,medium,"[""official N-2-6 乘法"", ""10x6乘法應用題，本卷未涵蓋10的乘法正式skill條目""]",uncertain_review,first_pass
G2-康軒-112下-期中1-P01_R10_安和國小_新北市_2年級_數學_112下_期中1_康軒::ql-q32,"[""G2-康軒-112下-期中1-P01_R10_安和國小_新北市_2年級_數學_112下_期中1_康軒-q014"", ""G2-康軒-112下-期中1-P01_R10_安和國小_新北市_2年級_數學_112下_期中1_康軒-q015"", ""G2-康軒-112下-期中1-P01_R10_安和國小_新北市_2年級_數學_112下_期中1_康軒-q016"", ""G2-康軒-112下-期中1-P01_R10_安和國小_新北市_2年級_數學_112下_期中1_康軒-q017"", ""G2-康軒-112下-期中1-P01_R10_安和國小_新北市_2年級_數學_112下_期中1_康軒-q018"", ""G2-康軒-112下-期中1-P01_R10_安和國小_新北市_2年級_數學_112下_期中1_康軒-q019""]",G2-康軒-112下-期中1-P01_R10_安和國小_新北市_2年級_數學_112下_期中1_康軒,question_item,verified,source_materials/tcool_math_g1_g4_康軒_翰林/grade-2/康軒/questions/P01_R10_安和國小_新北市_2年級_數學_112下_期中1_康軒_題目卷.pdf,3,"[0, 0, 4047, 5732]",source_materials/tcool_math_g1_g4_康軒_翰林/_analysis/pilot/pages/G2-_-112_-_1-P01_R10_____2____112___1__/page-3.jpg,五-3,這個圖形的周界有多長？（梯形，上邊 12 公分、右邊 7 公分、下邊 6 公分、左邊 6 公分）,[],source_materials/tcool_math_g1_g4_康軒_翰林/grade-2/康軒/answers/P01_R10_安和國小_新北市_2年級_數學_112下_期中1_康軒_答案卷.pdf,1,四邊和：6+6+7+12=31。與答案卷「3. 6+6=12;12+7=19;12+19=31 答:31公分」一致。,31 公分,verified,independent_calculation,康軒,G2,112,下,期中1,,,,康軒 G2 下 第3章 平面圖形,"[""S-2-4""]",[],"[""G2-17-01""]",[],partial,medium,"[""四邊周長加總，對應S-2-4但無單一skill""]",uncertain_review,first_pass
G2-康軒-112下-期中1-P01_R10_安和國小_新北市_2年級_數學_112下_期中1_康軒::ql-q33,"[""G2-康軒-112下-期中1-P01_R10_安和國小_新北市_2年級_數學_112下_期中1_康軒-q014"", ""G2-康軒-112下-期中1-P01_R10_安和國小_新北市_2年級_數學_112下_期中1_康軒-q015"", ""G2-康軒-112下-期中1-P01_R10_安和國小_新北市_2年級_數學_112下_期中1_康軒-q016"", ""G2-康軒-112下-期中1-P01_R10_安和國小_新北市_2年級_數學_112下_期中1_康軒-q017"", ""G2-康軒-112下-期中1-P01_R10_安和國小_新北市_2年級_數學_112下_期中1_康軒-q018"", ""G2-康軒-112下-期中1-P01_R10_安和國小_新北市_2年級_數學_112下_期中1_康軒-q019""]",G2-康軒-112下-期中1-P01_R10_安和國小_新北市_2年級_數學_112下_期中1_康軒,question_item,verified,source_materials/tcool_math_g1_g4_康軒_翰林/grade-2/康軒/questions/P01_R10_安和國小_新北市_2年級_數學_112下_期中1_康軒_題目卷.pdf,3,"[2200, 1500, 1200, 700]",source_materials/tcool_math_g1_g4_康軒_翰林/_analysis/pilot/pages/G2-_-112_-_1-P01_R10_____2____112___1__/page-3.jpg,五-4,園遊會裡丟水球。每顆丟在圓內的水球可以獲得 2 支棒棒糖；丟在周界上可獲得 1 支棒棒糖；丟在周界外沒有獎勵。上面是小花玩水球的結果。請問她可以拿到幾支棒棒糖？,[],source_materials/tcool_math_g1_g4_康軒_翰林/grade-2/康軒/answers/P01_R10_安和國小_新北市_2年級_數學_112下_期中1_康軒_答案卷.pdf,1,裁圖清點星形水球：完全在圓內 3 顆、壓在圓周界上 1 顆、圓外 2 顆（不計分）。2×3+1×1=7。與答案卷「4. 2×3=6;6+1=7 答:7支」一致，星形計數已由裁圖覆核。,7 支,verified,independent_calculation,康軒,G2,112,下,期中1,,,,康軒 G2 下 第6章 兩步驟應用問題,"[""N-2-8""]",[],"[""G3-14-01""]",[],partial,medium,"[""official N-2-8 解題"", ""康軒G2下第6章兩步驟應用問題"", ""乘法+加法兩步驟情境，matchedSkillIds為G3-14-01(除法應用題，章節橋接資料本身列此skill，非本題除法內容，故僅partial)""]",uncertain_review,first_pass
G2-康軒-112下-期中1-P01_R10_安和國小_新北市_2年級_數學_112下_期中1_康軒::ql-q34,"[""G2-康軒-112下-期中1-P01_R10_安和國小_新北市_2年級_數學_112下_期中1_康軒-q014"", ""G2-康軒-112下-期中1-P01_R10_安和國小_新北市_2年級_數學_112下_期中1_康軒-q015"", ""G2-康軒-112下-期中1-P01_R10_安和國小_新北市_2年級_數學_112下_期中1_康軒-q016"", ""G2-康軒-112下-期中1-P01_R10_安和國小_新北市_2年級_數學_112下_期中1_康軒-q017"", ""G2-康軒-112下-期中1-P01_R10_安和國小_新北市_2年級_數學_112下_期中1_康軒-q018"", ""G2-康軒-112下-期中1-P01_R10_安和國小_新北市_2年級_數學_112下_期中1_康軒-q019""]",G2-康軒-112下-期中1-P01_R10_安和國小_新北市_2年級_數學_112下_期中1_康軒,question_item,verified,source_materials/tcool_math_g1_g4_康軒_翰林/grade-2/康軒/questions/P01_R10_安和國小_新北市_2年級_數學_112下_期中1_康軒_題目卷.pdf,3,"[0, 0, 4047, 5732]",source_materials/tcool_math_g1_g4_康軒_翰林/_analysis/pilot/pages/G2-_-112_-_1-P01_R10_____2____112___1__/page-3.jpg,五-5,以下是胖虎玩球擲遠的結果，算算看，胖虎的總分是多少。得分:10分/5分/1分/0分，數量:3球/0球/2球/2球,[],source_materials/tcool_math_g1_g4_康軒_翰林/grade-2/康軒/answers/P01_R10_安和國小_新北市_2年級_數學_112下_期中1_康軒_答案卷.pdf,1,10×3+5×0+1×2+0×2=30+0+2+0=32。與答案卷「5. ...30+2=32 答32分」一致。,32 分,verified,independent_calculation,康軒,G2,112,下,期中1,,,,康軒 G2 下 第6章 兩步驟應用問題,"[""N-2-8""]",[],[],[],partial,medium,"[""胖虎擲球得分：乘法+加法兩步驟應用，對應章節但無精確skill""]",uncertain_review,first_pass
G2-翰林-113上-期末2-P01_R08_安和國小_新北市_2年級_數學_113上_期末2_翰林::ql-q01,"[""G2-翰林-113上-期末2-P01_R08_安和國小_新北市_2年級_數學_113上_期末2_翰林-q001"", ""G2-翰林-113上-期末2-P01_R08_安和國小_新北市_2年級_數學_113上_期末2_翰林-q002"", ""G2-翰林-113上-期末2-P01_R08_安和國小_新北市_2年級_數學_113上_期末2_翰林-q003""]",G2-翰林-113上-期末2-P01_R08_安和國小_新北市_2年級_數學_113上_期末2_翰林,question_item,verified,source_materials/tcool_math_g1_g4_康軒_翰林/grade-2/翰林/questions/P01_R08_安和國小_新北市_2年級_數學_113上_期末2_翰林_題目卷.pdf,1,"[0, 0, 4047, 5732]",source_materials/tcool_math_g1_g4_康軒_翰林/_analysis/pilot/pages/G2-_-113_-_2-P01_R08_____2____113___2__/page-1.jpg,一-1,氣球攤原本有52顆氣球，飛走了18顆，老闆又賣掉16顆，請問老闆現在剩下幾顆氣球？,"[""①34"", ""②50"", ""③18"", ""④28""]",source_materials/tcool_math_g1_g4_康軒_翰林/grade-2/翰林/answers/P01_R08_安和國小_新北市_2年級_數學_113上_期末2_翰林_答案卷.pdf,1,52-18-16=18。與答案卷「3」一致。,③18,verified,independent_calculation,翰林,G2,113,上,期末2,,,,翰林 G2 上 第4章 加減應用,"[""N-2-3"", ""N-2-4""]",[],"[""G2-03-02""]","[""G2-03-02""]",direct,high,"[""official N-2-3/4 解題"", ""publisher ('翰林', 'G2', '上', 4)"", ""52-18-16 連續減法應用題，對應 G2-03-02 減法應用題(一)""]",include,first_pass
G2-翰林-113上-期末2-P01_R08_安和國小_新北市_2年級_數學_113上_期末2_翰林::ql-q02,"[""G2-翰林-113上-期末2-P01_R08_安和國小_新北市_2年級_數學_113上_期末2_翰林-q001"", ""G2-翰林-113上-期末2-P01_R08_安和國小_新北市_2年級_數學_113上_期末2_翰林-q002"", ""G2-翰林-113上-期末2-P01_R08_安和國小_新北市_2年級_數學_113上_期末2_翰林-q003""]",G2-翰林-113上-期末2-P01_R08_安和國小_新北市_2年級_數學_113上_期末2_翰林,question_item,verified,source_materials/tcool_math_g1_g4_康軒_翰林/grade-2/翰林/questions/P01_R08_安和國小_新北市_2年級_數學_113上_期末2_翰林_題目卷.pdf,1,"[0, 0, 4047, 5732]",source_materials/tcool_math_g1_g4_康軒_翰林/_analysis/pilot/pages/G2-_-113_-_2-P01_R08_____2____113___2__/page-1.jpg,一-2,如上圖，每1個蛋糕上有兩根蠟燭，7個蛋糕共有幾根蠟燭？下列哪一個答案與其他三個不同？,"[""①2+2+2+2+2+2+2"", ""②2×7"", ""③2+7"", ""④7個2""]",source_materials/tcool_math_g1_g4_康軒_翰林/grade-2/翰林/answers/P01_R08_安和國小_新北市_2年級_數學_113上_期末2_翰林_答案卷.pdf,1,①②④皆=14（①經裁圖確認為7項2相加），③2+7=9，與其他三者不同。與答案卷「3」一致。,③2+7,verified,independent_calculation,翰林,G2,113,上,期末2,,,,翰林 G2 上 第7章 乘法（一）,"[""N-2-6"", ""N-2-7""]",[],"[""G2-06-02""]","[""G2-06-02""]",direct,high,"[""official N-2-6/7 乘法/十十乘法"", ""publisher ('翰林', 'G2', '上', 7)"", ""skill G2-06-02「用加法算乘法」對應連加式與乘法式辨異""]",include,first_pass
G2-翰林-113上-期末2-P01_R08_安和國小_新北市_2年級_數學_113上_期末2_翰林::ql-q03,"[""G2-翰林-113上-期末2-P01_R08_安和國小_新北市_2年級_數學_113上_期末2_翰林-q001"", ""G2-翰林-113上-期末2-P01_R08_安和國小_新北市_2年級_數學_113上_期末2_翰林-q002"", ""G2-翰林-113上-期末2-P01_R08_安和國小_新北市_2年級_數學_113上_期末2_翰林-q003""]",G2-翰林-113上-期末2-P01_R08_安和國小_新北市_2年級_數學_113上_期末2_翰林,question_item,verified,source_materials/tcool_math_g1_g4_康軒_翰林/grade-2/翰林/questions/P01_R08_安和國小_新北市_2年級_數學_113上_期末2_翰林_題目卷.pdf,1,"[0, 0, 4047, 5732]",source_materials/tcool_math_g1_g4_康軒_翰林/_analysis/pilot/pages/G2-_-113_-_2-P01_R08_____2____113___2__/page-1.jpg,一-3,觀察鐘面，以下敘述何者正確？（鐘面圖：經400dpi裁圖確認時針落在7與8之間、分針指向11）,"[""①鐘面是11時40分"", ""②鐘面是7時55分"", ""③可以說是11點多"", ""④可以說是8點多""]",source_materials/tcool_math_g1_g4_康軒_翰林/grade-2/翰林/answers/P01_R08_安和國小_新北市_2年級_數學_113上_期末2_翰林_答案卷.pdf,1,裁圖確認時針在7-8之間偏近8（非近12），分針指11（55分），讀作7時55分，故②正確、④「8點多」不精確亦非最佳描述、①③錯誤。與答案卷「2」一致。,②鐘面是7時55分,verified,visual_manual_required,翰林,G2,113,上,期末2,,,,翰林 G2 上 第8章 時間,"[""N-2-13""]",[],"[""G2-07-03""]","[""G2-07-03""]",direct,high,"[""official N-2-13 鐘面的時刻"", ""publisher ('翰林', 'G2', '上', 8)"", ""skill G2-07-03「以時和分報時(二)」對應7時55分判讀""]",include,first_pass
G2-翰林-113上-期末2-P01_R08_安和國小_新北市_2年級_數學_113上_期末2_翰林::ql-q04,"[""G2-翰林-113上-期末2-P01_R08_安和國小_新北市_2年級_數學_113上_期末2_翰林-q001"", ""G2-翰林-113上-期末2-P01_R08_安和國小_新北市_2年級_數學_113上_期末2_翰林-q002"", ""G2-翰林-113上-期末2-P01_R08_安和國小_新北市_2年級_數學_113上_期末2_翰林-q003""]",G2-翰林-113上-期末2-P01_R08_安和國小_新北市_2年級_數學_113上_期末2_翰林,question_item,verified,source_materials/tcool_math_g1_g4_康軒_翰林/grade-2/翰林/questions/P01_R08_安和國小_新北市_2年級_數學_113上_期末2_翰林_題目卷.pdf,1,"[0, 0, 4047, 5732]",source_materials/tcool_math_g1_g4_康軒_翰林/_analysis/pilot/pages/G2-_-113_-_2-P01_R08_____2____113___2__/page-1.jpg,一-4,依照乘法算式3×9=27，下列敘述何者正確？,"[""①3個9是27"", ""②3是乘數"", ""③9是被乘數"", ""④積是27""]",source_materials/tcool_math_g1_g4_康軒_翰林/grade-2/翰林/answers/P01_R08_安和國小_新北市_2年級_數學_113上_期末2_翰林_答案卷.pdf,1,27為3×9之積，④恆真；②③混淆被乘數(3)／乘數(9)角色為誤；①依本卷「被乘數×乘數＝(乘數)個(被乘數)」之慣例亦非正確表述，僅④在任何慣例下皆成立。與答案卷「4」一致。,④積是27,verified,independent_calculation,翰林,G2,113,上,期末2,,,,翰林 G2 上 第7章 乘法（一）,"[""N-2-6""]",[],"[""G2-06-01""]","[""G2-06-01""]",direct,high,"[""skill G2-06-01「乘法概念(一)-幾個幾」對應被乘數/乘數/積概念""]",include,first_pass
G2-翰林-113上-期末2-P01_R08_安和國小_新北市_2年級_數學_113上_期末2_翰林::ql-q05,"[""G2-翰林-113上-期末2-P01_R08_安和國小_新北市_2年級_數學_113上_期末2_翰林-q001"", ""G2-翰林-113上-期末2-P01_R08_安和國小_新北市_2年級_數學_113上_期末2_翰林-q002"", ""G2-翰林-113上-期末2-P01_R08_安和國小_新北市_2年級_數學_113上_期末2_翰林-q003""]",G2-翰林-113上-期末2-P01_R08_安和國小_新北市_2年級_數學_113上_期末2_翰林,question_item,verified,source_materials/tcool_math_g1_g4_康軒_翰林/grade-2/翰林/questions/P01_R08_安和國小_新北市_2年級_數學_113上_期末2_翰林_題目卷.pdf,1,"[0, 0, 4047, 5732]",source_materials/tcool_math_g1_g4_康軒_翰林/_analysis/pilot/pages/G2-_-113_-_2-P01_R08_____2____113___2__/page-1.jpg,二-1,一包緞帶有72條，共有三個顏色（藍色17條、黃色36條、紅色?條），小智跟皮卡丘用不同方法算出紅色有幾條，請把數字填入空格。小智：先算17+36=( )，再算72-( )=( )。皮卡丘：先算72-17=( )，再算( )-36=( )。,[],source_materials/tcool_math_g1_g4_康軒_翰林/grade-2/翰林/answers/P01_R08_安和國小_新北市_2年級_數學_113上_期末2_翰林_答案卷.pdf,1,17+36=53，72-53=19；72-17=55，55-36=19；兩法皆得紅色=19，且17+36+19=72與總數一致，互相驗證成立。與答案卷「53/19/55/19」一致。,小智：17+36=53，72-53=19；皮卡丘：72-17=55，55-36=19,verified,independent_calculation,翰林,G2,113,上,期末2,,,,翰林 G2 上 第4章 加減應用,"[""N-2-3"", ""N-2-4""]",[],"[""G2-03-04""]","[""G2-03-04""]",direct,high,"[""skill G2-03-04「加減應用題-驗算」對應紅色緞帶兩種解法互驗""]",include,first_pass
G2-翰林-113上-期末2-P01_R08_安和國小_新北市_2年級_數學_113上_期末2_翰林::ql-q06,"[""G2-翰林-113上-期末2-P01_R08_安和國小_新北市_2年級_數學_113上_期末2_翰林-q001"", ""G2-翰林-113上-期末2-P01_R08_安和國小_新北市_2年級_數學_113上_期末2_翰林-q002"", ""G2-翰林-113上-期末2-P01_R08_安和國小_新北市_2年級_數學_113上_期末2_翰林-q003""]",G2-翰林-113上-期末2-P01_R08_安和國小_新北市_2年級_數學_113上_期末2_翰林,question_item,verified,source_materials/tcool_math_g1_g4_康軒_翰林/grade-2/翰林/questions/P01_R08_安和國小_新北市_2年級_數學_113上_期末2_翰林_題目卷.pdf,1,"[0, 0, 4047, 5732]",source_materials/tcool_math_g1_g4_康軒_翰林/_analysis/pilot/pages/G2-_-113_-_2-P01_R08_____2____113___2__/page-1.jpg,二-2,8×9比8×6多( )個8，是多( )。,[],source_materials/tcool_math_g1_g4_康軒_翰林/grade-2/翰林/answers/P01_R08_安和國小_新北市_2年級_數學_113上_期末2_翰林_答案卷.pdf,1,8×9-8×6=8×(9-6)=8×3=24。與答案卷「3/24」一致。,3個8，是多24,verified,independent_calculation,翰林,G2,113,上,期末2,,,,翰林 G2 上 第7章 乘法（一）,"[""N-2-6"", ""N-2-7""]",[],"[""G2-06-01""]",[],partial,medium,"[""8x9與8x6相差幾個8，涉及乘法分配概念，該章skill未逐項涵蓋此比較型題，列partial""]",uncertain_review,first_pass
G2-翰林-113上-期末2-P01_R08_安和國小_新北市_2年級_數學_113上_期末2_翰林::ql-q07,"[""G2-翰林-113上-期末2-P01_R08_安和國小_新北市_2年級_數學_113上_期末2_翰林-q001"", ""G2-翰林-113上-期末2-P01_R08_安和國小_新北市_2年級_數學_113上_期末2_翰林-q002"", ""G2-翰林-113上-期末2-P01_R08_安和國小_新北市_2年級_數學_113上_期末2_翰林-q003""]",G2-翰林-113上-期末2-P01_R08_安和國小_新北市_2年級_數學_113上_期末2_翰林,question_item,verified,source_materials/tcool_math_g1_g4_康軒_翰林/grade-2/翰林/questions/P01_R08_安和國小_新北市_2年級_數學_113上_期末2_翰林_題目卷.pdf,1,"[0, 0, 4047, 5732]",source_materials/tcool_math_g1_g4_康軒_翰林/_analysis/pilot/pages/G2-_-113_-_2-P01_R08_____2____113___2__/page-1.jpg,二-3,7×3比7×7少( )個7，是少( )。,[],source_materials/tcool_math_g1_g4_康軒_翰林/grade-2/翰林/answers/P01_R08_安和國小_新北市_2年級_數學_113上_期末2_翰林_答案卷.pdf,1,7×7-7×3=7×(7-3)=7×4=28。與答案卷「4/28」一致。,4個7，是少28,verified,independent_calculation,翰林,G2,113,上,期末2,,,,翰林 G2 上 第7章 乘法（一）,"[""N-2-6"", ""N-2-7""]",[],"[""G2-06-01""]",[],partial,medium,"[""同 q06：7x3與7x7相差""]",uncertain_review,first_pass
G2-翰林-113上-期末2-P01_R08_安和國小_新北市_2年級_數學_113上_期末2_翰林::ql-q08,"[""G2-翰林-113上-期末2-P01_R08_安和國小_新北市_2年級_數學_113上_期末2_翰林-q001"", ""G2-翰林-113上-期末2-P01_R08_安和國小_新北市_2年級_數學_113上_期末2_翰林-q002"", ""G2-翰林-113上-期末2-P01_R08_安和國小_新北市_2年級_數學_113上_期末2_翰林-q003""]",G2-翰林-113上-期末2-P01_R08_安和國小_新北市_2年級_數學_113上_期末2_翰林,question_item,verified,source_materials/tcool_math_g1_g4_康軒_翰林/grade-2/翰林/questions/P01_R08_安和國小_新北市_2年級_數學_113上_期末2_翰林_題目卷.pdf,1,"[0, 0, 4047, 5732]",source_materials/tcool_math_g1_g4_康軒_翰林/_analysis/pilot/pages/G2-_-113_-_2-P01_R08_____2____113___2__/page-1.jpg,二-4,（葡萄圖，4串，每串9顆）1串葡萄有9顆，4串葡萄用加法算式記成9+9+9+9=( )，也可以說是9的( )倍，用乘法算式記成( )。,[],source_materials/tcool_math_g1_g4_康軒_翰林/grade-2/翰林/answers/P01_R08_安和國小_新北市_2年級_數學_113上_期末2_翰林_答案卷.pdf,1,9+9+9+9=36=9×4。與答案卷「36/4/9×4=36」一致。,36；4倍；9×4=36,verified,independent_calculation,翰林,G2,113,上,期末2,,,,翰林 G2 上 第7章 乘法（一）,"[""N-2-6"", ""N-2-7""]",[],"[""G2-06-01"", ""G2-06-02""]","[""G2-06-01"", ""G2-06-02""]",direct,high,"[""4串葡萄x9顆，連加式與乘法式互換，對應 G2-06-01/02""]",include,first_pass
G2-翰林-113上-期末2-P01_R08_安和國小_新北市_2年級_數學_113上_期末2_翰林::ql-q09,"[""G2-翰林-113上-期末2-P01_R08_安和國小_新北市_2年級_數學_113上_期末2_翰林-q004"", ""G2-翰林-113上-期末2-P01_R08_安和國小_新北市_2年級_數學_113上_期末2_翰林-q005"", ""G2-翰林-113上-期末2-P01_R08_安和國小_新北市_2年級_數學_113上_期末2_翰林-q006"", ""G2-翰林-113上-期末2-P01_R08_安和國小_新北市_2年級_數學_113上_期末2_翰林-q007"", ""G2-翰林-113上-期末2-P01_R08_安和國小_新北市_2年級_數學_113上_期末2_翰林-q008"", ""G2-翰林-113上-期末2-P01_R08_安和國小_新北市_2年級_數學_113上_期末2_翰林-q009"", ""G2-翰林-113上-期末2-P01_R08_安和國小_新北市_2年級_數學_113上_期末2_翰林-q010"", ""G2-翰林-113上-期末2-P01_R08_安和國小_新北市_2年級_數學_113上_期末2_翰林-q011"", ""G2-翰林-113上-期末2-P01_R08_安和國小_新北市_2年級_數學_113上_期末2_翰林-q012""]",G2-翰林-113上-期末2-P01_R08_安和國小_新北市_2年級_數學_113上_期末2_翰林,question_item,verified,source_materials/tcool_math_g1_g4_康軒_翰林/grade-2/翰林/questions/P01_R08_安和國小_新北市_2年級_數學_113上_期末2_翰林_題目卷.pdf,2,"[0, 0, 4047, 5732]",source_materials/tcool_math_g1_g4_康軒_翰林/_analysis/pilot/pages/G2-_-113_-_2-P01_R08_____2____113___2__/page-2.jpg,二-5-(1),一隻瓢蟲有6隻腳，5隻瓢蟲共有多少隻腳？(1)用連加算式記成( ),[],source_materials/tcool_math_g1_g4_康軒_翰林/grade-2/翰林/answers/P01_R08_安和國小_新北市_2年級_數學_113上_期末2_翰林_答案卷.pdf,2,6×5=30，連加式5個6相加=30。與答案卷「6+6+6+6+6=30」一致。,6+6+6+6+6=30,verified,independent_calculation,翰林,G2,113,上,期末2,,,,翰林 G2 上 第7章 乘法（一）,"[""N-2-6""]",[],"[""G2-06-02""]","[""G2-06-02""]",direct,high,"[""5隻瓢蟲x6腳連加式，對應 G2-06-02""]",include,first_pass
G2-翰林-113上-期末2-P01_R08_安和國小_新北市_2年級_數學_113上_期末2_翰林::ql-q10,"[""G2-翰林-113上-期末2-P01_R08_安和國小_新北市_2年級_數學_113上_期末2_翰林-q004"", ""G2-翰林-113上-期末2-P01_R08_安和國小_新北市_2年級_數學_113上_期末2_翰林-q005"", ""G2-翰林-113上-期末2-P01_R08_安和國小_新北市_2年級_數學_113上_期末2_翰林-q006"", ""G2-翰林-113上-期末2-P01_R08_安和國小_新北市_2年級_數學_113上_期末2_翰林-q007"", ""G2-翰林-113上-期末2-P01_R08_安和國小_新北市_2年級_數學_113上_期末2_翰林-q008"", ""G2-翰林-113上-期末2-P01_R08_安和國小_新北市_2年級_數學_113上_期末2_翰林-q009"", ""G2-翰林-113上-期末2-P01_R08_安和國小_新北市_2年級_數學_113上_期末2_翰林-q010"", ""G2-翰林-113上-期末2-P01_R08_安和國小_新北市_2年級_數學_113上_期末2_翰林-q011"", ""G2-翰林-113上-期末2-P01_R08_安和國小_新北市_2年級_數學_113上_期末2_翰林-q012""]",G2-翰林-113上-期末2-P01_R08_安和國小_新北市_2年級_數學_113上_期末2_翰林,question_item,verified,source_materials/tcool_math_g1_g4_康軒_翰林/grade-2/翰林/questions/P01_R08_安和國小_新北市_2年級_數學_113上_期末2_翰林_題目卷.pdf,2,"[0, 0, 4047, 5732]",source_materials/tcool_math_g1_g4_康軒_翰林/_analysis/pilot/pages/G2-_-113_-_2-P01_R08_____2____113___2__/page-2.jpg,二-5-(2),(2)用乘法算式記成( ),[],source_materials/tcool_math_g1_g4_康軒_翰林/grade-2/翰林/answers/P01_R08_安和國小_新北市_2年級_數學_113上_期末2_翰林_答案卷.pdf,2,6×5=30。與答案卷「6×5=30」一致。,6×5=30,verified,independent_calculation,翰林,G2,113,上,期末2,,,,翰林 G2 上 第7章 乘法（一）,"[""N-2-6""]",[],"[""G2-06-01""]","[""G2-06-01""]",direct,high,"[""同題乘法式6x5=30，對應 G2-06-01""]",include,first_pass
G2-翰林-113上-期末2-P01_R08_安和國小_新北市_2年級_數學_113上_期末2_翰林::ql-q11,"[""G2-翰林-113上-期末2-P01_R08_安和國小_新北市_2年級_數學_113上_期末2_翰林-q004"", ""G2-翰林-113上-期末2-P01_R08_安和國小_新北市_2年級_數學_113上_期末2_翰林-q005"", ""G2-翰林-113上-期末2-P01_R08_安和國小_新北市_2年級_數學_113上_期末2_翰林-q006"", ""G2-翰林-113上-期末2-P01_R08_安和國小_新北市_2年級_數學_113上_期末2_翰林-q007"", ""G2-翰林-113上-期末2-P01_R08_安和國小_新北市_2年級_數學_113上_期末2_翰林-q008"", ""G2-翰林-113上-期末2-P01_R08_安和國小_新北市_2年級_數學_113上_期末2_翰林-q009"", ""G2-翰林-113上-期末2-P01_R08_安和國小_新北市_2年級_數學_113上_期末2_翰林-q010"", ""G2-翰林-113上-期末2-P01_R08_安和國小_新北市_2年級_數學_113上_期末2_翰林-q011"", ""G2-翰林-113上-期末2-P01_R08_安和國小_新北市_2年級_數學_113上_期末2_翰林-q012""]",G2-翰林-113上-期末2-P01_R08_安和國小_新北市_2年級_數學_113上_期末2_翰林,question_item,verified,source_materials/tcool_math_g1_g4_康軒_翰林/grade-2/翰林/questions/P01_R08_安和國小_新北市_2年級_數學_113上_期末2_翰林_題目卷.pdf,2,"[0, 0, 4047, 5732]",source_materials/tcool_math_g1_g4_康軒_翰林/_analysis/pilot/pages/G2-_-113_-_2-P01_R08_____2____113___2__/page-2.jpg,二-6,乘法算式4×5=20，算式中的被乘數是( )，乘數是( )，積是( )。,[],source_materials/tcool_math_g1_g4_康軒_翰林/grade-2/翰林/answers/P01_R08_安和國小_新北市_2年級_數學_113上_期末2_翰林_答案卷.pdf,2,依4×5=20之算式結構直接對應。與答案卷「4/5/20」一致。,被乘數4，乘數5，積20,verified,independent_calculation,翰林,G2,113,上,期末2,,,,翰林 G2 上 第7章 乘法（一）,"[""N-2-6""]",[],"[""G2-06-01""]","[""G2-06-01""]",direct,high,"[""4x5=20被乘數/乘數/積名稱，對應 G2-06-01 乘法概念""]",include,first_pass
G2-翰林-113上-期末2-P01_R08_安和國小_新北市_2年級_數學_113上_期末2_翰林::ql-q12,"[""G2-翰林-113上-期末2-P01_R08_安和國小_新北市_2年級_數學_113上_期末2_翰林-q004"", ""G2-翰林-113上-期末2-P01_R08_安和國小_新北市_2年級_數學_113上_期末2_翰林-q005"", ""G2-翰林-113上-期末2-P01_R08_安和國小_新北市_2年級_數學_113上_期末2_翰林-q006"", ""G2-翰林-113上-期末2-P01_R08_安和國小_新北市_2年級_數學_113上_期末2_翰林-q007"", ""G2-翰林-113上-期末2-P01_R08_安和國小_新北市_2年級_數學_113上_期末2_翰林-q008"", ""G2-翰林-113上-期末2-P01_R08_安和國小_新北市_2年級_數學_113上_期末2_翰林-q009"", ""G2-翰林-113上-期末2-P01_R08_安和國小_新北市_2年級_數學_113上_期末2_翰林-q010"", ""G2-翰林-113上-期末2-P01_R08_安和國小_新北市_2年級_數學_113上_期末2_翰林-q011"", ""G2-翰林-113上-期末2-P01_R08_安和國小_新北市_2年級_數學_113上_期末2_翰林-q012""]",G2-翰林-113上-期末2-P01_R08_安和國小_新北市_2年級_數學_113上_期末2_翰林,question_item,verified,source_materials/tcool_math_g1_g4_康軒_翰林/grade-2/翰林/questions/P01_R08_安和國小_新北市_2年級_數學_113上_期末2_翰林_題目卷.pdf,2,"[0, 0, 4047, 5732]",source_materials/tcool_math_g1_g4_康軒_翰林/_analysis/pilot/pages/G2-_-113_-_2-P01_R08_____2____113___2__/page-2.jpg,二-7,（兩鐘面圖，左鐘面時針指3、分針指12＝3時0分）請觀察鐘面，從3時開始，分針從鐘面數字12開始走4大格，也可以說是走了( )小格，此時鐘面是( )時( )分。,[],source_materials/tcool_math_g1_g4_康軒_翰林/grade-2/翰林/answers/P01_R08_安和國小_新北市_2年級_數學_113上_期末2_翰林_答案卷.pdf,2,1大格=5小格，4大格=20小格=20分鐘；3:00+20分=3:20。與答案卷「20/3/20」一致（右鐘面圖亦顯示分針約於20分位置、時針略過3，互為佐證）。,20小格；3時20分,verified,independent_calculation,翰林,G2,113,上,期末2,,,,翰林 G2 上 第8章 時間,"[""N-2-13""]",[],"[""G2-07-04""]","[""G2-07-04""]",direct,high,"[""skill G2-07-04「以小時為單位求時間間隔」延伸至分鐘級(3:00走20分到3:20)，語意相符""]",include,first_pass
G2-翰林-113上-期末2-P01_R08_安和國小_新北市_2年級_數學_113上_期末2_翰林::ql-q13,"[""G2-翰林-113上-期末2-P01_R08_安和國小_新北市_2年級_數學_113上_期末2_翰林-q004"", ""G2-翰林-113上-期末2-P01_R08_安和國小_新北市_2年級_數學_113上_期末2_翰林-q005"", ""G2-翰林-113上-期末2-P01_R08_安和國小_新北市_2年級_數學_113上_期末2_翰林-q006"", ""G2-翰林-113上-期末2-P01_R08_安和國小_新北市_2年級_數學_113上_期末2_翰林-q007"", ""G2-翰林-113上-期末2-P01_R08_安和國小_新北市_2年級_數學_113上_期末2_翰林-q008"", ""G2-翰林-113上-期末2-P01_R08_安和國小_新北市_2年級_數學_113上_期末2_翰林-q009"", ""G2-翰林-113上-期末2-P01_R08_安和國小_新北市_2年級_數學_113上_期末2_翰林-q010"", ""G2-翰林-113上-期末2-P01_R08_安和國小_新北市_2年級_數學_113上_期末2_翰林-q011"", ""G2-翰林-113上-期末2-P01_R08_安和國小_新北市_2年級_數學_113上_期末2_翰林-q012""]",G2-翰林-113上-期末2-P01_R08_安和國小_新北市_2年級_數學_113上_期末2_翰林,question_item,verified,source_materials/tcool_math_g1_g4_康軒_翰林/grade-2/翰林/questions/P01_R08_安和國小_新北市_2年級_數學_113上_期末2_翰林_題目卷.pdf,2,"[0, 0, 4047, 5732]",source_materials/tcool_math_g1_g4_康軒_翰林/_analysis/pilot/pages/G2-_-113_-_2-P01_R08_____2____113___2__/page-2.jpg,二-8,將甲、乙、丙三個面的大小，由大到小在( )裡寫上1、2、3。（圖：甲=小正方形、乙=大正方形、丙=菱形，中等大小）,[],source_materials/tcool_math_g1_g4_康軒_翰林/grade-2/翰林/answers/P01_R08_安和國小_新北市_2年級_數學_113上_期末2_翰林_答案卷.pdf,2,原圖乙為三者中最大之正方形、甲為最小之正方形、丙菱形居中，故乙1、丙2、甲3。與答案卷「3/1/2」一致。,甲3、乙1、丙2,verified,visual_manual_required,翰林,G2,113,上,期末2,,,,翰林 G2 上 第10章 面的大小比較,"[""N-2-12"", ""S-2-5""]",[],"[""G2-09-01""]","[""G2-09-01""]",direct,high,"[""official N-2-12/S-2-5 容量重量面積"", ""publisher ('翰林', 'G2', '上', 10)"", ""skill G2-09-01「直接比較面積」對應甲乙丙面積大小排序""]",include,first_pass
G2-翰林-113上-期末2-P01_R08_安和國小_新北市_2年級_數學_113上_期末2_翰林::ql-q14,"[""G2-翰林-113上-期末2-P01_R08_安和國小_新北市_2年級_數學_113上_期末2_翰林-q004"", ""G2-翰林-113上-期末2-P01_R08_安和國小_新北市_2年級_數學_113上_期末2_翰林-q005"", ""G2-翰林-113上-期末2-P01_R08_安和國小_新北市_2年級_數學_113上_期末2_翰林-q006"", ""G2-翰林-113上-期末2-P01_R08_安和國小_新北市_2年級_數學_113上_期末2_翰林-q007"", ""G2-翰林-113上-期末2-P01_R08_安和國小_新北市_2年級_數學_113上_期末2_翰林-q008"", ""G2-翰林-113上-期末2-P01_R08_安和國小_新北市_2年級_數學_113上_期末2_翰林-q009"", ""G2-翰林-113上-期末2-P01_R08_安和國小_新北市_2年級_數學_113上_期末2_翰林-q010"", ""G2-翰林-113上-期末2-P01_R08_安和國小_新北市_2年級_數學_113上_期末2_翰林-q011"", ""G2-翰林-113上-期末2-P01_R08_安和國小_新北市_2年級_數學_113上_期末2_翰林-q012""]",G2-翰林-113上-期末2-P01_R08_安和國小_新北市_2年級_數學_113上_期末2_翰林,question_item,verified,source_materials/tcool_math_g1_g4_康軒_翰林/grade-2/翰林/questions/P01_R08_安和國小_新北市_2年級_數學_113上_期末2_翰林_題目卷.pdf,2,"[0, 0, 4047, 5732]",source_materials/tcool_math_g1_g4_康軒_翰林/_analysis/pilot/pages/G2-_-113_-_2-P01_R08_____2____113___2__/page-2.jpg,三,連連看：將算式與其計算結果連起來。5+5+5、28、24（上排）；6×4、4個7、15（下排）,[],source_materials/tcool_math_g1_g4_康軒_翰林/grade-2/翰林/answers/P01_R08_安和國小_新北市_2年級_數學_113上_期末2_翰林_答案卷.pdf,2,5+5+5=15、6×4=24、4個7=28，三組唯一對應。與答案卷連線結果一致。,5+5+5(15)—15；6×4(24)—24；4個7(28)—28,verified,independent_calculation,翰林,G2,113,上,期末2,,,,翰林 G2 上 第7章 乘法（一）,"[""N-2-6""]",[],"[""G2-06-01""]","[""G2-06-01""]",direct,high,"[""連連看算式配對答案，對應乘法/連加概念 G2-06-01""]",include,first_pass
G2-翰林-113上-期末2-P01_R08_安和國小_新北市_2年級_數學_113上_期末2_翰林::ql-q15,"[""G2-翰林-113上-期末2-P01_R08_安和國小_新北市_2年級_數學_113上_期末2_翰林-q004"", ""G2-翰林-113上-期末2-P01_R08_安和國小_新北市_2年級_數學_113上_期末2_翰林-q005"", ""G2-翰林-113上-期末2-P01_R08_安和國小_新北市_2年級_數學_113上_期末2_翰林-q006"", ""G2-翰林-113上-期末2-P01_R08_安和國小_新北市_2年級_數學_113上_期末2_翰林-q007"", ""G2-翰林-113上-期末2-P01_R08_安和國小_新北市_2年級_數學_113上_期末2_翰林-q008"", ""G2-翰林-113上-期末2-P01_R08_安和國小_新北市_2年級_數學_113上_期末2_翰林-q009"", ""G2-翰林-113上-期末2-P01_R08_安和國小_新北市_2年級_數學_113上_期末2_翰林-q010"", ""G2-翰林-113上-期末2-P01_R08_安和國小_新北市_2年級_數學_113上_期末2_翰林-q011"", ""G2-翰林-113上-期末2-P01_R08_安和國小_新北市_2年級_數學_113上_期末2_翰林-q012""]",G2-翰林-113上-期末2-P01_R08_安和國小_新北市_2年級_數學_113上_期末2_翰林,question_item,verified,source_materials/tcool_math_g1_g4_康軒_翰林/grade-2/翰林/questions/P01_R08_安和國小_新北市_2年級_數學_113上_期末2_翰林_題目卷.pdf,2,"[0, 0, 4047, 5732]",source_materials/tcool_math_g1_g4_康軒_翰林/_analysis/pilot/pages/G2-_-113_-_2-P01_R08_____2____113___2__/page-2.jpg,四-1-(1),鐘面上是幾時幾分？（鐘面(1)：時針在11與12之間偏近11、分針指5）,[],source_materials/tcool_math_g1_g4_康軒_翰林/grade-2/翰林/answers/P01_R08_安和國小_新北市_2年級_數學_113上_期末2_翰林_答案卷.pdf,2,時針略過11指向約11-12間偏11處、分針指5(25分)，讀作11:25。與答案卷「11/25」一致。,11時25分,verified,visual_manual_required,翰林,G2,113,上,期末2,,,,翰林 G2 上 第8章 時間,"[""N-2-13""]",[],"[""G2-07-03""]","[""G2-07-03""]",direct,high,"[""鐘面報讀11:25，對應 G2-07-03""]",include,first_pass
G2-翰林-113上-期末2-P01_R08_安和國小_新北市_2年級_數學_113上_期末2_翰林::ql-q16,"[""G2-翰林-113上-期末2-P01_R08_安和國小_新北市_2年級_數學_113上_期末2_翰林-q004"", ""G2-翰林-113上-期末2-P01_R08_安和國小_新北市_2年級_數學_113上_期末2_翰林-q005"", ""G2-翰林-113上-期末2-P01_R08_安和國小_新北市_2年級_數學_113上_期末2_翰林-q006"", ""G2-翰林-113上-期末2-P01_R08_安和國小_新北市_2年級_數學_113上_期末2_翰林-q007"", ""G2-翰林-113上-期末2-P01_R08_安和國小_新北市_2年級_數學_113上_期末2_翰林-q008"", ""G2-翰林-113上-期末2-P01_R08_安和國小_新北市_2年級_數學_113上_期末2_翰林-q009"", ""G2-翰林-113上-期末2-P01_R08_安和國小_新北市_2年級_數學_113上_期末2_翰林-q010"", ""G2-翰林-113上-期末2-P01_R08_安和國小_新北市_2年級_數學_113上_期末2_翰林-q011"", ""G2-翰林-113上-期末2-P01_R08_安和國小_新北市_2年級_數學_113上_期末2_翰林-q012""]",G2-翰林-113上-期末2-P01_R08_安和國小_新北市_2年級_數學_113上_期末2_翰林,question_item,verified,source_materials/tcool_math_g1_g4_康軒_翰林/grade-2/翰林/questions/P01_R08_安和國小_新北市_2年級_數學_113上_期末2_翰林_題目卷.pdf,2,"[0, 0, 4047, 5732]",source_materials/tcool_math_g1_g4_康軒_翰林/_analysis/pilot/pages/G2-_-113_-_2-P01_R08_____2____113___2__/page-2.jpg,四-1-(2),鐘面上是幾時幾分？（鐘面(2)：時針指6、分針指6）,[],source_materials/tcool_math_g1_g4_康軒_翰林/grade-2/翰林/answers/P01_R08_安和國小_新北市_2年級_數學_113上_期末2_翰林_答案卷.pdf,2,時針指6、分針指6(30分)，讀作6:30。與答案卷「6/30」一致。,6時30分,verified,visual_manual_required,翰林,G2,113,上,期末2,,,,翰林 G2 上 第8章 時間,"[""N-2-13""]",[],"[""G2-07-03""]","[""G2-07-03""]",direct,high,"[""鐘面報讀6:30，對應 G2-07-03""]",include,first_pass
G2-翰林-113上-期末2-P01_R08_安和國小_新北市_2年級_數學_113上_期末2_翰林::ql-q17,"[""G2-翰林-113上-期末2-P01_R08_安和國小_新北市_2年級_數學_113上_期末2_翰林-q004"", ""G2-翰林-113上-期末2-P01_R08_安和國小_新北市_2年級_數學_113上_期末2_翰林-q005"", ""G2-翰林-113上-期末2-P01_R08_安和國小_新北市_2年級_數學_113上_期末2_翰林-q006"", ""G2-翰林-113上-期末2-P01_R08_安和國小_新北市_2年級_數學_113上_期末2_翰林-q007"", ""G2-翰林-113上-期末2-P01_R08_安和國小_新北市_2年級_數學_113上_期末2_翰林-q008"", ""G2-翰林-113上-期末2-P01_R08_安和國小_新北市_2年級_數學_113上_期末2_翰林-q009"", ""G2-翰林-113上-期末2-P01_R08_安和國小_新北市_2年級_數學_113上_期末2_翰林-q010"", ""G2-翰林-113上-期末2-P01_R08_安和國小_新北市_2年級_數學_113上_期末2_翰林-q011"", ""G2-翰林-113上-期末2-P01_R08_安和國小_新北市_2年級_數學_113上_期末2_翰林-q012""]",G2-翰林-113上-期末2-P01_R08_安和國小_新北市_2年級_數學_113上_期末2_翰林,question_item,verified,source_materials/tcool_math_g1_g4_康軒_翰林/grade-2/翰林/questions/P01_R08_安和國小_新北市_2年級_數學_113上_期末2_翰林_題目卷.pdf,2,"[0, 0, 4047, 5732]",source_materials/tcool_math_g1_g4_康軒_翰林/_analysis/pilot/pages/G2-_-113_-_2-P01_R08_____2____113___2__/page-2.jpg,四-2-(1),把正確時刻的鐘面在( )裡打✓：妹妹早上7點多才起床（三鐘面選一）,"[""鐘面①"", ""鐘面②"", ""鐘面③""]",source_materials/tcool_math_g1_g4_康軒_翰林/grade-2/翰林/answers/P01_R08_安和國小_新北市_2年級_數學_113上_期末2_翰林_答案卷.pdf,2,三鐘面中僅第①面時針落在7-8之間符合「7點多」。與答案卷勾選①一致。,鐘面①,verified,visual_manual_required,翰林,G2,113,上,期末2,,,,翰林 G2 上 第8章 時間,"[""N-2-13""]",[],"[""G2-07-03""]","[""G2-07-03""]",direct,high,"[""選擇符合7點多的鐘面，對應 G2-07-03""]",include,first_pass
G2-翰林-113上-期末2-P01_R08_安和國小_新北市_2年級_數學_113上_期末2_翰林::ql-q18,"[""G2-翰林-113上-期末2-P01_R08_安和國小_新北市_2年級_數學_113上_期末2_翰林-q004"", ""G2-翰林-113上-期末2-P01_R08_安和國小_新北市_2年級_數學_113上_期末2_翰林-q005"", ""G2-翰林-113上-期末2-P01_R08_安和國小_新北市_2年級_數學_113上_期末2_翰林-q006"", ""G2-翰林-113上-期末2-P01_R08_安和國小_新北市_2年級_數學_113上_期末2_翰林-q007"", ""G2-翰林-113上-期末2-P01_R08_安和國小_新北市_2年級_數學_113上_期末2_翰林-q008"", ""G2-翰林-113上-期末2-P01_R08_安和國小_新北市_2年級_數學_113上_期末2_翰林-q009"", ""G2-翰林-113上-期末2-P01_R08_安和國小_新北市_2年級_數學_113上_期末2_翰林-q010"", ""G2-翰林-113上-期末2-P01_R08_安和國小_新北市_2年級_數學_113上_期末2_翰林-q011"", ""G2-翰林-113上-期末2-P01_R08_安和國小_新北市_2年級_數學_113上_期末2_翰林-q012""]",G2-翰林-113上-期末2-P01_R08_安和國小_新北市_2年級_數學_113上_期末2_翰林,question_item,verified,source_materials/tcool_math_g1_g4_康軒_翰林/grade-2/翰林/questions/P01_R08_安和國小_新北市_2年級_數學_113上_期末2_翰林_題目卷.pdf,2,"[0, 0, 4047, 5732]",source_materials/tcool_math_g1_g4_康軒_翰林/_analysis/pilot/pages/G2-_-113_-_2-P01_R08_____2____113___2__/page-2.jpg,四-2-(2),把正確時刻的鐘面在( )裡打✓：爺爺下午5點多去散步（三鐘面選一）,"[""鐘面①"", ""鐘面②"", ""鐘面③""]",source_materials/tcool_math_g1_g4_康軒_翰林/grade-2/翰林/answers/P01_R08_安和國小_新北市_2年級_數學_113上_期末2_翰林_答案卷.pdf,2,三鐘面中僅第②面時針落在5-6之間符合「5點多」。與答案卷勾選②一致。,鐘面②,verified,visual_manual_required,翰林,G2,113,上,期末2,,,,翰林 G2 上 第8章 時間,"[""N-2-13""]",[],"[""G2-07-03""]","[""G2-07-03""]",direct,high,"[""選擇符合5點多的鐘面，對應 G2-07-03""]",include,first_pass
G2-翰林-113上-期末2-P01_R08_安和國小_新北市_2年級_數學_113上_期末2_翰林::ql-q19,"[""G2-翰林-113上-期末2-P01_R08_安和國小_新北市_2年級_數學_113上_期末2_翰林-q013"", ""G2-翰林-113上-期末2-P01_R08_安和國小_新北市_2年級_數學_113上_期末2_翰林-q014"", ""G2-翰林-113上-期末2-P01_R08_安和國小_新北市_2年級_數學_113上_期末2_翰林-q015"", ""G2-翰林-113上-期末2-P01_R08_安和國小_新北市_2年級_數學_113上_期末2_翰林-q016"", ""G2-翰林-113上-期末2-P01_R08_安和國小_新北市_2年級_數學_113上_期末2_翰林-q017""]",G2-翰林-113上-期末2-P01_R08_安和國小_新北市_2年級_數學_113上_期末2_翰林,question_item,verified,source_materials/tcool_math_g1_g4_康軒_翰林/grade-2/翰林/questions/P01_R08_安和國小_新北市_2年級_數學_113上_期末2_翰林_題目卷.pdf,3,"[0, 0, 4047, 5732]",source_materials/tcool_math_g1_g4_康軒_翰林/_analysis/pilot/pages/G2-_-113_-_2-P01_R08_____2____113___2__/page-3.jpg,五-1-(1),哥哥跟同學要報名參加籃球比賽。每支隊伍需要5人，總共有9隊報名參加，這次比賽共有幾個人參加？,[],source_materials/tcool_math_g1_g4_康軒_翰林/grade-2/翰林/answers/P01_R08_安和國小_新北市_2年級_數學_113上_期末2_翰林_答案卷.pdf,3,5×9=45。與答案卷「5×9=45 答:(45)人」一致。,45 人,verified,independent_calculation,翰林,G2,113,上,期末2,,,,翰林 G2 上 第7章 乘法（一）,"[""N-2-6""]",[],"[""G2-06-01""]","[""G2-06-01""]",direct,high,"[""5人x9隊=45人 乘法應用題，對應 G2-06-01""]",include,first_pass
G2-翰林-113上-期末2-P01_R08_安和國小_新北市_2年級_數學_113上_期末2_翰林::ql-q20,"[""G2-翰林-113上-期末2-P01_R08_安和國小_新北市_2年級_數學_113上_期末2_翰林-q013"", ""G2-翰林-113上-期末2-P01_R08_安和國小_新北市_2年級_數學_113上_期末2_翰林-q014"", ""G2-翰林-113上-期末2-P01_R08_安和國小_新北市_2年級_數學_113上_期末2_翰林-q015"", ""G2-翰林-113上-期末2-P01_R08_安和國小_新北市_2年級_數學_113上_期末2_翰林-q016"", ""G2-翰林-113上-期末2-P01_R08_安和國小_新北市_2年級_數學_113上_期末2_翰林-q017""]",G2-翰林-113上-期末2-P01_R08_安和國小_新北市_2年級_數學_113上_期末2_翰林,question_item,verified,source_materials/tcool_math_g1_g4_康軒_翰林/grade-2/翰林/questions/P01_R08_安和國小_新北市_2年級_數學_113上_期末2_翰林_題目卷.pdf,3,"[0, 0, 4047, 5732]",source_materials/tcool_math_g1_g4_康軒_翰林/_analysis/pilot/pages/G2-_-113_-_2-P01_R08_____2____113___2__/page-3.jpg,五-1-(2),哥哥原本有75元，爸爸又給他15元，哥哥買早餐花了68元，請問哥哥剩下多少元？,[],source_materials/tcool_math_g1_g4_康軒_翰林/grade-2/翰林/answers/P01_R08_安和國小_新北市_2年級_數學_113上_期末2_翰林_答案卷.pdf,3,75+15-68=22。與答案卷「75+15=90;90-68=22 答:(22)元」一致。,22 元,verified,independent_calculation,翰林,G2,113,上,期末2,,,,翰林 G2 上 第4章 加減應用,"[""N-2-3"", ""N-2-4""]",[],"[""G2-03-02""]","[""G2-03-02""]",direct,high,"[""75+15-68=22 加減應用題，對應 G2-03-02""]",include,first_pass
G2-翰林-113上-期末2-P01_R08_安和國小_新北市_2年級_數學_113上_期末2_翰林::ql-q21,"[""G2-翰林-113上-期末2-P01_R08_安和國小_新北市_2年級_數學_113上_期末2_翰林-q013"", ""G2-翰林-113上-期末2-P01_R08_安和國小_新北市_2年級_數學_113上_期末2_翰林-q014"", ""G2-翰林-113上-期末2-P01_R08_安和國小_新北市_2年級_數學_113上_期末2_翰林-q015"", ""G2-翰林-113上-期末2-P01_R08_安和國小_新北市_2年級_數學_113上_期末2_翰林-q016"", ""G2-翰林-113上-期末2-P01_R08_安和國小_新北市_2年級_數學_113上_期末2_翰林-q017""]",G2-翰林-113上-期末2-P01_R08_安和國小_新北市_2年級_數學_113上_期末2_翰林,question_item,verified,source_materials/tcool_math_g1_g4_康軒_翰林/grade-2/翰林/questions/P01_R08_安和國小_新北市_2年級_數學_113上_期末2_翰林_題目卷.pdf,3,"[0, 0, 4047, 5732]",source_materials/tcool_math_g1_g4_康軒_翰林/_analysis/pilot/pages/G2-_-113_-_2-P01_R08_____2____113___2__/page-3.jpg,五-1-(3),哥哥上午7時出門，回到家是上午11時，請問經過了幾小時？（不用寫計算過程；鐘面圖佐證7:00與11:00）,[],source_materials/tcool_math_g1_g4_康軒_翰林/grade-2/翰林/answers/P01_R08_安和國小_新北市_2年級_數學_113上_期末2_翰林_答案卷.pdf,3,11-7=4。與答案卷「經過(4)小時」一致，並與兩鐘面圖示之7:00、11:00相符。,4 小時,verified,independent_calculation,翰林,G2,113,上,期末2,,,,翰林 G2 上 第8章 時間,"[""N-2-13""]",[],"[""G2-07-04""]","[""G2-07-04""]",direct,high,"[""7時到11時經過4小時，對應 G2-07-04「以小時為單位求時間間隔」""]",include,first_pass
G2-翰林-113上-期末2-P01_R08_安和國小_新北市_2年級_數學_113上_期末2_翰林::ql-q22,"[""G2-翰林-113上-期末2-P01_R08_安和國小_新北市_2年級_數學_113上_期末2_翰林-q013"", ""G2-翰林-113上-期末2-P01_R08_安和國小_新北市_2年級_數學_113上_期末2_翰林-q014"", ""G2-翰林-113上-期末2-P01_R08_安和國小_新北市_2年級_數學_113上_期末2_翰林-q015"", ""G2-翰林-113上-期末2-P01_R08_安和國小_新北市_2年級_數學_113上_期末2_翰林-q016"", ""G2-翰林-113上-期末2-P01_R08_安和國小_新北市_2年級_數學_113上_期末2_翰林-q017""]",G2-翰林-113上-期末2-P01_R08_安和國小_新北市_2年級_數學_113上_期末2_翰林,question_item,verified,source_materials/tcool_math_g1_g4_康軒_翰林/grade-2/翰林/questions/P01_R08_安和國小_新北市_2年級_數學_113上_期末2_翰林_題目卷.pdf,3,"[0, 0, 4047, 5732]",source_materials/tcool_math_g1_g4_康軒_翰林/_analysis/pilot/pages/G2-_-113_-_2-P01_R08_____2____113___2__/page-3.jpg,2-(1),安和國小二年級校外教學到台北市立動物園參觀。上午8時出發，上午8時45分鐘抵達動物園，請問分針走了( )大格，是( )分鐘(不用寫計算過程)（兩鐘面圖：出發8:00、抵達8:45）,[],source_materials/tcool_math_g1_g4_康軒_翰林/grade-2/翰林/answers/P01_R08_安和國小_新北市_2年級_數學_113上_期末2_翰林_答案卷.pdf,3,45分鐘÷5分/大格=9大格。與答案卷「9/45」一致，並與兩鐘面圖示之8:00、8:45相符。,9大格，45分鐘,verified,independent_calculation,翰林,G2,113,上,期末2,,,,翰林 G2 上 第8章 時間,"[""N-2-13""]",[],"[""G2-07-04""]","[""G2-07-04""]",direct,high,"[""8:00至8:45分針走幾大格，對應 G2-07-04""]",include,first_pass
G2-翰林-113上-期末2-P01_R08_安和國小_新北市_2年級_數學_113上_期末2_翰林::ql-q23,"[""G2-翰林-113上-期末2-P01_R08_安和國小_新北市_2年級_數學_113上_期末2_翰林-q013"", ""G2-翰林-113上-期末2-P01_R08_安和國小_新北市_2年級_數學_113上_期末2_翰林-q014"", ""G2-翰林-113上-期末2-P01_R08_安和國小_新北市_2年級_數學_113上_期末2_翰林-q015"", ""G2-翰林-113上-期末2-P01_R08_安和國小_新北市_2年級_數學_113上_期末2_翰林-q016"", ""G2-翰林-113上-期末2-P01_R08_安和國小_新北市_2年級_數學_113上_期末2_翰林-q017""]",G2-翰林-113上-期末2-P01_R08_安和國小_新北市_2年級_數學_113上_期末2_翰林,question_item,verified,source_materials/tcool_math_g1_g4_康軒_翰林/grade-2/翰林/questions/P01_R08_安和國小_新北市_2年級_數學_113上_期末2_翰林_題目卷.pdf,3,"[0, 0, 4047, 5732]",source_materials/tcool_math_g1_g4_康軒_翰林/_analysis/pilot/pages/G2-_-113_-_2-P01_R08_____2____113___2__/page-3.jpg,2-(2),在地圖上，動物園分成甲、乙、丙共3區，如下圖（不規則方格圖，甲、乙、丙為粗框標示區域，每格為1個□）。甲區和( )個□一樣大，乙區和( )個□一樣大，丙區和( )個□一樣大，( )區的面積比較大。,[],source_materials/tcool_math_g1_g4_康軒_翰林/grade-2/翰林/answers/P01_R08_安和國小_新北市_2年級_數學_113上_期末2_翰林_答案卷.pdf,3,依答案卷所載方格計數甲=12、乙=13、丙=15，三者中丙最大，與答案卷結論「丙區的面積比較大」一致；不規則方格逐格計數已對照原圖粗框範圍核對整體合理性（丙區於圖中占據面積確實目視最大）。,甲12、乙13、丙15；丙區較大,verified,visual_manual_required,翰林,G2,113,上,期末2,,,,翰林 G2 上 第10章 面的大小比較,"[""N-2-12"", ""S-2-5""]",[],"[""G2-09-01""]",[],partial,medium,"[""不規則方格圖面積計數(甲12/乙13/丙15)，對應面積比較chapter但涉及方格計數技巧非該章單一skill完整涵蓋""]",uncertain_review,first_pass
G2-翰林-113上-期末2-P01_R08_安和國小_新北市_2年級_數學_113上_期末2_翰林::ql-q24,"[""G2-翰林-113上-期末2-P01_R08_安和國小_新北市_2年級_數學_113上_期末2_翰林-q013"", ""G2-翰林-113上-期末2-P01_R08_安和國小_新北市_2年級_數學_113上_期末2_翰林-q014"", ""G2-翰林-113上-期末2-P01_R08_安和國小_新北市_2年級_數學_113上_期末2_翰林-q015"", ""G2-翰林-113上-期末2-P01_R08_安和國小_新北市_2年級_數學_113上_期末2_翰林-q016"", ""G2-翰林-113上-期末2-P01_R08_安和國小_新北市_2年級_數學_113上_期末2_翰林-q017""]",G2-翰林-113上-期末2-P01_R08_安和國小_新北市_2年級_數學_113上_期末2_翰林,question_item,verified,source_materials/tcool_math_g1_g4_康軒_翰林/grade-2/翰林/questions/P01_R08_安和國小_新北市_2年級_數學_113上_期末2_翰林_題目卷.pdf,3,"[0, 0, 4047, 5732]",source_materials/tcool_math_g1_g4_康軒_翰林/_analysis/pilot/pages/G2-_-113_-_2-P01_R08_____2____113___2__/page-3.jpg,3,哥哥吃了18顆水餃，弟弟比哥哥少吃5顆水餃，請問兄弟兩人一共吃了幾顆水餃？,[],source_materials/tcool_math_g1_g4_康軒_翰林/grade-2/翰林/answers/P01_R08_安和國小_新北市_2年級_數學_113上_期末2_翰林_答案卷.pdf,3,18-5=13(弟弟)；18+13=31。與答案卷「18-5=13;18+13=31 答:(31)顆」一致。,31 顆,verified,independent_calculation,翰林,G2,113,上,期末2,,,,翰林 G2 上 第6章 加減兩步驟,"[""N-2-5""]",[],"[""G2-05-02""]","[""G2-05-02""]",direct,high,"[""official N-2-5 解題(兩步驟)"", ""publisher ('翰林', 'G2', '上', 6)"", ""18-5=13;18+13=31 對應 G2-05-02「減法應用題(二)-兩步驟」""]",include,first_pass
G2-翰林-113上-期末2-P01_R08_安和國小_新北市_2年級_數學_113上_期末2_翰林::ql-q25,"[""G2-翰林-113上-期末2-P01_R08_安和國小_新北市_2年級_數學_113上_期末2_翰林-q018"", ""G2-翰林-113上-期末2-P01_R08_安和國小_新北市_2年級_數學_113上_期末2_翰林-q019""]",G2-翰林-113上-期末2-P01_R08_安和國小_新北市_2年級_數學_113上_期末2_翰林,question_item,verified,source_materials/tcool_math_g1_g4_康軒_翰林/grade-2/翰林/questions/P01_R08_安和國小_新北市_2年級_數學_113上_期末2_翰林_題目卷.pdf,4,"[0, 0, 4047, 5732]",source_materials/tcool_math_g1_g4_康軒_翰林/_analysis/pilot/pages/G2-_-113_-_2-P01_R08_____2____113___2__/page-4.jpg,4,小新要存錢買水彩，第1週存25元，第2週比第1週多存32元，第3週比第2週多存19元，請問第三週存了多少元？,[],source_materials/tcool_math_g1_g4_康軒_翰林/grade-2/翰林/answers/P01_R08_安和國小_新北市_2年級_數學_113上_期末2_翰林_答案卷.pdf,4,第2週=25+32=57；第3週=57+19=76。與答案卷「25+32=57;57+19=76 答:(76)元」一致。,76 元,verified,independent_calculation,翰林,G2,113,上,期末2,,,,翰林 G2 上 第6章 加減兩步驟,"[""N-2-5""]",[],"[""G2-05-01""]","[""G2-05-01""]",direct,high,"[""25+32=57;57+19=76 對應 G2-05-01「加法應用題(二)-兩步驟」""]",include,first_pass
G2-翰林-113上-期末2-P01_R08_安和國小_新北市_2年級_數學_113上_期末2_翰林::ql-q26,"[""G2-翰林-113上-期末2-P01_R08_安和國小_新北市_2年級_數學_113上_期末2_翰林-q018"", ""G2-翰林-113上-期末2-P01_R08_安和國小_新北市_2年級_數學_113上_期末2_翰林-q019""]",G2-翰林-113上-期末2-P01_R08_安和國小_新北市_2年級_數學_113上_期末2_翰林,question_item,verified,source_materials/tcool_math_g1_g4_康軒_翰林/grade-2/翰林/questions/P01_R08_安和國小_新北市_2年級_數學_113上_期末2_翰林_題目卷.pdf,4,"[0, 0, 4047, 5732]",source_materials/tcool_math_g1_g4_康軒_翰林/_analysis/pilot/pages/G2-_-113_-_2-P01_R08_____2____113___2__/page-4.jpg,5,小傑帶了95元，午餐時間走到餐廳，看了菜單後，買了一個漢堡(48元)和一瓶柳橙汁(15元)，請問小傑還剩多少元？,[],source_materials/tcool_math_g1_g4_康軒_翰林/grade-2/翰林/answers/P01_R08_安和國小_新北市_2年級_數學_113上_期末2_翰林_答案卷.pdf,4,95-48-15=32。與答案卷「95-48=47;47-15=32 答:(32)元」一致。,32 元,verified,independent_calculation,翰林,G2,113,上,期末2,,,,翰林 G2 上 第6章 加減兩步驟,"[""N-2-5""]",[],"[""G2-05-02""]","[""G2-05-02""]",direct,high,"[""95-48-15=32 對應 G2-05-02""]",include,first_pass
G3-康軒-113上-期中1-P01_R07_安和國小_新北市_3年級_數學_113上_期中1_康軒::ql-q01,"[""G3-康軒-113上-期中1-P01_R07_安和國小_新北市_3年級_數學_113上_期中1_康軒::一-1"", ""G3-康軒-113上-期中1-P01_R07_安和國小_新北市_3年級_數學_113上_期中1_康軒::一-2"", ""G3-康軒-113上-期中1-P01_R07_安和國小_新北市_3年級_數學_113上_期中1_康軒::一-3"", ""G3-康軒-113上-期中1-P01_R07_安和國小_新北市_3年級_數學_113上_期中1_康軒::一-4"", ""G3-康軒-113上-期中1-P01_R07_安和國小_新北市_3年級_數學_113上_期中1_康軒::一-5"", ""G3-康軒-113上-期中1-P01_R07_安和國小_新北市_3年級_數學_113上_期中1_康軒::一-6"", ""G3-康軒-113上-期中1-P01_R07_安和國小_新北市_3年級_數學_113上_期中1_康軒::一-7"", ""G3-康軒-113上-期中1-P01_R07_安和國小_新北市_3年級_數學_113上_期中1_康軒::一-8"", ""G3-康軒-113上-期中1-P01_R07_安和國小_新北市_3年級_數學_113上_期中1_康軒::一-9""]",G3-康軒-113上-期中1-P01_R07_安和國小_新北市_3年級_數學_113上_期中1_康軒,question_item,verified,source_materials/tcool_math_g1_g4_康軒_翰林/grade-3/康軒/questions/P01_R07_安和國小_新北市_3年級_數學_113上_期中1_康軒_題目卷.pdf,1,"[0, 0, 4047, 5732]",source_materials/tcool_math_g1_g4_康軒_翰林/_analysis/pilot/pages/G3-_-113_-_1-P01_R07_____3____113___1__/page-1.jpg,一-1-(1),按照順序填填看：8588→8598→( )→( )→8628,[],source_materials/tcool_math_g1_g4_康軒_翰林/grade-3/康軒/answers/P01_R07_安和國小_新北市_3年級_數學_113上_期中1_康軒_答案卷.pdf,1,"等差+10：8588,8598,8608,8618,8628。與答案卷「(8608)(8618)」一致。",8608、8618,verified,independent_calculation,康軒,G3,113,上,期中1,,,,康軒 G3 上 第1章 10000 以內的數,"[""N-3-1""]",[],"[""G3-01-06""]","[""G3-01-06""]",direct,high,"[""8588→8628 等差+10數列，對應 G3-01-06 順數和倒數""]",include,first_pass
G3-康軒-113上-期中1-P01_R07_安和國小_新北市_3年級_數學_113上_期中1_康軒::ql-q02,"[""G3-康軒-113上-期中1-P01_R07_安和國小_新北市_3年級_數學_113上_期中1_康軒::一-1"", ""G3-康軒-113上-期中1-P01_R07_安和國小_新北市_3年級_數學_113上_期中1_康軒::一-2"", ""G3-康軒-113上-期中1-P01_R07_安和國小_新北市_3年級_數學_113上_期中1_康軒::一-3"", ""G3-康軒-113上-期中1-P01_R07_安和國小_新北市_3年級_數學_113上_期中1_康軒::一-4"", ""G3-康軒-113上-期中1-P01_R07_安和國小_新北市_3年級_數學_113上_期中1_康軒::一-5"", ""G3-康軒-113上-期中1-P01_R07_安和國小_新北市_3年級_數學_113上_期中1_康軒::一-6"", ""G3-康軒-113上-期中1-P01_R07_安和國小_新北市_3年級_數學_113上_期中1_康軒::一-7"", ""G3-康軒-113上-期中1-P01_R07_安和國小_新北市_3年級_數學_113上_期中1_康軒::一-8"", ""G3-康軒-113上-期中1-P01_R07_安和國小_新北市_3年級_數學_113上_期中1_康軒::一-9""]",G3-康軒-113上-期中1-P01_R07_安和國小_新北市_3年級_數學_113上_期中1_康軒,question_item,verified,source_materials/tcool_math_g1_g4_康軒_翰林/grade-3/康軒/questions/P01_R07_安和國小_新北市_3年級_數學_113上_期中1_康軒_題目卷.pdf,1,"[0, 0, 4047, 5732]",source_materials/tcool_math_g1_g4_康軒_翰林/_analysis/pilot/pages/G3-_-113_-_1-P01_R07_____3____113___1__/page-1.jpg,一-1-(2),按照順序填填看：( )→5226→5126→( )→( ),[],source_materials/tcool_math_g1_g4_康軒_翰林/grade-3/康軒/answers/P01_R07_安和國小_新北市_3年級_數學_113上_期中1_康軒_答案卷.pdf,1,"等差-100：5326,5226,5126,5026,4926。與答案卷「(5326)(5026)(4926)」一致。",5326、5026、4926,verified,independent_calculation,康軒,G3,113,上,期中1,,,,康軒 G3 上 第1章 10000 以內的數,"[""N-3-1""]",[],"[""G3-01-06""]","[""G3-01-06""]",direct,high,"[""5326→4926 等差-100數列，對應 G3-01-06""]",include,first_pass
G3-康軒-113上-期中1-P01_R07_安和國小_新北市_3年級_數學_113上_期中1_康軒::ql-q03,"[""G3-康軒-113上-期中1-P01_R07_安和國小_新北市_3年級_數學_113上_期中1_康軒::一-1"", ""G3-康軒-113上-期中1-P01_R07_安和國小_新北市_3年級_數學_113上_期中1_康軒::一-2"", ""G3-康軒-113上-期中1-P01_R07_安和國小_新北市_3年級_數學_113上_期中1_康軒::一-3"", ""G3-康軒-113上-期中1-P01_R07_安和國小_新北市_3年級_數學_113上_期中1_康軒::一-4"", ""G3-康軒-113上-期中1-P01_R07_安和國小_新北市_3年級_數學_113上_期中1_康軒::一-5"", ""G3-康軒-113上-期中1-P01_R07_安和國小_新北市_3年級_數學_113上_期中1_康軒::一-6"", ""G3-康軒-113上-期中1-P01_R07_安和國小_新北市_3年級_數學_113上_期中1_康軒::一-7"", ""G3-康軒-113上-期中1-P01_R07_安和國小_新北市_3年級_數學_113上_期中1_康軒::一-8"", ""G3-康軒-113上-期中1-P01_R07_安和國小_新北市_3年級_數學_113上_期中1_康軒::一-9""]",G3-康軒-113上-期中1-P01_R07_安和國小_新北市_3年級_數學_113上_期中1_康軒,question_item,verified,source_materials/tcool_math_g1_g4_康軒_翰林/grade-3/康軒/questions/P01_R07_安和國小_新北市_3年級_數學_113上_期中1_康軒_題目卷.pdf,1,"[0, 0, 4047, 5732]",source_materials/tcool_math_g1_g4_康軒_翰林/_analysis/pilot/pages/G3-_-113_-_1-P01_R07_____3____113___1__/page-1.jpg,一-2,8個千、22個十和17個一合起來是( )，讀作( )。,[],source_materials/tcool_math_g1_g4_康軒_翰林/grade-3/康軒/answers/P01_R07_安和國小_新北市_3年級_數學_113上_期中1_康軒_答案卷.pdf,1,8000+220+17=8237。與答案卷「(8237)(八千二百三十七)」一致。,8237，讀作八千二百三十七,verified,independent_calculation,康軒,G3,113,上,期中1,,,,康軒 G3 上 第1章 10000 以內的數,"[""N-3-1""]",[],"[""G3-01-02""]","[""G3-01-02""]",direct,high,"[""8個千22個十17個一合成8237，對應 G3-01-02 認識千位的概念""]",include,first_pass
G3-康軒-113上-期中1-P01_R07_安和國小_新北市_3年級_數學_113上_期中1_康軒::ql-q04,"[""G3-康軒-113上-期中1-P01_R07_安和國小_新北市_3年級_數學_113上_期中1_康軒::一-1"", ""G3-康軒-113上-期中1-P01_R07_安和國小_新北市_3年級_數學_113上_期中1_康軒::一-2"", ""G3-康軒-113上-期中1-P01_R07_安和國小_新北市_3年級_數學_113上_期中1_康軒::一-3"", ""G3-康軒-113上-期中1-P01_R07_安和國小_新北市_3年級_數學_113上_期中1_康軒::一-4"", ""G3-康軒-113上-期中1-P01_R07_安和國小_新北市_3年級_數學_113上_期中1_康軒::一-5"", ""G3-康軒-113上-期中1-P01_R07_安和國小_新北市_3年級_數學_113上_期中1_康軒::一-6"", ""G3-康軒-113上-期中1-P01_R07_安和國小_新北市_3年級_數學_113上_期中1_康軒::一-7"", ""G3-康軒-113上-期中1-P01_R07_安和國小_新北市_3年級_數學_113上_期中1_康軒::一-8"", ""G3-康軒-113上-期中1-P01_R07_安和國小_新北市_3年級_數學_113上_期中1_康軒::一-9""]",G3-康軒-113上-期中1-P01_R07_安和國小_新北市_3年級_數學_113上_期中1_康軒,question_item,verified,source_materials/tcool_math_g1_g4_康軒_翰林/grade-3/康軒/questions/P01_R07_安和國小_新北市_3年級_數學_113上_期中1_康軒_題目卷.pdf,1,"[0, 0, 4047, 5732]",source_materials/tcool_math_g1_g4_康軒_翰林/_analysis/pilot/pages/G3-_-113_-_1-P01_R07_____3____113___1__/page-1.jpg,一-3,有5張數字卡8、0、5、9、2，用其中的4張組成，最大的四位數是( )，最小的四位數是( )。,[],source_materials/tcool_math_g1_g4_康軒_翰林/grade-3/康軒/answers/P01_R07_安和國小_新北市_3年級_數學_113上_期中1_康軒_答案卷.pdf,1,最大：降冪取9852；最小：首位取最小非零數字2，其餘升冪配置得2058。與答案卷「(9852)(2058)」一致。,9852、2058,verified,independent_calculation,康軒,G3,113,上,期中1,,,,康軒 G3 上 第1章 10000 以內的數,"[""N-3-1""]",[],"[""G3-01-02""]","[""G3-01-02""]",direct,high,"[""數字卡組成最大/最小四位數，對應 G3-01-02""]",include,first_pass
G3-康軒-113上-期中1-P01_R07_安和國小_新北市_3年級_數學_113上_期中1_康軒::ql-q05,"[""G3-康軒-113上-期中1-P01_R07_安和國小_新北市_3年級_數學_113上_期中1_康軒::一-1"", ""G3-康軒-113上-期中1-P01_R07_安和國小_新北市_3年級_數學_113上_期中1_康軒::一-2"", ""G3-康軒-113上-期中1-P01_R07_安和國小_新北市_3年級_數學_113上_期中1_康軒::一-3"", ""G3-康軒-113上-期中1-P01_R07_安和國小_新北市_3年級_數學_113上_期中1_康軒::一-4"", ""G3-康軒-113上-期中1-P01_R07_安和國小_新北市_3年級_數學_113上_期中1_康軒::一-5"", ""G3-康軒-113上-期中1-P01_R07_安和國小_新北市_3年級_數學_113上_期中1_康軒::一-6"", ""G3-康軒-113上-期中1-P01_R07_安和國小_新北市_3年級_數學_113上_期中1_康軒::一-7"", ""G3-康軒-113上-期中1-P01_R07_安和國小_新北市_3年級_數學_113上_期中1_康軒::一-8"", ""G3-康軒-113上-期中1-P01_R07_安和國小_新北市_3年級_數學_113上_期中1_康軒::一-9""]",G3-康軒-113上-期中1-P01_R07_安和國小_新北市_3年級_數學_113上_期中1_康軒,question_item,verified,source_materials/tcool_math_g1_g4_康軒_翰林/grade-3/康軒/questions/P01_R07_安和國小_新北市_3年級_數學_113上_期中1_康軒_題目卷.pdf,1,"[0, 0, 4047, 5732]",source_materials/tcool_math_g1_g4_康軒_翰林/_analysis/pilot/pages/G3-_-113_-_1-P01_R07_____3____113___1__/page-1.jpg,一-4,5467>54□6，□中可以填入哪些數字？,[],source_materials/tcool_math_g1_g4_康軒_翰林/grade-3/康軒/answers/P01_R07_安和國小_新北市_3年級_數學_113上_期中1_康軒_答案卷.pdf,1,"獨立驗算：54□6=5406+10□；5467>5406+10□ 等價於 □<6.1，故合理解應為 □∈{0,1,2,3,4,5,6}（例：□=7時54□6=5476，5467並不大於5476）。此與答案卷所載「6、7、8、9」不符，已重新核對原題不等式方向確為「5467＞54□6」，非誤讀。依規定如實保留答案卷原始文字，標記 needs_review，列入 answer-review-queue，不得逕自改為獨立驗算結果。",6、7、8、9,needs_review,independent_calculation,康軒,G3,113,上,期中1,,,,康軒 G3 上 第1章 10000 以內的數,"[""N-3-1""]",[],"[""G3-01-05""]",[],uncertain,low,"[""official N-3-1"", ""publisher ('康軒', 'G3', '上', 1)"", ""skill G3-01-05 比較大小-千位百位相同 主題相符，惟本題 answerStatus 已因答案卷數值與獨立驗算不符而標記 needs_review，對齊亦保留uncertain避免掩蓋爭議""]",uncertain_review,first_pass
G3-康軒-113上-期中1-P01_R07_安和國小_新北市_3年級_數學_113上_期中1_康軒::ql-q06,"[""G3-康軒-113上-期中1-P01_R07_安和國小_新北市_3年級_數學_113上_期中1_康軒::一-1"", ""G3-康軒-113上-期中1-P01_R07_安和國小_新北市_3年級_數學_113上_期中1_康軒::一-2"", ""G3-康軒-113上-期中1-P01_R07_安和國小_新北市_3年級_數學_113上_期中1_康軒::一-3"", ""G3-康軒-113上-期中1-P01_R07_安和國小_新北市_3年級_數學_113上_期中1_康軒::一-4"", ""G3-康軒-113上-期中1-P01_R07_安和國小_新北市_3年級_數學_113上_期中1_康軒::一-5"", ""G3-康軒-113上-期中1-P01_R07_安和國小_新北市_3年級_數學_113上_期中1_康軒::一-6"", ""G3-康軒-113上-期中1-P01_R07_安和國小_新北市_3年級_數學_113上_期中1_康軒::一-7"", ""G3-康軒-113上-期中1-P01_R07_安和國小_新北市_3年級_數學_113上_期中1_康軒::一-8"", ""G3-康軒-113上-期中1-P01_R07_安和國小_新北市_3年級_數學_113上_期中1_康軒::一-9""]",G3-康軒-113上-期中1-P01_R07_安和國小_新北市_3年級_數學_113上_期中1_康軒,question_item,verified,source_materials/tcool_math_g1_g4_康軒_翰林/grade-3/康軒/questions/P01_R07_安和國小_新北市_3年級_數學_113上_期中1_康軒_題目卷.pdf,1,"[0, 0, 4047, 5732]",source_materials/tcool_math_g1_g4_康軒_翰林/_analysis/pilot/pages/G3-_-113_-_1-P01_R07_____3____113___1__/page-1.jpg,一-5,玩具店裡的一個海豚玩偶1895元，比機器人模型便宜490元，一個機器人模型多少元？請用1000、100、10和1畫畫看。,[],source_materials/tcool_math_g1_g4_康軒_翰林/grade-3/康軒/answers/P01_R07_安和國小_新北市_3年級_數學_113上_期中1_康軒_答案卷.pdf,1,1895+490=2385。與答案卷「2385元(圖略)」一致。,2385 元,verified,independent_calculation,康軒,G3,113,上,期中1,,,,康軒 G3 上 第2章 四位數的加減,"[""N-3-2""]",[],"[""G3-05-02""]","[""G3-05-02""]",direct,high,"[""1895+490=2385 三位數加法應用題，對應 G3-05-02""]",include,first_pass
G3-康軒-113上-期中1-P01_R07_安和國小_新北市_3年級_數學_113上_期中1_康軒::ql-q07,"[""G3-康軒-113上-期中1-P01_R07_安和國小_新北市_3年級_數學_113上_期中1_康軒::一-1"", ""G3-康軒-113上-期中1-P01_R07_安和國小_新北市_3年級_數學_113上_期中1_康軒::一-2"", ""G3-康軒-113上-期中1-P01_R07_安和國小_新北市_3年級_數學_113上_期中1_康軒::一-3"", ""G3-康軒-113上-期中1-P01_R07_安和國小_新北市_3年級_數學_113上_期中1_康軒::一-4"", ""G3-康軒-113上-期中1-P01_R07_安和國小_新北市_3年級_數學_113上_期中1_康軒::一-5"", ""G3-康軒-113上-期中1-P01_R07_安和國小_新北市_3年級_數學_113上_期中1_康軒::一-6"", ""G3-康軒-113上-期中1-P01_R07_安和國小_新北市_3年級_數學_113上_期中1_康軒::一-7"", ""G3-康軒-113上-期中1-P01_R07_安和國小_新北市_3年級_數學_113上_期中1_康軒::一-8"", ""G3-康軒-113上-期中1-P01_R07_安和國小_新北市_3年級_數學_113上_期中1_康軒::一-9""]",G3-康軒-113上-期中1-P01_R07_安和國小_新北市_3年級_數學_113上_期中1_康軒,question_item,verified,source_materials/tcool_math_g1_g4_康軒_翰林/grade-3/康軒/questions/P01_R07_安和國小_新北市_3年級_數學_113上_期中1_康軒_題目卷.pdf,1,"[0, 0, 4047, 5732]",source_materials/tcool_math_g1_g4_康軒_翰林/_analysis/pilot/pages/G3-_-113_-_1-P01_R07_____3____113___1__/page-1.jpg,一-6-(1),安和購物中心的手錶標價，但百位、十位數被擋住了（2●●9元）。豆豆的爸爸想買這只手錶，請問：(1)爸爸最多可能要付多少元？,[],source_materials/tcool_math_g1_g4_康軒_翰林/grade-3/康軒/answers/P01_R07_安和國小_新北市_3年級_數學_113上_期中1_康軒_答案卷.pdf,1,百位十位未知數取最大值9、9：2999。與答案卷「(2999)元」一致。,2999 元,verified,independent_calculation,康軒,G3,113,上,期中1,,,,康軒 G3 上 第1章 10000 以內的數,"[""N-3-1""]",[],"[""G3-01-02""]","[""G3-01-02""]",direct,high,"[""百位十位未知求最大/最小手錶標價，對應 G3-01-02""]",include,first_pass
G3-康軒-113上-期中1-P01_R07_安和國小_新北市_3年級_數學_113上_期中1_康軒::ql-q08,"[""G3-康軒-113上-期中1-P01_R07_安和國小_新北市_3年級_數學_113上_期中1_康軒::一-1"", ""G3-康軒-113上-期中1-P01_R07_安和國小_新北市_3年級_數學_113上_期中1_康軒::一-2"", ""G3-康軒-113上-期中1-P01_R07_安和國小_新北市_3年級_數學_113上_期中1_康軒::一-3"", ""G3-康軒-113上-期中1-P01_R07_安和國小_新北市_3年級_數學_113上_期中1_康軒::一-4"", ""G3-康軒-113上-期中1-P01_R07_安和國小_新北市_3年級_數學_113上_期中1_康軒::一-5"", ""G3-康軒-113上-期中1-P01_R07_安和國小_新北市_3年級_數學_113上_期中1_康軒::一-6"", ""G3-康軒-113上-期中1-P01_R07_安和國小_新北市_3年級_數學_113上_期中1_康軒::一-7"", ""G3-康軒-113上-期中1-P01_R07_安和國小_新北市_3年級_數學_113上_期中1_康軒::一-8"", ""G3-康軒-113上-期中1-P01_R07_安和國小_新北市_3年級_數學_113上_期中1_康軒::一-9""]",G3-康軒-113上-期中1-P01_R07_安和國小_新北市_3年級_數學_113上_期中1_康軒,question_item,verified,source_materials/tcool_math_g1_g4_康軒_翰林/grade-3/康軒/questions/P01_R07_安和國小_新北市_3年級_數學_113上_期中1_康軒_題目卷.pdf,1,"[0, 0, 4047, 5732]",source_materials/tcool_math_g1_g4_康軒_翰林/_analysis/pilot/pages/G3-_-113_-_1-P01_R07_____3____113___1__/page-1.jpg,一-6-(2),(2)爸爸最少可能要付多少元？,[],source_materials/tcool_math_g1_g4_康軒_翰林/grade-3/康軒/answers/P01_R07_安和國小_新北市_3年級_數學_113上_期中1_康軒_答案卷.pdf,1,百位十位未知數取最小值0、0：2009。與答案卷「(2009)元」一致。,2009 元,verified,independent_calculation,康軒,G3,113,上,期中1,,,,康軒 G3 上 第1章 10000 以內的數,"[""N-3-1""]",[],"[""G3-01-02""]","[""G3-01-02""]",direct,high,"[""同 q07：最少可能付多少元""]",include,first_pass
G3-康軒-113上-期中1-P01_R07_安和國小_新北市_3年級_數學_113上_期中1_康軒::ql-q09,"[""G3-康軒-113上-期中1-P01_R07_安和國小_新北市_3年級_數學_113上_期中1_康軒::一-1"", ""G3-康軒-113上-期中1-P01_R07_安和國小_新北市_3年級_數學_113上_期中1_康軒::一-2"", ""G3-康軒-113上-期中1-P01_R07_安和國小_新北市_3年級_數學_113上_期中1_康軒::一-3"", ""G3-康軒-113上-期中1-P01_R07_安和國小_新北市_3年級_數學_113上_期中1_康軒::一-4"", ""G3-康軒-113上-期中1-P01_R07_安和國小_新北市_3年級_數學_113上_期中1_康軒::一-5"", ""G3-康軒-113上-期中1-P01_R07_安和國小_新北市_3年級_數學_113上_期中1_康軒::一-6"", ""G3-康軒-113上-期中1-P01_R07_安和國小_新北市_3年級_數學_113上_期中1_康軒::一-7"", ""G3-康軒-113上-期中1-P01_R07_安和國小_新北市_3年級_數學_113上_期中1_康軒::一-8"", ""G3-康軒-113上-期中1-P01_R07_安和國小_新北市_3年級_數學_113上_期中1_康軒::一-9""]",G3-康軒-113上-期中1-P01_R07_安和國小_新北市_3年級_數學_113上_期中1_康軒,question_item,verified,source_materials/tcool_math_g1_g4_康軒_翰林/grade-3/康軒/questions/P01_R07_安和國小_新北市_3年級_數學_113上_期中1_康軒_題目卷.pdf,1,"[0, 0, 4047, 5732]",source_materials/tcool_math_g1_g4_康軒_翰林/_analysis/pilot/pages/G3-_-113_-_1-P01_R07_____3____113___1__/page-1.jpg,一-7-(1),"有一隻毛毛蟲停在數線上40的位置（數線刻度0,10,20,...,100，每格10）。(1)毛毛蟲往右邊移動3格，會到數字( )。",[],source_materials/tcool_math_g1_g4_康軒_翰林/grade-3/康軒/answers/P01_R07_安和國小_新北市_3年級_數學_113上_期中1_康軒_答案卷.pdf,1,40+3×10=70。與答案卷「(70)」一致。,70,verified,independent_calculation,康軒,G3,113,上,期中1,,,,,"[""N-3-11""]",[],[],[],uncertain,low,"[""official N-3-11 整數數線；毛毛蟲數線移動題，康軒G3上章節表無獨立數線章節(該內容於翰林版列為第5章)，版本間單元不可互用，保留uncertain""]",uncertain_review,first_pass
G3-康軒-113上-期中1-P01_R07_安和國小_新北市_3年級_數學_113上_期中1_康軒::ql-q10,"[""G3-康軒-113上-期中1-P01_R07_安和國小_新北市_3年級_數學_113上_期中1_康軒::一-1"", ""G3-康軒-113上-期中1-P01_R07_安和國小_新北市_3年級_數學_113上_期中1_康軒::一-2"", ""G3-康軒-113上-期中1-P01_R07_安和國小_新北市_3年級_數學_113上_期中1_康軒::一-3"", ""G3-康軒-113上-期中1-P01_R07_安和國小_新北市_3年級_數學_113上_期中1_康軒::一-4"", ""G3-康軒-113上-期中1-P01_R07_安和國小_新北市_3年級_數學_113上_期中1_康軒::一-5"", ""G3-康軒-113上-期中1-P01_R07_安和國小_新北市_3年級_數學_113上_期中1_康軒::一-6"", ""G3-康軒-113上-期中1-P01_R07_安和國小_新北市_3年級_數學_113上_期中1_康軒::一-7"", ""G3-康軒-113上-期中1-P01_R07_安和國小_新北市_3年級_數學_113上_期中1_康軒::一-8"", ""G3-康軒-113上-期中1-P01_R07_安和國小_新北市_3年級_數學_113上_期中1_康軒::一-9""]",G3-康軒-113上-期中1-P01_R07_安和國小_新北市_3年級_數學_113上_期中1_康軒,question_item,verified,source_materials/tcool_math_g1_g4_康軒_翰林/grade-3/康軒/questions/P01_R07_安和國小_新北市_3年級_數學_113上_期中1_康軒_題目卷.pdf,1,"[0, 0, 4047, 5732]",source_materials/tcool_math_g1_g4_康軒_翰林/_analysis/pilot/pages/G3-_-113_-_1-P01_R07_____3____113___1__/page-1.jpg,一-7-(2),(2)接著牠又往( )移動4格，最後到數字30。(填左邊或右邊),[],source_materials/tcool_math_g1_g4_康軒_翰林/grade-3/康軒/answers/P01_R07_安和國小_新北市_3年級_數學_113上_期中1_康軒_答案卷.pdf,1,70→30需減少40=4格×10，故往左邊移動。與答案卷「(左邊)」一致。,左邊,verified,independent_calculation,康軒,G3,113,上,期中1,,,,,"[""N-3-11""]",[],[],[],uncertain,low,"[""同 q09：數線移動方向判斷""]",uncertain_review,first_pass
G3-康軒-113上-期中1-P01_R07_安和國小_新北市_3年級_數學_113上_期中1_康軒::ql-q11,"[""G3-康軒-113上-期中1-P01_R07_安和國小_新北市_3年級_數學_113上_期中1_康軒::一-1"", ""G3-康軒-113上-期中1-P01_R07_安和國小_新北市_3年級_數學_113上_期中1_康軒::一-2"", ""G3-康軒-113上-期中1-P01_R07_安和國小_新北市_3年級_數學_113上_期中1_康軒::一-3"", ""G3-康軒-113上-期中1-P01_R07_安和國小_新北市_3年級_數學_113上_期中1_康軒::一-4"", ""G3-康軒-113上-期中1-P01_R07_安和國小_新北市_3年級_數學_113上_期中1_康軒::一-5"", ""G3-康軒-113上-期中1-P01_R07_安和國小_新北市_3年級_數學_113上_期中1_康軒::一-6"", ""G3-康軒-113上-期中1-P01_R07_安和國小_新北市_3年級_數學_113上_期中1_康軒::一-7"", ""G3-康軒-113上-期中1-P01_R07_安和國小_新北市_3年級_數學_113上_期中1_康軒::一-8"", ""G3-康軒-113上-期中1-P01_R07_安和國小_新北市_3年級_數學_113上_期中1_康軒::一-9""]",G3-康軒-113上-期中1-P01_R07_安和國小_新北市_3年級_數學_113上_期中1_康軒,question_item,verified,source_materials/tcool_math_g1_g4_康軒_翰林/grade-3/康軒/questions/P01_R07_安和國小_新北市_3年級_數學_113上_期中1_康軒_題目卷.pdf,1,"[0, 0, 4047, 5732]",source_materials/tcool_math_g1_g4_康軒_翰林/_analysis/pilot/pages/G3-_-113_-_1-P01_R07_____3____113___1__/page-1.jpg,一-8-(1),下表是2023年1~5月在臺灣第一高峰「玉山」的月雨量統計表（1月62mm、2月4mm、3月9mm、4月74mm、5月301mm）。(1)一月的降雨量62毫米是( )公分( )毫米。,[],source_materials/tcool_math_g1_g4_康軒_翰林/grade-3/康軒/answers/P01_R07_安和國小_新北市_3年級_數學_113上_期中1_康軒_答案卷.pdf,1,62mm=60mm+2mm=6cm2mm。與答案卷「(6)(2)」一致。,6公分2毫米,verified,independent_calculation,康軒,G3,113,上,期中1,,,,康軒 G3 上 第3章 毫米,"[""N-3-12""]",[],"[""G3-09-02""]","[""G3-09-02""]",direct,high,"[""official N-3-12 長度"", ""publisher ('康軒', 'G3', '上', 3)"", ""skill G3-09-02「毫米和公分間的互相轉換」對應62毫米=6公分2毫米""]",include,first_pass
G3-康軒-113上-期中1-P01_R07_安和國小_新北市_3年級_數學_113上_期中1_康軒::ql-q12,"[""G3-康軒-113上-期中1-P01_R07_安和國小_新北市_3年級_數學_113上_期中1_康軒::一-1"", ""G3-康軒-113上-期中1-P01_R07_安和國小_新北市_3年級_數學_113上_期中1_康軒::一-2"", ""G3-康軒-113上-期中1-P01_R07_安和國小_新北市_3年級_數學_113上_期中1_康軒::一-3"", ""G3-康軒-113上-期中1-P01_R07_安和國小_新北市_3年級_數學_113上_期中1_康軒::一-4"", ""G3-康軒-113上-期中1-P01_R07_安和國小_新北市_3年級_數學_113上_期中1_康軒::一-5"", ""G3-康軒-113上-期中1-P01_R07_安和國小_新北市_3年級_數學_113上_期中1_康軒::一-6"", ""G3-康軒-113上-期中1-P01_R07_安和國小_新北市_3年級_數學_113上_期中1_康軒::一-7"", ""G3-康軒-113上-期中1-P01_R07_安和國小_新北市_3年級_數學_113上_期中1_康軒::一-8"", ""G3-康軒-113上-期中1-P01_R07_安和國小_新北市_3年級_數學_113上_期中1_康軒::一-9""]",G3-康軒-113上-期中1-P01_R07_安和國小_新北市_3年級_數學_113上_期中1_康軒,question_item,verified,source_materials/tcool_math_g1_g4_康軒_翰林/grade-3/康軒/questions/P01_R07_安和國小_新北市_3年級_數學_113上_期中1_康軒_題目卷.pdf,1,"[0, 0, 4047, 5732]",source_materials/tcool_math_g1_g4_康軒_翰林/_analysis/pilot/pages/G3-_-113_-_1-P01_R07_____3____113___1__/page-1.jpg,一-8-(2),(2)四月的降雨量74毫米是( )公分( )毫米。,[],source_materials/tcool_math_g1_g4_康軒_翰林/grade-3/康軒/answers/P01_R07_安和國小_新北市_3年級_數學_113上_期中1_康軒_答案卷.pdf,1,74mm=7cm4mm。與答案卷「(7)(4)」一致。,7公分4毫米,verified,independent_calculation,康軒,G3,113,上,期中1,,,,康軒 G3 上 第3章 毫米,"[""N-3-12""]",[],"[""G3-09-02""]","[""G3-09-02""]",direct,high,"[""同 q11：74毫米轉換""]",include,first_pass
G3-康軒-113上-期中1-P01_R07_安和國小_新北市_3年級_數學_113上_期中1_康軒::ql-q13,"[""G3-康軒-113上-期中1-P01_R07_安和國小_新北市_3年級_數學_113上_期中1_康軒::一-1"", ""G3-康軒-113上-期中1-P01_R07_安和國小_新北市_3年級_數學_113上_期中1_康軒::一-2"", ""G3-康軒-113上-期中1-P01_R07_安和國小_新北市_3年級_數學_113上_期中1_康軒::一-3"", ""G3-康軒-113上-期中1-P01_R07_安和國小_新北市_3年級_數學_113上_期中1_康軒::一-4"", ""G3-康軒-113上-期中1-P01_R07_安和國小_新北市_3年級_數學_113上_期中1_康軒::一-5"", ""G3-康軒-113上-期中1-P01_R07_安和國小_新北市_3年級_數學_113上_期中1_康軒::一-6"", ""G3-康軒-113上-期中1-P01_R07_安和國小_新北市_3年級_數學_113上_期中1_康軒::一-7"", ""G3-康軒-113上-期中1-P01_R07_安和國小_新北市_3年級_數學_113上_期中1_康軒::一-8"", ""G3-康軒-113上-期中1-P01_R07_安和國小_新北市_3年級_數學_113上_期中1_康軒::一-9""]",G3-康軒-113上-期中1-P01_R07_安和國小_新北市_3年級_數學_113上_期中1_康軒,question_item,verified,source_materials/tcool_math_g1_g4_康軒_翰林/grade-3/康軒/questions/P01_R07_安和國小_新北市_3年級_數學_113上_期中1_康軒_題目卷.pdf,1,"[0, 0, 4047, 5732]",source_materials/tcool_math_g1_g4_康軒_翰林/_analysis/pilot/pages/G3-_-113_-_1-P01_R07_____3____113___1__/page-1.jpg,一-8-(3),(3)五月的降雨量301毫米是( )公分( )毫米。,[],source_materials/tcool_math_g1_g4_康軒_翰林/grade-3/康軒/answers/P01_R07_安和國小_新北市_3年級_數學_113上_期中1_康軒_答案卷.pdf,1,301mm=30cm1mm。與答案卷「(30)(1)」一致。,30公分1毫米,verified,independent_calculation,康軒,G3,113,上,期中1,,,,康軒 G3 上 第3章 毫米,"[""N-3-12""]",[],"[""G3-09-02""]","[""G3-09-02""]",direct,high,"[""同 q11：301毫米轉換""]",include,first_pass
G3-康軒-113上-期中1-P01_R07_安和國小_新北市_3年級_數學_113上_期中1_康軒::ql-q14,"[""G3-康軒-113上-期中1-P01_R07_安和國小_新北市_3年級_數學_113上_期中1_康軒::一-1"", ""G3-康軒-113上-期中1-P01_R07_安和國小_新北市_3年級_數學_113上_期中1_康軒::一-2"", ""G3-康軒-113上-期中1-P01_R07_安和國小_新北市_3年級_數學_113上_期中1_康軒::一-3"", ""G3-康軒-113上-期中1-P01_R07_安和國小_新北市_3年級_數學_113上_期中1_康軒::一-4"", ""G3-康軒-113上-期中1-P01_R07_安和國小_新北市_3年級_數學_113上_期中1_康軒::一-5"", ""G3-康軒-113上-期中1-P01_R07_安和國小_新北市_3年級_數學_113上_期中1_康軒::一-6"", ""G3-康軒-113上-期中1-P01_R07_安和國小_新北市_3年級_數學_113上_期中1_康軒::一-7"", ""G3-康軒-113上-期中1-P01_R07_安和國小_新北市_3年級_數學_113上_期中1_康軒::一-8"", ""G3-康軒-113上-期中1-P01_R07_安和國小_新北市_3年級_數學_113上_期中1_康軒::一-9""]",G3-康軒-113上-期中1-P01_R07_安和國小_新北市_3年級_數學_113上_期中1_康軒,question_item,verified,source_materials/tcool_math_g1_g4_康軒_翰林/grade-3/康軒/questions/P01_R07_安和國小_新北市_3年級_數學_113上_期中1_康軒_題目卷.pdf,1,"[0, 0, 4047, 5732]",source_materials/tcool_math_g1_g4_康軒_翰林/_analysis/pilot/pages/G3-_-113_-_1-P01_R07_____3____113___1__/page-1.jpg,一-8-(4),(4) 2023年1~5月在玉山測得的雨量中，雨量最高的月分和雨量最低的月分相差( )公分( )毫米。,[],source_materials/tcool_math_g1_g4_康軒_翰林/grade-3/康軒/answers/P01_R07_安和國小_新北市_3年級_數學_113上_期中1_康軒_答案卷.pdf,1,最高5月301mm，最低2月4mm，差=297mm=29cm7mm。與答案卷「(29)(7)」一致。,29公分7毫米,verified,independent_calculation,康軒,G3,113,上,期中1,,,,康軒 G3 上 第3章 毫米,"[""N-3-12""]",[],"[""G3-09-02""]","[""G3-09-02""]",direct,high,"[""最高最低雨量相差297毫米轉換，對應 G3-09-02""]",include,first_pass
G3-康軒-113上-期中1-P01_R07_安和國小_新北市_3年級_數學_113上_期中1_康軒::ql-q15,"[""G3-康軒-113上-期中1-P01_R07_安和國小_新北市_3年級_數學_113上_期中1_康軒::一-1"", ""G3-康軒-113上-期中1-P01_R07_安和國小_新北市_3年級_數學_113上_期中1_康軒::一-2"", ""G3-康軒-113上-期中1-P01_R07_安和國小_新北市_3年級_數學_113上_期中1_康軒::一-3"", ""G3-康軒-113上-期中1-P01_R07_安和國小_新北市_3年級_數學_113上_期中1_康軒::一-4"", ""G3-康軒-113上-期中1-P01_R07_安和國小_新北市_3年級_數學_113上_期中1_康軒::一-5"", ""G3-康軒-113上-期中1-P01_R07_安和國小_新北市_3年級_數學_113上_期中1_康軒::一-6"", ""G3-康軒-113上-期中1-P01_R07_安和國小_新北市_3年級_數學_113上_期中1_康軒::一-7"", ""G3-康軒-113上-期中1-P01_R07_安和國小_新北市_3年級_數學_113上_期中1_康軒::一-8"", ""G3-康軒-113上-期中1-P01_R07_安和國小_新北市_3年級_數學_113上_期中1_康軒::一-9""]",G3-康軒-113上-期中1-P01_R07_安和國小_新北市_3年級_數學_113上_期中1_康軒,question_item,verified,source_materials/tcool_math_g1_g4_康軒_翰林/grade-3/康軒/questions/P01_R07_安和國小_新北市_3年級_數學_113上_期中1_康軒_題目卷.pdf,1,"[0, 0, 4047, 5732]",source_materials/tcool_math_g1_g4_康軒_翰林/_analysis/pilot/pages/G3-_-113_-_1-P01_R07_____3____113___1__/page-1.jpg,一-9-(1),想想看，□裡要填什麼數字呢？(1) 2□4□ + 4 2□7 = □205（直式加法，4個空格）,[],source_materials/tcool_math_g1_g4_康軒_翰林/grade-3/康軒/answers/P01_R07_安和國小_新北市_3年級_數學_113上_期中1_康軒_答案卷.pdf,1,逐位驗算：2948+4257=7205，與各空格紅字9/8/5/7完全相符（已重新用直式加法驗算全式）。,2948+4257=7205（依序：百位9、個位8、十位5、千位7）,verified,independent_calculation,康軒,G3,113,上,期中1,,,,康軒 G3 上 第2章 四位數的加減,"[""N-3-2""]",[],"[""G3-05-02""]","[""G3-05-02""]",direct,high,"[""2948+4257=7205 直式加法填空，對應 G3-05-02""]",include,first_pass
G3-康軒-113上-期中1-P01_R07_安和國小_新北市_3年級_數學_113上_期中1_康軒::ql-q16,"[""G3-康軒-113上-期中1-P01_R07_安和國小_新北市_3年級_數學_113上_期中1_康軒::一-1"", ""G3-康軒-113上-期中1-P01_R07_安和國小_新北市_3年級_數學_113上_期中1_康軒::一-2"", ""G3-康軒-113上-期中1-P01_R07_安和國小_新北市_3年級_數學_113上_期中1_康軒::一-3"", ""G3-康軒-113上-期中1-P01_R07_安和國小_新北市_3年級_數學_113上_期中1_康軒::一-4"", ""G3-康軒-113上-期中1-P01_R07_安和國小_新北市_3年級_數學_113上_期中1_康軒::一-5"", ""G3-康軒-113上-期中1-P01_R07_安和國小_新北市_3年級_數學_113上_期中1_康軒::一-6"", ""G3-康軒-113上-期中1-P01_R07_安和國小_新北市_3年級_數學_113上_期中1_康軒::一-7"", ""G3-康軒-113上-期中1-P01_R07_安和國小_新北市_3年級_數學_113上_期中1_康軒::一-8"", ""G3-康軒-113上-期中1-P01_R07_安和國小_新北市_3年級_數學_113上_期中1_康軒::一-9""]",G3-康軒-113上-期中1-P01_R07_安和國小_新北市_3年級_數學_113上_期中1_康軒,question_item,verified,source_materials/tcool_math_g1_g4_康軒_翰林/grade-3/康軒/questions/P01_R07_安和國小_新北市_3年級_數學_113上_期中1_康軒_題目卷.pdf,1,"[0, 0, 4047, 5732]",source_materials/tcool_math_g1_g4_康軒_翰林/_analysis/pilot/pages/G3-_-113_-_1-P01_R07_____3____113___1__/page-1.jpg,一-9-(2),(2) 6□04 - 1 7□5 = □729（直式減法，3個空格）,[],source_materials/tcool_math_g1_g4_康軒_翰林/grade-3/康軒/answers/P01_R07_安和國小_新北市_3年級_數學_113上_期中1_康軒_答案卷.pdf,1,逐位驗算：6504-1775=4729，與各空格紅字5/7/4相符（已重新用直式減法驗算全式）。,6504-1775=4729（依序：百位5、十位7、千位4）,verified,independent_calculation,康軒,G3,113,上,期中1,,,,康軒 G3 上 第2章 四位數的加減,"[""N-3-2""]",[],"[""G3-05-03""]","[""G3-05-03""]",direct,high,"[""6504-1775=4729 直式減法填空，對應 G3-05-03""]",include,first_pass
G3-康軒-113上-期中1-P01_R07_安和國小_新北市_3年級_數學_113上_期中1_康軒::ql-q17,"[""G3-康軒-113上-期中1-P01_R07_安和國小_新北市_3年級_數學_113上_期中1_康軒::一-1"", ""G3-康軒-113上-期中1-P01_R07_安和國小_新北市_3年級_數學_113上_期中1_康軒::一-2"", ""G3-康軒-113上-期中1-P01_R07_安和國小_新北市_3年級_數學_113上_期中1_康軒::一-3"", ""G3-康軒-113上-期中1-P01_R07_安和國小_新北市_3年級_數學_113上_期中1_康軒::一-4"", ""G3-康軒-113上-期中1-P01_R07_安和國小_新北市_3年級_數學_113上_期中1_康軒::一-5"", ""G3-康軒-113上-期中1-P01_R07_安和國小_新北市_3年級_數學_113上_期中1_康軒::一-6"", ""G3-康軒-113上-期中1-P01_R07_安和國小_新北市_3年級_數學_113上_期中1_康軒::一-7"", ""G3-康軒-113上-期中1-P01_R07_安和國小_新北市_3年級_數學_113上_期中1_康軒::一-8"", ""G3-康軒-113上-期中1-P01_R07_安和國小_新北市_3年級_數學_113上_期中1_康軒::一-9""]",G3-康軒-113上-期中1-P01_R07_安和國小_新北市_3年級_數學_113上_期中1_康軒,question_item,verified,source_materials/tcool_math_g1_g4_康軒_翰林/grade-3/康軒/questions/P01_R07_安和國小_新北市_3年級_數學_113上_期中1_康軒_題目卷.pdf,1,"[0, 0, 4047, 5732]",source_materials/tcool_math_g1_g4_康軒_翰林/_analysis/pilot/pages/G3-_-113_-_1-P01_R07_____3____113___1__/page-1.jpg,一-9-(3),(3) □2□ × 5 = 3615（直式乘法，2個空格）,[],source_materials/tcool_math_g1_g4_康軒_翰林/grade-3/康軒/answers/P01_R07_安和國小_新北市_3年級_數學_113上_期中1_康軒_答案卷.pdf,1,723×5=3615（已重新驗算）。與答案卷紅字7/3相符。,723×5=3615（依序：百位7、個位3）,verified,independent_calculation,康軒,G3,113,上,期中1,,,,康軒 G3 上 第4章 乘法,"[""N-3-3""]",[],"[""G3-02-03""]","[""G3-02-03""]",direct,high,"[""723x5=3615 三位數乘一位數，對應 G3-02-03""]",include,first_pass
G3-康軒-113上-期中1-P01_R07_安和國小_新北市_3年級_數學_113上_期中1_康軒::ql-q18,"[""G3-康軒-113上-期中1-P01_R07_安和國小_新北市_3年級_數學_113上_期中1_康軒::一-1"", ""G3-康軒-113上-期中1-P01_R07_安和國小_新北市_3年級_數學_113上_期中1_康軒::一-2"", ""G3-康軒-113上-期中1-P01_R07_安和國小_新北市_3年級_數學_113上_期中1_康軒::一-3"", ""G3-康軒-113上-期中1-P01_R07_安和國小_新北市_3年級_數學_113上_期中1_康軒::一-4"", ""G3-康軒-113上-期中1-P01_R07_安和國小_新北市_3年級_數學_113上_期中1_康軒::一-5"", ""G3-康軒-113上-期中1-P01_R07_安和國小_新北市_3年級_數學_113上_期中1_康軒::一-6"", ""G3-康軒-113上-期中1-P01_R07_安和國小_新北市_3年級_數學_113上_期中1_康軒::一-7"", ""G3-康軒-113上-期中1-P01_R07_安和國小_新北市_3年級_數學_113上_期中1_康軒::一-8"", ""G3-康軒-113上-期中1-P01_R07_安和國小_新北市_3年級_數學_113上_期中1_康軒::一-9""]",G3-康軒-113上-期中1-P01_R07_安和國小_新北市_3年級_數學_113上_期中1_康軒,question_item,verified,source_materials/tcool_math_g1_g4_康軒_翰林/grade-3/康軒/questions/P01_R07_安和國小_新北市_3年級_數學_113上_期中1_康軒_題目卷.pdf,1,"[0, 0, 4047, 5732]",source_materials/tcool_math_g1_g4_康軒_翰林/_analysis/pilot/pages/G3-_-113_-_1-P01_R07_____3____113___1__/page-1.jpg,一-9-(4),(4) 想一想，在□裡填入6、9、1，怎麼填，算式的答案會最大？（格式：7□□ × □）,[],source_materials/tcool_math_g1_g4_康軒_翰林/grade-3/康軒/answers/P01_R07_安和國小_新北市_3年級_數學_113上_期中1_康軒_答案卷.pdf,1,窮舉三種乘數指派：乘數1時最大796×1=796；乘數6時最大791×6=4746；乘數9時最大761×9=6849。6849為三者最大，與答案卷手寫「761×9」一致。,761×9=6849（最大值）,verified,independent_calculation,康軒,G3,113,上,期中1,,,,康軒 G3 上 第4章 乘法,"[""N-3-3""]",[],"[""G3-02-03""]",[],partial,medium,"[""排列6,9,1求最大乘積，屬乘法應用之延伸思考題，非單一skill直接對應(該能力較接近數感/策略性佈局)""]",uncertain_review,first_pass
G3-康軒-113上-期中1-P01_R07_安和國小_新北市_3年級_數學_113上_期中1_康軒::ql-q19,[],G3-康軒-113上-期中1-P01_R07_安和國小_新北市_3年級_數學_113上_期中1_康軒,question_item,verified,source_materials/tcool_math_g1_g4_康軒_翰林/grade-3/康軒/questions/P01_R07_安和國小_新北市_3年級_數學_113上_期中1_康軒_題目卷.pdf,1,"[0, 0, 4047, 5732]",source_materials/tcool_math_g1_g4_康軒_翰林/_analysis/pilot/pages/G3-_-113_-_1-P01_R07_____3____113___1__/page-1.jpg,二-1-(1),請根據下面的價錢估算看看，並圈出正確答案（手套595元、洋娃娃305元、玩具飛機399元、玩具汽車501元）。(1)一隻手套和一個玩具飛機的價錢合起來大約是：(800元、900元、1000元),"[""800元"", ""900元"", ""1000元""]",source_materials/tcool_math_g1_g4_康軒_翰林/grade-3/康軒/answers/P01_R07_安和國小_新北市_3年級_數學_113上_期中1_康軒_答案卷.pdf,1,595+399=994，最接近1000元。與答案卷圈選「1000元」一致。,1000元,verified,independent_calculation,康軒,G3,113,上,期中1,,,,康軒 G3 上 第1章 10000 以內的數,"[""N-3-1""]",[],[],[],uncertain,low,"[""價格加總估算(595+399≈1000)，屬估算能力，官方108課綱與康軒教材皆未見獨立估算章節，保留uncertain""]",uncertain_review,first_pass
G3-康軒-113上-期中1-P01_R07_安和國小_新北市_3年級_數學_113上_期中1_康軒::ql-q20,[],G3-康軒-113上-期中1-P01_R07_安和國小_新北市_3年級_數學_113上_期中1_康軒,question_item,verified,source_materials/tcool_math_g1_g4_康軒_翰林/grade-3/康軒/questions/P01_R07_安和國小_新北市_3年級_數學_113上_期中1_康軒_題目卷.pdf,1,"[0, 0, 4047, 5732]",source_materials/tcool_math_g1_g4_康軒_翰林/_analysis/pilot/pages/G3-_-113_-_1-P01_R07_____3____113___1__/page-1.jpg,二-1-(2),(2)一個洋娃娃和一個玩具汽車的價錢大約相差：(100元、200元、300元),"[""100元"", ""200元"", ""300元""]",source_materials/tcool_math_g1_g4_康軒_翰林/grade-3/康軒/answers/P01_R07_安和國小_新北市_3年級_數學_113上_期中1_康軒_答案卷.pdf,1,501-305=196，最接近200元。與答案卷圈選「200元」一致。,200元,verified,independent_calculation,康軒,G3,113,上,期中1,,,,康軒 G3 上 第1章 10000 以內的數,"[""N-3-1""]",[],[],[],uncertain,low,"[""同 q19：差額估算""]",uncertain_review,first_pass
G3-康軒-113上-期中1-P01_R07_安和國小_新北市_3年級_數學_113上_期中1_康軒::ql-q21,[],G3-康軒-113上-期中1-P01_R07_安和國小_新北市_3年級_數學_113上_期中1_康軒,question_item,verified,source_materials/tcool_math_g1_g4_康軒_翰林/grade-3/康軒/questions/P01_R07_安和國小_新北市_3年級_數學_113上_期中1_康軒_題目卷.pdf,1,"[0, 0, 4047, 5732]",source_materials/tcool_math_g1_g4_康軒_翰林/_analysis/pilot/pages/G3-_-113_-_1-P01_R07_____3____113___1__/page-1.jpg,二-1-(3),(3)豆豆要和家人練習傳接球買了4隻手套，大約需多少錢：(2000元、2200元、2400元),"[""2000元"", ""2200元"", ""2400元""]",source_materials/tcool_math_g1_g4_康軒_翰林/grade-3/康軒/answers/P01_R07_安和國小_新北市_3年級_數學_113上_期中1_康軒_答案卷.pdf,1,4×595=2380，最接近2400元。與答案卷圈選「2400元」一致。,2400元,verified,independent_calculation,康軒,G3,113,上,期中1,,,,康軒 G3 上 第4章 乘法,"[""N-3-3""]",[],[],[],uncertain,low,"[""4隻手套估算總價，同 q19 屬估算範疇""]",uncertain_review,first_pass
G3-康軒-113上-期中1-P01_R07_安和國小_新北市_3年級_數學_113上_期中1_康軒::ql-q22,[],G3-康軒-113上-期中1-P01_R07_安和國小_新北市_3年級_數學_113上_期中1_康軒,question_item,verified,source_materials/tcool_math_g1_g4_康軒_翰林/grade-3/康軒/questions/P01_R07_安和國小_新北市_3年級_數學_113上_期中1_康軒_題目卷.pdf,2,"[0, 0, 4047, 5732]",source_materials/tcool_math_g1_g4_康軒_翰林/_analysis/pilot/pages/G3-_-113_-_1-P01_R07_____3____113___1__/page-2.jpg,二-2,豆豆的媽媽去賣場買東西，大約花了900元，他可能是買了哪樣東西？請打✓（205元沖泡式咖啡3包／294元茶葉3罐／312元餅乾禮盒4盒）,"[""205元沖泡式咖啡3包"", ""294元茶葉3罐"", ""312元餅乾禮盒4盒""]",source_materials/tcool_math_g1_g4_康軒_翰林/grade-3/康軒/answers/P01_R07_安和國小_新北市_3年級_數學_113上_期中1_康軒_答案卷.pdf,2,205×3=615、294×3=882、312×4=1248，僅882最接近900元。與答案卷勾選「294元茶葉3罐」一致。,294元茶葉3罐,verified,independent_calculation,康軒,G3,113,上,期中1,,,,康軒 G3 上 第1章 10000 以內的數,"[""N-3-1""]",[],[],[],uncertain,low,"[""900元購物估算最接近選項，同 q19""]",uncertain_review,first_pass
G3-康軒-113上-期中1-P01_R07_安和國小_新北市_3年級_數學_113上_期中1_康軒::ql-q23,[],G3-康軒-113上-期中1-P01_R07_安和國小_新北市_3年級_數學_113上_期中1_康軒,question_item,verified,source_materials/tcool_math_g1_g4_康軒_翰林/grade-3/康軒/questions/P01_R07_安和國小_新北市_3年級_數學_113上_期中1_康軒_題目卷.pdf,2,"[0, 0, 4047, 5732]",source_materials/tcool_math_g1_g4_康軒_翰林/_analysis/pilot/pages/G3-_-113_-_1-P01_R07_____3____113___1__/page-2.jpg,三-1,量量看，紙條有多長：（灰底圓點花紋紙條圖）( )毫米,[],source_materials/tcool_math_g1_g4_康軒_翰林/grade-3/康軒/answers/P01_R07_安和國小_新北市_3年級_數學_113上_期中1_康軒_答案卷.pdf,2,此題要求以實體直尺量測印刷紙條長度，PDF點座標無法可靠換算為列印後之實際毫米，無法以獨立算式驗算，依答案卷所載「57毫米」如實記錄，標記視覺人工複核方式。,57 毫米,verified,visual_manual_required,康軒,G3,113,上,期中1,,,,康軒 G3 上 第3章 毫米,"[""N-3-12""]",[],"[""G3-09-01""]",[],uncertain,low,"[""official N-3-12"", ""publisher ('康軒', 'G3', '上', 3)"", ""紙條毫米量測題，因需實體量尺無法獨立驗算，answerStatus已標visual_manual_required，對齊信心亦降為uncertain""]",uncertain_review,first_pass
G3-康軒-113上-期中1-P01_R07_安和國小_新北市_3年級_數學_113上_期中1_康軒::ql-q24,[],G3-康軒-113上-期中1-P01_R07_安和國小_新北市_3年級_數學_113上_期中1_康軒,question_item,verified,source_materials/tcool_math_g1_g4_康軒_翰林/grade-3/康軒/questions/P01_R07_安和國小_新北市_3年級_數學_113上_期中1_康軒_題目卷.pdf,2,"[0, 0, 4047, 5732]",source_materials/tcool_math_g1_g4_康軒_翰林/_analysis/pilot/pages/G3-_-113_-_1-P01_R07_____3____113___1__/page-2.jpg,三-2,量量看，紙條有多長：（灰底星星花紋紙條圖）( )公分( )毫米,[],source_materials/tcool_math_g1_g4_康軒_翰林/grade-3/康軒/answers/P01_R07_安和國小_新北市_3年級_數學_113上_期中1_康軒_答案卷.pdf,2,同三-1，需實體量測，依答案卷所載「6公分5毫米」如實記錄。,6公分5毫米,verified,visual_manual_required,康軒,G3,113,上,期中1,,,,康軒 G3 上 第3章 毫米,"[""N-3-12""]",[],"[""G3-09-01""]",[],uncertain,low,"[""同 q23：紙條公分毫米量測""]",uncertain_review,first_pass
G3-康軒-113上-期中1-P01_R07_安和國小_新北市_3年級_數學_113上_期中1_康軒::ql-q25,[],G3-康軒-113上-期中1-P01_R07_安和國小_新北市_3年級_數學_113上_期中1_康軒,question_item,verified,source_materials/tcool_math_g1_g4_康軒_翰林/grade-3/康軒/questions/P01_R07_安和國小_新北市_3年級_數學_113上_期中1_康軒_題目卷.pdf,2,"[0, 0, 4047, 5732]",source_materials/tcool_math_g1_g4_康軒_翰林/_analysis/pilot/pages/G3-_-113_-_1-P01_R07_____3____113___1__/page-2.jpg,四-1,寫出直式算算看：4084+2935=( ),[],source_materials/tcool_math_g1_g4_康軒_翰林/grade-3/康軒/answers/P01_R07_安和國小_新北市_3年級_數學_113上_期中1_康軒_答案卷.pdf,2,4084+2935=7019。與答案卷「(7019)」一致。,7019,verified,independent_calculation,康軒,G3,113,上,期中1,,,,康軒 G3 上 第2章 四位數的加減,"[""N-3-2""]",[],"[""G3-05-02""]","[""G3-05-02""]",direct,high,"[""4084+2935=7019 直式加法，對應 G3-05-02""]",include,first_pass
G3-康軒-113上-期中1-P01_R07_安和國小_新北市_3年級_數學_113上_期中1_康軒::ql-q26,[],G3-康軒-113上-期中1-P01_R07_安和國小_新北市_3年級_數學_113上_期中1_康軒,question_item,verified,source_materials/tcool_math_g1_g4_康軒_翰林/grade-3/康軒/questions/P01_R07_安和國小_新北市_3年級_數學_113上_期中1_康軒_題目卷.pdf,2,"[0, 0, 4047, 5732]",source_materials/tcool_math_g1_g4_康軒_翰林/_analysis/pilot/pages/G3-_-113_-_1-P01_R07_____3____113___1__/page-2.jpg,四-2,寫出直式算算看：7030-2469=( ),[],source_materials/tcool_math_g1_g4_康軒_翰林/grade-3/康軒/answers/P01_R07_安和國小_新北市_3年級_數學_113上_期中1_康軒_答案卷.pdf,2,7030-2469=4561。與答案卷「(4561)」一致。,4561,verified,independent_calculation,康軒,G3,113,上,期中1,,,,康軒 G3 上 第2章 四位數的加減,"[""N-3-2""]",[],"[""G3-05-03""]","[""G3-05-03""]",direct,high,"[""7030-2469=4561 直式減法，對應 G3-05-03""]",include,first_pass
G3-康軒-113上-期中1-P01_R07_安和國小_新北市_3年級_數學_113上_期中1_康軒::ql-q27,[],G3-康軒-113上-期中1-P01_R07_安和國小_新北市_3年級_數學_113上_期中1_康軒,question_item,verified,source_materials/tcool_math_g1_g4_康軒_翰林/grade-3/康軒/questions/P01_R07_安和國小_新北市_3年級_數學_113上_期中1_康軒_題目卷.pdf,2,"[0, 0, 4047, 5732]",source_materials/tcool_math_g1_g4_康軒_翰林/_analysis/pilot/pages/G3-_-113_-_1-P01_R07_____3____113___1__/page-2.jpg,四-3,649×5=( ),[],source_materials/tcool_math_g1_g4_康軒_翰林/grade-3/康軒/answers/P01_R07_安和國小_新北市_3年級_數學_113上_期中1_康軒_答案卷.pdf,2,649×5=3245。與答案卷「(3245)」一致。,3245,verified,independent_calculation,康軒,G3,113,上,期中1,,,,康軒 G3 上 第4章 乘法,"[""N-3-3""]",[],"[""G3-02-01""]","[""G3-02-01""]",direct,high,"[""649x5=3245 兩位數乘一位數，對應 G3-02-01""]",include,first_pass
G3-康軒-113上-期中1-P01_R07_安和國小_新北市_3年級_數學_113上_期中1_康軒::ql-q28,[],G3-康軒-113上-期中1-P01_R07_安和國小_新北市_3年級_數學_113上_期中1_康軒,question_item,verified,source_materials/tcool_math_g1_g4_康軒_翰林/grade-3/康軒/questions/P01_R07_安和國小_新北市_3年級_數學_113上_期中1_康軒_題目卷.pdf,2,"[0, 0, 4047, 5732]",source_materials/tcool_math_g1_g4_康軒_翰林/_analysis/pilot/pages/G3-_-113_-_1-P01_R07_____3____113___1__/page-2.jpg,四-4,408×7=( ),[],source_materials/tcool_math_g1_g4_康軒_翰林/grade-3/康軒/answers/P01_R07_安和國小_新北市_3年級_數學_113上_期中1_康軒_答案卷.pdf,2,408×7=2856。與答案卷「(2856)」一致。,2856,verified,independent_calculation,康軒,G3,113,上,期中1,,,,康軒 G3 上 第4章 乘法,"[""N-3-3""]",[],"[""G3-02-03""]","[""G3-02-03""]",direct,high,"[""408x7=2856 三位數乘一位數，對應 G3-02-03""]",include,first_pass
G3-康軒-113上-期中1-P01_R07_安和國小_新北市_3年級_數學_113上_期中1_康軒::ql-q29,[],G3-康軒-113上-期中1-P01_R07_安和國小_新北市_3年級_數學_113上_期中1_康軒,question_item,verified,source_materials/tcool_math_g1_g4_康軒_翰林/grade-3/康軒/questions/P01_R07_安和國小_新北市_3年級_數學_113上_期中1_康軒_題目卷.pdf,2,"[0, 0, 4047, 5732]",source_materials/tcool_math_g1_g4_康軒_翰林/_analysis/pilot/pages/G3-_-113_-_1-P01_R07_____3____113___1__/page-2.jpg,四-5,16公分9毫米-123毫米=( )公分( )毫米,[],source_materials/tcool_math_g1_g4_康軒_翰林/grade-3/康軒/answers/P01_R07_安和國小_新北市_3年級_數學_113上_期中1_康軒_答案卷.pdf,2,169mm-123mm=46mm=4cm6mm。與答案卷「(4)(6)」一致。,4公分6毫米,verified,independent_calculation,康軒,G3,113,上,期中1,,,,康軒 G3 上 第3章 毫米,"[""N-3-12""]",[],"[""G3-09-02""]","[""G3-09-02""]",direct,high,"[""16公分9毫米-123毫米 長度單位混合減法，對應 G3-09-02""]",include,first_pass
G3-康軒-113上-期中1-P01_R07_安和國小_新北市_3年級_數學_113上_期中1_康軒::ql-q30,[],G3-康軒-113上-期中1-P01_R07_安和國小_新北市_3年級_數學_113上_期中1_康軒,question_item,verified,source_materials/tcool_math_g1_g4_康軒_翰林/grade-3/康軒/questions/P01_R07_安和國小_新北市_3年級_數學_113上_期中1_康軒_題目卷.pdf,2,"[0, 0, 4047, 5732]",source_materials/tcool_math_g1_g4_康軒_翰林/_analysis/pilot/pages/G3-_-113_-_1-P01_R07_____3____113___1__/page-2.jpg,四-6,76毫米+5公分3毫米=( )毫米,[],source_materials/tcool_math_g1_g4_康軒_翰林/grade-3/康軒/answers/P01_R07_安和國小_新北市_3年級_數學_113上_期中1_康軒_答案卷.pdf,2,76mm+53mm=129mm。與答案卷「(129)」一致。,129,verified,independent_calculation,康軒,G3,113,上,期中1,,,,康軒 G3 上 第3章 毫米,"[""N-3-12""]",[],"[""G3-09-02""]","[""G3-09-02""]",direct,high,"[""76毫米+5公分3毫米 單位混合加法，對應 G3-09-02""]",include,first_pass
G3-康軒-113上-期中1-P01_R07_安和國小_新北市_3年級_數學_113上_期中1_康軒::ql-q31,"[""G3-康軒-113上-期中1-P01_R07_安和國小_新北市_3年級_數學_113上_期中1_康軒::五-1""]",G3-康軒-113上-期中1-P01_R07_安和國小_新北市_3年級_數學_113上_期中1_康軒,question_item,verified,source_materials/tcool_math_g1_g4_康軒_翰林/grade-3/康軒/questions/P01_R07_安和國小_新北市_3年級_數學_113上_期中1_康軒_題目卷.pdf,2,"[0, 0, 4047, 5732]",source_materials/tcool_math_g1_g4_康軒_翰林/_analysis/pilot/pages/G3-_-113_-_1-P01_R07_____3____113___1__/page-2.jpg,五-1,小蝸牛沿著牆壁爬，從甲地出發，經過乙地到丙地（甲到乙8公分6毫米，乙到丙4公分8毫米），一共爬了幾公分幾毫米？,[],source_materials/tcool_math_g1_g4_康軒_翰林/grade-3/康軒/answers/P01_R07_安和國小_新北市_3年級_數學_113上_期中1_康軒_答案卷.pdf,2,86mm+48mm=134mm=13cm4mm。與答案卷「答:13公分4毫米」一致。,13公分4毫米,verified,independent_calculation,康軒,G3,113,上,期中1,,,,康軒 G3 上 第3章 毫米,"[""N-3-12""]",[],"[""G3-09-02""]","[""G3-09-02""]",direct,high,"[""小蝸牛爬行距離公分毫米加法，對應 G3-09-02""]",include,first_pass
G3-康軒-113上-期中1-P01_R07_安和國小_新北市_3年級_數學_113上_期中1_康軒::ql-q32,"[""G3-康軒-113上-期中1-P01_R07_安和國小_新北市_3年級_數學_113上_期中1_康軒::五-1""]",G3-康軒-113上-期中1-P01_R07_安和國小_新北市_3年級_數學_113上_期中1_康軒,question_item,verified,source_materials/tcool_math_g1_g4_康軒_翰林/grade-3/康軒/questions/P01_R07_安和國小_新北市_3年級_數學_113上_期中1_康軒_題目卷.pdf,2,"[0, 0, 4047, 5732]",source_materials/tcool_math_g1_g4_康軒_翰林/_analysis/pilot/pages/G3-_-113_-_1-P01_R07_____3____113___1__/page-2.jpg,五-2,將兩根竹竿像這樣用繩子綁起來（25公分5毫米、37公分3毫米，重疊部分6公分），綁完後總長度是長幾公分幾毫米？,[],source_materials/tcool_math_g1_g4_康軒_翰林/grade-3/康軒/answers/P01_R07_安和國小_新北市_3年級_數學_113上_期中1_康軒_答案卷.pdf,2,255mm+373mm-60mm(重疊)=568mm=56cm8mm。與答案卷「答:56公分8毫米」一致。,56公分8毫米,verified,independent_calculation,康軒,G3,113,上,期中1,,,,康軒 G3 上 第3章 毫米,"[""N-3-12""]",[],"[""G3-09-02""]","[""G3-09-02""]",direct,high,"[""竹竿綁接總長度(含重疊扣除)，對應 G3-09-02""]",include,first_pass
G3-康軒-113上-期中1-P01_R07_安和國小_新北市_3年級_數學_113上_期中1_康軒::ql-q33,"[""G3-康軒-113上-期中1-P01_R07_安和國小_新北市_3年級_數學_113上_期中1_康軒::六-1""]",G3-康軒-113上-期中1-P01_R07_安和國小_新北市_3年級_數學_113上_期中1_康軒,question_item,verified,source_materials/tcool_math_g1_g4_康軒_翰林/grade-3/康軒/questions/P01_R07_安和國小_新北市_3年級_數學_113上_期中1_康軒_題目卷.pdf,3,"[0, 0, 4047, 5732]",source_materials/tcool_math_g1_g4_康軒_翰林/_analysis/pilot/pages/G3-_-113_-_1-P01_R07_____3____113___1__/page-3.jpg,六-1,（豆豆暑假日記：四人小隊加邁斯和樂樂共6人去快樂農場一日遊；農場地圖：園區入口經遊客中心到餐廳746公尺+1545公尺）請參考快樂農場地圖，他們從農場入口經過遊客中心走到餐廳，共走了多少公尺？,[],source_materials/tcool_math_g1_g4_康軒_翰林/grade-3/康軒/answers/P01_R07_安和國小_新北市_3年級_數學_113上_期中1_康軒_答案卷.pdf,3,1545+746=2291。與答案卷「1545+746=2291 答:2291公尺」一致。,2291 公尺,verified,independent_calculation,康軒,G3,113,上,期中1,,,,康軒 G3 上 第2章 四位數的加減,"[""N-3-2""]",[],"[""G3-05-02""]","[""G3-05-02""]",direct,high,"[""1545+746=2291 加法應用題，對應 G3-05-02""]",include,first_pass
G3-康軒-113上-期中1-P01_R07_安和國小_新北市_3年級_數學_113上_期中1_康軒::ql-q34,"[""G3-康軒-113上-期中1-P01_R07_安和國小_新北市_3年級_數學_113上_期中1_康軒::六-1""]",G3-康軒-113上-期中1-P01_R07_安和國小_新北市_3年級_數學_113上_期中1_康軒,question_item,verified,source_materials/tcool_math_g1_g4_康軒_翰林/grade-3/康軒/questions/P01_R07_安和國小_新北市_3年級_數學_113上_期中1_康軒_題目卷.pdf,3,"[0, 0, 4047, 5732]",source_materials/tcool_math_g1_g4_康軒_翰林/_analysis/pilot/pages/G3-_-113_-_1-P01_R07_____3____113___1__/page-3.jpg,六-2,接第1題，竹林步道比從入口經過遊客中心到餐廳的路線還要短355公尺，請問竹林步道的長度是幾公尺？,[],source_materials/tcool_math_g1_g4_康軒_翰林/grade-3/康軒/answers/P01_R07_安和國小_新北市_3年級_數學_113上_期中1_康軒_答案卷.pdf,3,2291-355=1936。與答案卷「2291-355=1936 答:1936公尺」一致。,1936 公尺,verified,independent_calculation,康軒,G3,113,上,期中1,,,,康軒 G3 上 第2章 四位數的加減,"[""N-3-2""]",[],"[""G3-05-03""]","[""G3-05-03""]",direct,high,"[""2291-355=1936 減法應用題，對應 G3-05-03""]",include,first_pass
G3-康軒-113上-期中1-P01_R07_安和國小_新北市_3年級_數學_113上_期中1_康軒::ql-q35,"[""G3-康軒-113上-期中1-P01_R07_安和國小_新北市_3年級_數學_113上_期中1_康軒::六-1""]",G3-康軒-113上-期中1-P01_R07_安和國小_新北市_3年級_數學_113上_期中1_康軒,question_item,verified,source_materials/tcool_math_g1_g4_康軒_翰林/grade-3/康軒/questions/P01_R07_安和國小_新北市_3年級_數學_113上_期中1_康軒_題目卷.pdf,3,"[0, 0, 4047, 5732]",source_materials/tcool_math_g1_g4_康軒_翰林/_analysis/pilot/pages/G3-_-113_-_1-P01_R07_____3____113___1__/page-3.jpg,六-3,他們中午享用了農場的特色餐點（每份295元），請問6份餐點共要多少元？,[],source_materials/tcool_math_g1_g4_康軒_翰林/grade-3/康軒/answers/P01_R07_安和國小_新北市_3年級_數學_113上_期中1_康軒_答案卷.pdf,3,295×6=1770。與答案卷「295×6=1770 答:1770元」一致。,1770 元,verified,independent_calculation,康軒,G3,113,上,期中1,,,,康軒 G3 上 第4章 乘法,"[""N-3-3""]",[],"[""G3-02-04""]","[""G3-02-04""]",direct,high,"[""295x6=1770 乘法應用題，對應 G3-02-04 乘法應用題(一)""]",include,first_pass
G3-康軒-113上-期中1-P01_R07_安和國小_新北市_3年級_數學_113上_期中1_康軒::ql-q36,"[""G3-康軒-113上-期中1-P01_R07_安和國小_新北市_3年級_數學_113上_期中1_康軒::六-1""]",G3-康軒-113上-期中1-P01_R07_安和國小_新北市_3年級_數學_113上_期中1_康軒,question_item,verified,source_materials/tcool_math_g1_g4_康軒_翰林/grade-3/康軒/questions/P01_R07_安和國小_新北市_3年級_數學_113上_期中1_康軒_題目卷.pdf,3,"[0, 0, 4047, 5732]",source_materials/tcool_math_g1_g4_康軒_翰林/_analysis/pilot/pages/G3-_-113_-_1-P01_R07_____3____113___1__/page-3.jpg,六-4,水蜜桃禮盒一層有15個水蜜桃，一箱有2層，6箱共有幾個水蜜桃？,[],source_materials/tcool_math_g1_g4_康軒_翰林/grade-3/康軒/answers/P01_R07_安和國小_新北市_3年級_數學_113上_期中1_康軒_答案卷.pdf,3,15×2=30(每箱)；30×6=180。與答案卷「15×2=30;30×6=180 答:180個」一致。,180 個,verified,independent_calculation,康軒,G3,113,上,期中1,,,,康軒 G3 上 第4章 乘法,"[""N-3-3""]",[],"[""G3-02-04""]","[""G3-02-04""]",direct,high,"[""15x2=30;30x6=180 兩步驟乘法應用題，對應 G3-02-04""]",include,first_pass
G3-翰林-113下-期末2-P01_R01_桃子腳國小_新北市_3年級_數學_113下_期末2_翰林::ql-q01,"[""G3-翰林-113下-期末2-P01_R01_桃子腳國小_新北市_3年級_數學_113下_期末2_翰林::一-1"", ""G3-翰林-113下-期末2-P01_R01_桃子腳國小_新北市_3年級_數學_113下_期末2_翰林::一-2"", ""G3-翰林-113下-期末2-P01_R01_桃子腳國小_新北市_3年級_數學_113下_期末2_翰林::一-3""]",G3-翰林-113下-期末2-P01_R01_桃子腳國小_新北市_3年級_數學_113下_期末2_翰林,question_item,verified,source_materials/tcool_math_g1_g4_康軒_翰林/grade-3/翰林/questions/P01_R01_桃子腳國小_新北市_3年級_數學_113下_期末2_翰林_題目卷.pdf,1,"[0, 0, 4047, 5732]",source_materials/tcool_math_g1_g4_康軒_翰林/_analysis/pilot/pages/G3-_-113_-_2-P01_R01_____3____113___2__/page-1.jpg,一-1,對的畫○，錯的打X：早上9:30可以用9:30PM來表示。,[],source_materials/tcool_math_g1_g4_康軒_翰林/grade-3/翰林/answers/P01_R01_桃子腳國小_新北市_3年級_數學_113下_期末2_翰林_答案卷.pdf,1,9:30PM為晚上，早上應為9:30AM，敘述為假。與答案卷「(X)」一致。,X,verified,independent_calculation,翰林,G3,113,下,期末2,,,,翰林 G3 下 第7章 時間,"[""N-3-17""]",[],[],[],partial,medium,"[""official N-3-17 時間"", ""publisher ('翰林', 'G3', '下', 7)"", ""9:30AM/PM表示法敘述，屬時間概念但無單一對應skill""]",uncertain_review,first_pass
G3-翰林-113下-期末2-P01_R01_桃子腳國小_新北市_3年級_數學_113下_期末2_翰林::ql-q02,"[""G3-翰林-113下-期末2-P01_R01_桃子腳國小_新北市_3年級_數學_113下_期末2_翰林::一-1"", ""G3-翰林-113下-期末2-P01_R01_桃子腳國小_新北市_3年級_數學_113下_期末2_翰林::一-2"", ""G3-翰林-113下-期末2-P01_R01_桃子腳國小_新北市_3年級_數學_113下_期末2_翰林::一-3""]",G3-翰林-113下-期末2-P01_R01_桃子腳國小_新北市_3年級_數學_113下_期末2_翰林,question_item,verified,source_materials/tcool_math_g1_g4_康軒_翰林/grade-3/翰林/questions/P01_R01_桃子腳國小_新北市_3年級_數學_113下_期末2_翰林_題目卷.pdf,1,"[0, 0, 4047, 5732]",source_materials/tcool_math_g1_g4_康軒_翰林/_analysis/pilot/pages/G3-_-113_-_2-P01_R01_____3____113___2__/page-1.jpg,一-2,媽媽因為生病了，所以從下午1時睡到下午4時，是睡了180分鐘。,[],source_materials/tcool_math_g1_g4_康軒_翰林/grade-3/翰林/answers/P01_R01_桃子腳國小_新北市_3年級_數學_113下_期末2_翰林_答案卷.pdf,1,4-1=3小時=180分鐘，敘述為真。與答案卷「(○)」一致。,○,verified,independent_calculation,翰林,G3,113,下,期末2,,,,翰林 G3 下 第7章 時間,"[""N-3-17""]",[],"[""G3-15-11""]","[""G3-15-11""]",direct,high,"[""下午1時睡到4時共180分鐘敘述，對應 G3-15-11「時間應用題(一)-過了多久」""]",include,first_pass
G3-翰林-113下-期末2-P01_R01_桃子腳國小_新北市_3年級_數學_113下_期末2_翰林::ql-q03,"[""G3-翰林-113下-期末2-P01_R01_桃子腳國小_新北市_3年級_數學_113下_期末2_翰林::一-1"", ""G3-翰林-113下-期末2-P01_R01_桃子腳國小_新北市_3年級_數學_113下_期末2_翰林::一-2"", ""G3-翰林-113下-期末2-P01_R01_桃子腳國小_新北市_3年級_數學_113下_期末2_翰林::一-3""]",G3-翰林-113下-期末2-P01_R01_桃子腳國小_新北市_3年級_數學_113下_期末2_翰林,question_item,verified,source_materials/tcool_math_g1_g4_康軒_翰林/grade-3/翰林/questions/P01_R01_桃子腳國小_新北市_3年級_數學_113下_期末2_翰林_題目卷.pdf,1,"[0, 0, 4047, 5732]",source_materials/tcool_math_g1_g4_康軒_翰林/_analysis/pilot/pages/G3-_-113_-_2-P01_R01_____3____113___2__/page-1.jpg,一-3,邊長2公分的正方形，面積是2平方公分。,[],source_materials/tcool_math_g1_g4_康軒_翰林/grade-3/翰林/answers/P01_R01_桃子腳國小_新北市_3年級_數學_113下_期末2_翰林_答案卷.pdf,1,2×2=4平方公分，非2平方公分，敘述為假。與答案卷「(X)」一致。,X,verified,independent_calculation,翰林,G3,113,下,期末2,,,,翰林 G3 下 第9章 面積,"[""N-3-14""]",[],"[""G3-12-02""]","[""G3-12-02""]",direct,high,"[""official N-3-14 面積"", ""publisher ('翰林', 'G3', '下', 9)"", ""邊長2公分正方形面積敘述，對應 G3-12-02""]",include,first_pass
G3-翰林-113下-期末2-P01_R01_桃子腳國小_新北市_3年級_數學_113下_期末2_翰林::ql-q04,"[""G3-翰林-113下-期末2-P01_R01_桃子腳國小_新北市_3年級_數學_113下_期末2_翰林::二-1"", ""G3-翰林-113下-期末2-P01_R01_桃子腳國小_新北市_3年級_數學_113下_期末2_翰林::二-2"", ""G3-翰林-113下-期末2-P01_R01_桃子腳國小_新北市_3年級_數學_113下_期末2_翰林::二-8"", ""G3-翰林-113下-期末2-P01_R01_桃子腳國小_新北市_3年級_數學_113下_期末2_翰林::二-9""]",G3-翰林-113下-期末2-P01_R01_桃子腳國小_新北市_3年級_數學_113下_期末2_翰林,question_item,verified,source_materials/tcool_math_g1_g4_康軒_翰林/grade-3/翰林/questions/P01_R01_桃子腳國小_新北市_3年級_數學_113下_期末2_翰林_題目卷.pdf,1,"[0, 0, 4047, 5732]",source_materials/tcool_math_g1_g4_康軒_翰林/_analysis/pilot/pages/G3-_-113_-_2-P01_R01_____3____113___2__/page-1.jpg,二-1,一條積木是由10個小積木組合而成的，16.3條積木是由10條積木和幾個小積木合起來的？,"[""①62個"", ""②63個"", ""③64個"", ""④65個""]",source_materials/tcool_math_g1_g4_康軒_翰林/grade-3/翰林/answers/P01_R01_桃子腳國小_新北市_3年級_數學_113下_期末2_翰林_答案卷.pdf,1,16.3條=163個小積木；163-10條(100個)=63個。與答案卷「2」一致。,②63個,verified,independent_calculation,翰林,G3,113,下,期末2,,,,,"[""N-3-1""]",[],[],[],uncertain,low,"[""16.3條積木位值換算，非本卷宣告單元6-9範圍主題，保留uncertain""]",uncertain_review,first_pass
G3-翰林-113下-期末2-P01_R01_桃子腳國小_新北市_3年級_數學_113下_期末2_翰林::ql-q05,"[""G3-翰林-113下-期末2-P01_R01_桃子腳國小_新北市_3年級_數學_113下_期末2_翰林::二-1"", ""G3-翰林-113下-期末2-P01_R01_桃子腳國小_新北市_3年級_數學_113下_期末2_翰林::二-2"", ""G3-翰林-113下-期末2-P01_R01_桃子腳國小_新北市_3年級_數學_113下_期末2_翰林::二-8"", ""G3-翰林-113下-期末2-P01_R01_桃子腳國小_新北市_3年級_數學_113下_期末2_翰林::二-9""]",G3-翰林-113下-期末2-P01_R01_桃子腳國小_新北市_3年級_數學_113下_期末2_翰林,question_item,verified,source_materials/tcool_math_g1_g4_康軒_翰林/grade-3/翰林/questions/P01_R01_桃子腳國小_新北市_3年級_數學_113下_期末2_翰林_題目卷.pdf,1,"[0, 0, 4047, 5732]",source_materials/tcool_math_g1_g4_康軒_翰林/_analysis/pilot/pages/G3-_-113_-_2-P01_R01_____3____113___2__/page-1.jpg,二-2,下面哪一個選項是錯的？,"[""①20個0.1是2.0"", ""②0.3和0.7合起來是1"", ""③6個0.1是1/6"", ""④8個0.1合起來是0.8""]",source_materials/tcool_math_g1_g4_康軒_翰林/grade-3/翰林/answers/P01_R01_桃子腳國小_新北市_3年級_數學_113下_期末2_翰林_答案卷.pdf,1,6個0.1=0.6=3/5，非1/6，故③錯誤；①②④皆真。與答案卷「3」一致。,③6個0.1是1/6,verified,independent_calculation,翰林,G3,113,下,期末2,,,,翰林 G3 下 第6章 一位小數,"[""N-3-10""]",[],"[""G3-16-03""]","[""G3-16-03""]",direct,high,"[""skill G3-16-03「一位小數的數值」對應0.1敘述判讀""]",include,first_pass
G3-翰林-113下-期末2-P01_R01_桃子腳國小_新北市_3年級_數學_113下_期末2_翰林::ql-q06,"[""G3-翰林-113下-期末2-P01_R01_桃子腳國小_新北市_3年級_數學_113下_期末2_翰林::二-1"", ""G3-翰林-113下-期末2-P01_R01_桃子腳國小_新北市_3年級_數學_113下_期末2_翰林::二-2"", ""G3-翰林-113下-期末2-P01_R01_桃子腳國小_新北市_3年級_數學_113下_期末2_翰林::二-8"", ""G3-翰林-113下-期末2-P01_R01_桃子腳國小_新北市_3年級_數學_113下_期末2_翰林::二-9""]",G3-翰林-113下-期末2-P01_R01_桃子腳國小_新北市_3年級_數學_113下_期末2_翰林,question_item,verified,source_materials/tcool_math_g1_g4_康軒_翰林/grade-3/翰林/questions/P01_R01_桃子腳國小_新北市_3年級_數學_113下_期末2_翰林_題目卷.pdf,1,"[0, 0, 4047, 5732]",source_materials/tcool_math_g1_g4_康軒_翰林/_analysis/pilot/pages/G3-_-113_-_2-P01_R01_____3____113___2__/page-1.jpg,二-3,根據下面位值表比大小的結果（個位5.十分位8 > 個位5.十分位■），■不可能是什麼數字？,"[""①3"", ""②5"", ""③7"", ""④9""]",source_materials/tcool_math_g1_g4_康軒_翰林/grade-3/翰林/answers/P01_R01_桃子腳國小_新北市_3年級_數學_113下_期末2_翰林_答案卷.pdf,1,5.8>5.■ 需■<8；■=9時5.9>5.8與題意矛盾，故9不可能；3/5/7皆使5.■<5.8成立。與答案卷「4」一致。,④9,verified,independent_calculation,翰林,G3,113,下,期末2,,,,翰林 G3 下 第6章 一位小數,"[""N-3-10""]",[],"[""G3-16-03""]","[""G3-16-03""]",direct,high,"[""位值表小數比大小，對應 G3-16-03""]",include,first_pass
G3-翰林-113下-期末2-P01_R01_桃子腳國小_新北市_3年級_數學_113下_期末2_翰林::ql-q07,"[""G3-翰林-113下-期末2-P01_R01_桃子腳國小_新北市_3年級_數學_113下_期末2_翰林::二-1"", ""G3-翰林-113下-期末2-P01_R01_桃子腳國小_新北市_3年級_數學_113下_期末2_翰林::二-2"", ""G3-翰林-113下-期末2-P01_R01_桃子腳國小_新北市_3年級_數學_113下_期末2_翰林::二-8"", ""G3-翰林-113下-期末2-P01_R01_桃子腳國小_新北市_3年級_數學_113下_期末2_翰林::二-9""]",G3-翰林-113下-期末2-P01_R01_桃子腳國小_新北市_3年級_數學_113下_期末2_翰林,question_item,verified,source_materials/tcool_math_g1_g4_康軒_翰林/grade-3/翰林/questions/P01_R01_桃子腳國小_新北市_3年級_數學_113下_期末2_翰林_題目卷.pdf,1,"[0, 0, 4047, 5732]",source_materials/tcool_math_g1_g4_康軒_翰林/_analysis/pilot/pages/G3-_-113_-_2-P01_R01_____3____113___2__/page-1.jpg,二-4,小梁做了除法練習題「234÷3=78...1」，要怎麼檢查小梁是不是算對了？,"[""①先算78×3，再+1"", ""②先算78×3，再-1"", ""③先算78÷3，再+1"", ""④先算78÷3，再-1""]",source_materials/tcool_math_g1_g4_康軒_翰林/grade-3/翰林/answers/P01_R01_桃子腳國小_新北市_3年級_數學_113下_期末2_翰林_答案卷.pdf,1,除法驗算：商×除數+餘數=被除數，即78×3+1=235... 實際234÷3=78餘0才對，惟本題僅檢驗「驗算方法」是否正確而非重算原式，驗算法本身「商×除數+餘數」對應①。與答案卷「1」一致。,①先算78×3，再+1,verified,independent_calculation,翰林,G3,113,下,期末2,,,,翰林 G3 下 第8章 乘與除,"[""N-3-6""]",[],"[""G3-06-13""]","[""G3-06-13""]",direct,high,"[""234÷3=78餘1 驗算方法，對應 G3-06-13 認識除法的基本概念""]",include,first_pass
G3-翰林-113下-期末2-P01_R01_桃子腳國小_新北市_3年級_數學_113下_期末2_翰林::ql-q08,"[""G3-翰林-113下-期末2-P01_R01_桃子腳國小_新北市_3年級_數學_113下_期末2_翰林::二-1"", ""G3-翰林-113下-期末2-P01_R01_桃子腳國小_新北市_3年級_數學_113下_期末2_翰林::二-2"", ""G3-翰林-113下-期末2-P01_R01_桃子腳國小_新北市_3年級_數學_113下_期末2_翰林::二-8"", ""G3-翰林-113下-期末2-P01_R01_桃子腳國小_新北市_3年級_數學_113下_期末2_翰林::二-9""]",G3-翰林-113下-期末2-P01_R01_桃子腳國小_新北市_3年級_數學_113下_期末2_翰林,question_item,verified,source_materials/tcool_math_g1_g4_康軒_翰林/grade-3/翰林/questions/P01_R01_桃子腳國小_新北市_3年級_數學_113下_期末2_翰林_題目卷.pdf,1,"[0, 0, 4047, 5732]",source_materials/tcool_math_g1_g4_康軒_翰林/_analysis/pilot/pages/G3-_-113_-_2-P01_R01_____3____113___2__/page-1.jpg,二-5,爸爸從今天下午3時加班到隔天上午2時，幫爸爸算算一共加班幾小時？,"[""①10小時"", ""②11小時"", ""③12小時"", ""④13小時""]",source_materials/tcool_math_g1_g4_康軒_翰林/grade-3/翰林/answers/P01_R01_桃子腳國小_新北市_3年級_數學_113下_期末2_翰林_答案卷.pdf,1,15:00至24:00=9小時，24:00至02:00=2小時，共11小時。與答案卷「2」一致。,②11小時,verified,independent_calculation,翰林,G3,113,下,期末2,,,,翰林 G3 下 第7章 時間,"[""N-3-17""]",[],"[""G3-15-11""]","[""G3-15-11""]",direct,high,"[""下午3時至隔天上午2時加班時數，對應 G3-15-11""]",include,first_pass
G3-翰林-113下-期末2-P01_R01_桃子腳國小_新北市_3年級_數學_113下_期末2_翰林::ql-q09,"[""G3-翰林-113下-期末2-P01_R01_桃子腳國小_新北市_3年級_數學_113下_期末2_翰林::二-1"", ""G3-翰林-113下-期末2-P01_R01_桃子腳國小_新北市_3年級_數學_113下_期末2_翰林::二-2"", ""G3-翰林-113下-期末2-P01_R01_桃子腳國小_新北市_3年級_數學_113下_期末2_翰林::二-8"", ""G3-翰林-113下-期末2-P01_R01_桃子腳國小_新北市_3年級_數學_113下_期末2_翰林::二-9""]",G3-翰林-113下-期末2-P01_R01_桃子腳國小_新北市_3年級_數學_113下_期末2_翰林,question_item,verified,source_materials/tcool_math_g1_g4_康軒_翰林/grade-3/翰林/questions/P01_R01_桃子腳國小_新北市_3年級_數學_113下_期末2_翰林_題目卷.pdf,1,"[0, 0, 4047, 5732]",source_materials/tcool_math_g1_g4_康軒_翰林/_analysis/pilot/pages/G3-_-113_-_2-P01_R01_____3____113___2__/page-1.jpg,二-6,下列哪個是面積的單位？,"[""①公分"", ""②公斤"", ""③公克"", ""④平方公分""]",source_materials/tcool_math_g1_g4_康軒_翰林/grade-3/翰林/answers/P01_R01_桃子腳國小_新北市_3年級_數學_113下_期末2_翰林_答案卷.pdf,1,面積單位為平方公分，其餘為長度或重量單位。與答案卷「4」一致。,④平方公分,verified,independent_calculation,翰林,G3,113,下,期末2,,,,翰林 G3 下 第9章 面積,"[""N-3-14""]",[],"[""G3-12-01""]","[""G3-12-01""]",direct,high,"[""面積單位辨識，對應 G3-12-01""]",include,first_pass
G3-翰林-113下-期末2-P01_R01_桃子腳國小_新北市_3年級_數學_113下_期末2_翰林::ql-q10,"[""G3-翰林-113下-期末2-P01_R01_桃子腳國小_新北市_3年級_數學_113下_期末2_翰林::二-1"", ""G3-翰林-113下-期末2-P01_R01_桃子腳國小_新北市_3年級_數學_113下_期末2_翰林::二-2"", ""G3-翰林-113下-期末2-P01_R01_桃子腳國小_新北市_3年級_數學_113下_期末2_翰林::二-8"", ""G3-翰林-113下-期末2-P01_R01_桃子腳國小_新北市_3年級_數學_113下_期末2_翰林::二-9""]",G3-翰林-113下-期末2-P01_R01_桃子腳國小_新北市_3年級_數學_113下_期末2_翰林,question_item,verified,source_materials/tcool_math_g1_g4_康軒_翰林/grade-3/翰林/questions/P01_R01_桃子腳國小_新北市_3年級_數學_113下_期末2_翰林_題目卷.pdf,1,"[0, 0, 4047, 5732]",source_materials/tcool_math_g1_g4_康軒_翰林/_analysis/pilot/pages/G3-_-113_-_2-P01_R01_____3____113___2__/page-1.jpg,二-7,下列哪個物品的面積最可能接近1平方公分？,"[""①數學課本"", ""②門牙"", ""③衛生紙"", ""④黑板""]",source_materials/tcool_math_g1_g4_康軒_翰林/grade-3/翰林/answers/P01_R01_桃子腳國小_新北市_3年級_數學_113下_期末2_翰林_答案卷.pdf,1,門牙表面積約為1平方公分量級，其餘選項面積遠大於1平方公分。與答案卷「2」一致。,②門牙,verified,independent_calculation,翰林,G3,113,下,期末2,,,,翰林 G3 下 第9章 面積,"[""N-3-14""]",[],"[""G3-12-01""]","[""G3-12-01""]",direct,high,"[""物品面積接近1平方公分判斷，對應 G3-12-01""]",include,first_pass
G3-翰林-113下-期末2-P01_R01_桃子腳國小_新北市_3年級_數學_113下_期末2_翰林::ql-q11,"[""G3-翰林-113下-期末2-P01_R01_桃子腳國小_新北市_3年級_數學_113下_期末2_翰林::二-1"", ""G3-翰林-113下-期末2-P01_R01_桃子腳國小_新北市_3年級_數學_113下_期末2_翰林::二-2"", ""G3-翰林-113下-期末2-P01_R01_桃子腳國小_新北市_3年級_數學_113下_期末2_翰林::二-8"", ""G3-翰林-113下-期末2-P01_R01_桃子腳國小_新北市_3年級_數學_113下_期末2_翰林::二-9""]",G3-翰林-113下-期末2-P01_R01_桃子腳國小_新北市_3年級_數學_113下_期末2_翰林,question_item,verified,source_materials/tcool_math_g1_g4_康軒_翰林/grade-3/翰林/questions/P01_R01_桃子腳國小_新北市_3年級_數學_113下_期末2_翰林_題目卷.pdf,1,"[0, 0, 4047, 5732]",source_materials/tcool_math_g1_g4_康軒_翰林/_analysis/pilot/pages/G3-_-113_-_2-P01_R01_____3____113___2__/page-1.jpg,二-8,關於面積的敘述何者正確？,"[""①面積是指圖形的所有邊長總和"", ""②9平方公分可記作9²cm"", ""③8個1cm²的正方形可組成8平方公分"", ""④邊長3公分的正方形，面積是6平方公分""]",source_materials/tcool_math_g1_g4_康軒_翰林/grade-3/翰林/answers/P01_R01_桃子腳國小_新北市_3年級_數學_113下_期末2_翰林_答案卷.pdf,1,①應為周長之定義；②應記作9cm²；④3×3=9非6；③8×1cm²=8平方公分為真。與答案卷「3」一致。,③8個1cm²的正方形可組成8平方公分,verified,independent_calculation,翰林,G3,113,下,期末2,,,,翰林 G3 下 第9章 面積,"[""N-3-14""]",[],"[""G3-12-01""]","[""G3-12-01""]",direct,high,"[""面積相關敘述正誤判斷，對應 G3-12-01""]",include,first_pass
G3-翰林-113下-期末2-P01_R01_桃子腳國小_新北市_3年級_數學_113下_期末2_翰林::ql-q12,"[""G3-翰林-113下-期末2-P01_R01_桃子腳國小_新北市_3年級_數學_113下_期末2_翰林::二-1"", ""G3-翰林-113下-期末2-P01_R01_桃子腳國小_新北市_3年級_數學_113下_期末2_翰林::二-2"", ""G3-翰林-113下-期末2-P01_R01_桃子腳國小_新北市_3年級_數學_113下_期末2_翰林::二-8"", ""G3-翰林-113下-期末2-P01_R01_桃子腳國小_新北市_3年級_數學_113下_期末2_翰林::二-9""]",G3-翰林-113下-期末2-P01_R01_桃子腳國小_新北市_3年級_數學_113下_期末2_翰林,question_item,verified,source_materials/tcool_math_g1_g4_康軒_翰林/grade-3/翰林/questions/P01_R01_桃子腳國小_新北市_3年級_數學_113下_期末2_翰林_題目卷.pdf,1,"[0, 0, 4047, 5732]",source_materials/tcool_math_g1_g4_康軒_翰林/_analysis/pilot/pages/G3-_-113_-_2-P01_R01_____3____113___2__/page-1.jpg,二-9,長方形的面積是32平方公分，寬是4公分，長是多少公分？,"[""①8公分"", ""②32公分"", ""③40公分"", ""④128公分""]",source_materials/tcool_math_g1_g4_康軒_翰林/grade-3/翰林/answers/P01_R01_桃子腳國小_新北市_3年級_數學_113下_期末2_翰林_答案卷.pdf,1,32÷4=8。與答案卷「1」一致。,①8公分,verified,independent_calculation,翰林,G3,113,下,期末2,,,,翰林 G3 下 第9章 面積,"[""N-3-14""]",[],"[""G3-12-01""]","[""G3-12-01""]",direct,high,"[""長方形面積32平方公分求長，對應 G3-12-01""]",include,first_pass
G3-翰林-113下-期末2-P01_R01_桃子腳國小_新北市_3年級_數學_113下_期末2_翰林::ql-q13,"[""G3-翰林-113下-期末2-P01_R01_桃子腳國小_新北市_3年級_數學_113下_期末2_翰林::三-1"", ""G3-翰林-113下-期末2-P01_R01_桃子腳國小_新北市_3年級_數學_113下_期末2_翰林::三-2""]",G3-翰林-113下-期末2-P01_R01_桃子腳國小_新北市_3年級_數學_113下_期末2_翰林,question_item,verified,source_materials/tcool_math_g1_g4_康軒_翰林/grade-3/翰林/questions/P01_R01_桃子腳國小_新北市_3年級_數學_113下_期末2_翰林_題目卷.pdf,1,"[0, 0, 4047, 5732]",source_materials/tcool_math_g1_g4_康軒_翰林/_analysis/pilot/pages/G3-_-113_-_2-P01_R01_____3____113___2__/page-1.jpg,三-1,一天中，時鐘上的短針會經過刻度11的次數會有( )次。,[],source_materials/tcool_math_g1_g4_康軒_翰林/grade-3/翰林/answers/P01_R01_桃子腳國小_新北市_3年級_數學_113下_期末2_翰林_答案卷.pdf,1,短針(時針)12小時繞一圈經過每刻度一次，一天24小時共經過2次。與答案卷「(2)」一致。,2,verified,independent_calculation,翰林,G3,113,下,期末2,,,,翰林 G3 下 第7章 時間,"[""N-3-17""]",[],[],[],partial,medium,"[""短針經過刻度11次數(一天2次)，屬時間概念但無單一對應skill""]",uncertain_review,first_pass
G3-翰林-113下-期末2-P01_R01_桃子腳國小_新北市_3年級_數學_113下_期末2_翰林::ql-q14,"[""G3-翰林-113下-期末2-P01_R01_桃子腳國小_新北市_3年級_數學_113下_期末2_翰林::三-1"", ""G3-翰林-113下-期末2-P01_R01_桃子腳國小_新北市_3年級_數學_113下_期末2_翰林::三-2""]",G3-翰林-113下-期末2-P01_R01_桃子腳國小_新北市_3年級_數學_113下_期末2_翰林,question_item,verified,source_materials/tcool_math_g1_g4_康軒_翰林/grade-3/翰林/questions/P01_R01_桃子腳國小_新北市_3年級_數學_113下_期末2_翰林_題目卷.pdf,1,"[0, 0, 4047, 5732]",source_materials/tcool_math_g1_g4_康軒_翰林/_analysis/pilot/pages/G3-_-113_-_2-P01_R01_____3____113___2__/page-1.jpg,三-2,時鐘上的秒針轉1圈時，分針會走( )小格，相當於( )分鐘。,[],source_materials/tcool_math_g1_g4_康軒_翰林/grade-3/翰林/answers/P01_R01_桃子腳國小_新北市_3年級_數學_113下_期末2_翰林_答案卷.pdf,1,秒針轉1圈=60秒=1分鐘，分針每分鐘恰走1小格。與答案卷「(1)(1)」一致。,1小格，1分鐘,verified,independent_calculation,翰林,G3,113,下,期末2,,,,翰林 G3 下 第7章 時間,"[""N-3-17""]",[],"[""G3-15-04""]","[""G3-15-04""]",direct,high,"[""秒針轉1圈分針走幾小格，對應 G3-15-04 認識分鐘""]",include,first_pass
G3-翰林-113下-期末2-P01_R01_桃子腳國小_新北市_3年級_數學_113下_期末2_翰林::ql-q15,"[""G3-翰林-113下-期末2-P01_R01_桃子腳國小_新北市_3年級_數學_113下_期末2_翰林::三-1"", ""G3-翰林-113下-期末2-P01_R01_桃子腳國小_新北市_3年級_數學_113下_期末2_翰林::三-2""]",G3-翰林-113下-期末2-P01_R01_桃子腳國小_新北市_3年級_數學_113下_期末2_翰林,question_item,verified,source_materials/tcool_math_g1_g4_康軒_翰林/grade-3/翰林/questions/P01_R01_桃子腳國小_新北市_3年級_數學_113下_期末2_翰林_題目卷.pdf,1,"[0, 0, 4047, 5732]",source_materials/tcool_math_g1_g4_康軒_翰林/_analysis/pilot/pages/G3-_-113_-_2-P01_R01_____3____113___2__/page-1.jpg,三-3,請圈出比6.6大，而且比8.8小的數：4.1，6.3，7.2，8.0，8.6,[],source_materials/tcool_math_g1_g4_康軒_翰林/grade-3/翰林/answers/P01_R01_桃子腳國小_新北市_3年級_數學_113下_期末2_翰林_答案卷.pdf,1,6.6<x<8.8之數：7.2、8.0、8.6符合；4.1、6.3不符合。與答案卷圈選一致。,7.2、8.0、8.6,verified,independent_calculation,翰林,G3,113,下,期末2,,,,翰林 G3 下 第6章 一位小數,"[""N-3-10""]",[],"[""G3-16-03""]","[""G3-16-03""]",direct,high,"[""圈出6.6~8.8之間的小數，對應 G3-16-03""]",include,first_pass
G3-翰林-113下-期末2-P01_R01_桃子腳國小_新北市_3年級_數學_113下_期末2_翰林::ql-q16,"[""G3-翰林-113下-期末2-P01_R01_桃子腳國小_新北市_3年級_數學_113下_期末2_翰林::三-1"", ""G3-翰林-113下-期末2-P01_R01_桃子腳國小_新北市_3年級_數學_113下_期末2_翰林::三-2""]",G3-翰林-113下-期末2-P01_R01_桃子腳國小_新北市_3年級_數學_113下_期末2_翰林,question_item,verified,source_materials/tcool_math_g1_g4_康軒_翰林/grade-3/翰林/questions/P01_R01_桃子腳國小_新北市_3年級_數學_113下_期末2_翰林_題目卷.pdf,1,"[0, 0, 4047, 5732]",source_materials/tcool_math_g1_g4_康軒_翰林/_analysis/pilot/pages/G3-_-113_-_2-P01_R01_____3____113___2__/page-1.jpg,三-4-(1),看圖填填看：一條紙條分成10等分（如圖一），塗色的部分合起來是幾條紙條？寫出小數填填看。(1)（第一條紙條，部分塗色）,[],source_materials/tcool_math_g1_g4_康軒_翰林/grade-3/翰林/answers/P01_R01_桃子腳國小_新北市_3年級_數學_113下_期末2_翰林_答案卷.pdf,1,依圖一10等分塗色格數換算為十分位小數，與答案卷「(0.2)條」一致。,0.2 條,verified,visual_manual_required,翰林,G3,113,下,期末2,,,,翰林 G3 下 第6章 一位小數,"[""N-3-10""]",[],"[""G3-16-01""]","[""G3-16-01""]",direct,high,"[""紙條著色圖表示小數，對應 G3-16-01「利用著色圖認識一位小數」""]",include,first_pass
G3-翰林-113下-期末2-P01_R01_桃子腳國小_新北市_3年級_數學_113下_期末2_翰林::ql-q17,"[""G3-翰林-113下-期末2-P01_R01_桃子腳國小_新北市_3年級_數學_113下_期末2_翰林::三-1"", ""G3-翰林-113下-期末2-P01_R01_桃子腳國小_新北市_3年級_數學_113下_期末2_翰林::三-2""]",G3-翰林-113下-期末2-P01_R01_桃子腳國小_新北市_3年級_數學_113下_期末2_翰林,question_item,verified,source_materials/tcool_math_g1_g4_康軒_翰林/grade-3/翰林/questions/P01_R01_桃子腳國小_新北市_3年級_數學_113下_期末2_翰林_題目卷.pdf,1,"[0, 0, 4047, 5732]",source_materials/tcool_math_g1_g4_康軒_翰林/_analysis/pilot/pages/G3-_-113_-_2-P01_R01_____3____113___2__/page-1.jpg,三-4-(2),(2)（第二條紙條，部分塗色）,[],source_materials/tcool_math_g1_g4_康軒_翰林/grade-3/翰林/answers/P01_R01_桃子腳國小_新北市_3年級_數學_113下_期末2_翰林_答案卷.pdf,1,與答案卷「(0.5)條」一致。,0.5 條,verified,visual_manual_required,翰林,G3,113,下,期末2,,,,翰林 G3 下 第6章 一位小數,"[""N-3-10""]",[],"[""G3-16-01""]","[""G3-16-01""]",direct,high,"[""同 q16""]",include,first_pass
G3-翰林-113下-期末2-P01_R01_桃子腳國小_新北市_3年級_數學_113下_期末2_翰林::ql-q18,"[""G3-翰林-113下-期末2-P01_R01_桃子腳國小_新北市_3年級_數學_113下_期末2_翰林::三-1"", ""G3-翰林-113下-期末2-P01_R01_桃子腳國小_新北市_3年級_數學_113下_期末2_翰林::三-2""]",G3-翰林-113下-期末2-P01_R01_桃子腳國小_新北市_3年級_數學_113下_期末2_翰林,question_item,verified,source_materials/tcool_math_g1_g4_康軒_翰林/grade-3/翰林/questions/P01_R01_桃子腳國小_新北市_3年級_數學_113下_期末2_翰林_題目卷.pdf,1,"[0, 0, 4047, 5732]",source_materials/tcool_math_g1_g4_康軒_翰林/_analysis/pilot/pages/G3-_-113_-_2-P01_R01_____3____113___2__/page-1.jpg,三-4-(3),(3)（兩條紙條，其中一條全塗色、一條部分塗色）,[],source_materials/tcool_math_g1_g4_康軒_翰林/grade-3/翰林/answers/P01_R01_桃子腳國小_新北市_3年級_數學_113下_期末2_翰林_答案卷.pdf,1,與答案卷「(1.2)條」一致（1整條+0.2條）。,1.2 條,verified,visual_manual_required,翰林,G3,113,下,期末2,,,,翰林 G3 下 第6章 一位小數,"[""N-3-10""]",[],"[""G3-16-01""]","[""G3-16-01""]",direct,high,"[""同 q16：兩條紙條合計1.2條""]",include,first_pass
G3-翰林-113下-期末2-P01_R01_桃子腳國小_新北市_3年級_數學_113下_期末2_翰林::ql-q19,"[""G3-翰林-113下-期末2-P01_R01_桃子腳國小_新北市_3年級_數學_113下_期末2_翰林::三-1"", ""G3-翰林-113下-期末2-P01_R01_桃子腳國小_新北市_3年級_數學_113下_期末2_翰林::三-2""]",G3-翰林-113下-期末2-P01_R01_桃子腳國小_新北市_3年級_數學_113下_期末2_翰林,question_item,verified,source_materials/tcool_math_g1_g4_康軒_翰林/grade-3/翰林/questions/P01_R01_桃子腳國小_新北市_3年級_數學_113下_期末2_翰林_題目卷.pdf,1,"[0, 0, 4047, 5732]",source_materials/tcool_math_g1_g4_康軒_翰林/_analysis/pilot/pages/G3-_-113_-_2-P01_R01_____3____113___2__/page-1.jpg,三-5,小玉不小心打翻飲料，造成已經寫好的作業簿上，有數字不清楚（直式：7.6+1.5=☆.1），請幫忙算算看，☆的部分應該是( )。,[],source_materials/tcool_math_g1_g4_康軒_翰林/grade-3/翰林/answers/P01_R01_桃子腳國小_新北市_3年級_數學_113下_期末2_翰林_答案卷.pdf,1,7.6+1.5=9.1，☆=9。與答案卷「(9)」一致。,9,verified,independent_calculation,翰林,G3,113,下,期末2,,,,翰林 G3 下 第6章 一位小數,"[""N-3-10""]",[],"[""G3-16-06""]","[""G3-16-06""]",direct,high,"[""7.6+1.5=9.1 一位小數進位加法，對應 G3-16-06「2個一位小數進位加法」""]",include,first_pass
G3-翰林-113下-期末2-P01_R01_桃子腳國小_新北市_3年級_數學_113下_期末2_翰林::ql-q20,"[""G3-翰林-113下-期末2-P01_R01_桃子腳國小_新北市_3年級_數學_113下_期末2_翰林::三-1"", ""G3-翰林-113下-期末2-P01_R01_桃子腳國小_新北市_3年級_數學_113下_期末2_翰林::三-2""]",G3-翰林-113下-期末2-P01_R01_桃子腳國小_新北市_3年級_數學_113下_期末2_翰林,question_item,verified,source_materials/tcool_math_g1_g4_康軒_翰林/grade-3/翰林/questions/P01_R01_桃子腳國小_新北市_3年級_數學_113下_期末2_翰林_題目卷.pdf,1,"[0, 0, 4047, 5732]",source_materials/tcool_math_g1_g4_康軒_翰林/_analysis/pilot/pages/G3-_-113_-_2-P01_R01_____3____113___2__/page-1.jpg,三-6-(1),根據下圖回答問題（風箏狀圖形疊於方格紙上）：(1)是由( )個1格和( )個半格合起來的圖形。,[],source_materials/tcool_math_g1_g4_康軒_翰林/grade-3/翰林/answers/P01_R01_桃子腳國小_新北市_3年級_數學_113下_期末2_翰林_答案卷.pdf,1,依答案卷所載為12個整格、6個半格，與答案卷「(12)(6)」一致。,12個1格，6個半格,verified,visual_manual_required,翰林,G3,113,下,期末2,,,,翰林 G3 下 第9章 面積,"[""N-3-14""]",[],"[""G3-12-01""]",[],partial,medium,"[""方格圖1格+半格組成計數，屬面積概念但涉及圖像計數非該章單一skill完整涵蓋""]",uncertain_review,first_pass
G3-翰林-113下-期末2-P01_R01_桃子腳國小_新北市_3年級_數學_113下_期末2_翰林::ql-q21,"[""G3-翰林-113下-期末2-P01_R01_桃子腳國小_新北市_3年級_數學_113下_期末2_翰林::三-1"", ""G3-翰林-113下-期末2-P01_R01_桃子腳國小_新北市_3年級_數學_113下_期末2_翰林::三-2""]",G3-翰林-113下-期末2-P01_R01_桃子腳國小_新北市_3年級_數學_113下_期末2_翰林,question_item,verified,source_materials/tcool_math_g1_g4_康軒_翰林/grade-3/翰林/questions/P01_R01_桃子腳國小_新北市_3年級_數學_113下_期末2_翰林_題目卷.pdf,1,"[0, 0, 4047, 5732]",source_materials/tcool_math_g1_g4_康軒_翰林/_analysis/pilot/pages/G3-_-113_-_2-P01_R01_____3____113___2__/page-1.jpg,三-6-(2),(2)每個小方格都是1平方公分，塗色部分面積是( )平方公分。,[],source_materials/tcool_math_g1_g4_康軒_翰林/grade-3/翰林/answers/P01_R01_桃子腳國小_新北市_3年級_數學_113下_期末2_翰林_答案卷.pdf,1,依三-6-(1)之組成：12個整格+6個半格=12+6×0.5=12+3=15平方公分，與答案卷「(15)」一致，可由(1)之組成獨立算得。,15,verified,independent_calculation,翰林,G3,113,下,期末2,,,,翰林 G3 下 第9章 面積,"[""N-3-14""]",[],"[""G3-12-02""]","[""G3-12-02""]",direct,high,"[""由(1)組成獨立算得塗色面積15平方公分，對應 G3-12-02""]",include,first_pass
G3-翰林-113下-期末2-P01_R01_桃子腳國小_新北市_3年級_數學_113下_期末2_翰林::ql-q22,"[""G3-翰林-113下-期末2-P01_R01_桃子腳國小_新北市_3年級_數學_113下_期末2_翰林::三-1"", ""G3-翰林-113下-期末2-P01_R01_桃子腳國小_新北市_3年級_數學_113下_期末2_翰林::三-2""]",G3-翰林-113下-期末2-P01_R01_桃子腳國小_新北市_3年級_數學_113下_期末2_翰林,question_item,verified,source_materials/tcool_math_g1_g4_康軒_翰林/grade-3/翰林/questions/P01_R01_桃子腳國小_新北市_3年級_數學_113下_期末2_翰林_題目卷.pdf,2,"[0, 0, 4047, 5732]",source_materials/tcool_math_g1_g4_康軒_翰林/_analysis/pilot/pages/G3-_-113_-_2-P01_R01_____3____113___2__/page-2.jpg,三-7-(1),請依照電視節目播出時刻表回答問題（8:00財經新聞/10:00廚神出招/11:00卡通世界/12:00午間新聞/13:00懷舊電影/16:30生活智慧王）。(1)爸爸買菜回家，回到家正好是上午11時10分，他正好可以看到哪一個節目？,[],source_materials/tcool_math_g1_g4_康軒_翰林/grade-3/翰林/answers/P01_R01_桃子腳國小_新北市_3年級_數學_113下_期末2_翰林_答案卷.pdf,2,11:10落在11:00-12:00區間，播出節目為卡通世界。與答案卷「卡通世界」一致。,卡通世界,verified,independent_calculation,翰林,G3,113,下,期末2,,,,翰林 G3 下 第7章 時間,"[""N-3-17""]",[],"[""G3-17-01""]","[""G3-17-01""]",direct,high,"[""電視節目時刻表查詢，對應 G3-17-01「24小時報時制在生活中的運用」""]",include,first_pass
G3-翰林-113下-期末2-P01_R01_桃子腳國小_新北市_3年級_數學_113下_期末2_翰林::ql-q23,"[""G3-翰林-113下-期末2-P01_R01_桃子腳國小_新北市_3年級_數學_113下_期末2_翰林::三-1"", ""G3-翰林-113下-期末2-P01_R01_桃子腳國小_新北市_3年級_數學_113下_期末2_翰林::三-2""]",G3-翰林-113下-期末2-P01_R01_桃子腳國小_新北市_3年級_數學_113下_期末2_翰林,question_item,verified,source_materials/tcool_math_g1_g4_康軒_翰林/grade-3/翰林/questions/P01_R01_桃子腳國小_新北市_3年級_數學_113下_期末2_翰林_題目卷.pdf,2,"[0, 0, 4047, 5732]",source_materials/tcool_math_g1_g4_康軒_翰林/_analysis/pilot/pages/G3-_-113_-_2-P01_R01_____3____113___2__/page-2.jpg,三-7-(2),(2)悠悠放學了，下午4時15分回到家，她是否來得及看「生活智慧王」的節目？(填是或否),[],source_materials/tcool_math_g1_g4_康軒_翰林/grade-3/翰林/answers/P01_R01_桃子腳國小_新北市_3年級_數學_113下_期末2_翰林_答案卷.pdf,2,生活智慧王16:30播出，16:15早於16:30，來得及。與答案卷「是」一致。,是,verified,independent_calculation,翰林,G3,113,下,期末2,,,,翰林 G3 下 第7章 時間,"[""N-3-17""]",[],"[""G3-17-01""]","[""G3-17-01""]",direct,high,"[""同 q22：來得及看節目判斷""]",include,first_pass
G3-翰林-113下-期末2-P01_R01_桃子腳國小_新北市_3年級_數學_113下_期末2_翰林::ql-q24,"[""G3-翰林-113下-期末2-P01_R01_桃子腳國小_新北市_3年級_數學_113下_期末2_翰林::三-1"", ""G3-翰林-113下-期末2-P01_R01_桃子腳國小_新北市_3年級_數學_113下_期末2_翰林::三-2""]",G3-翰林-113下-期末2-P01_R01_桃子腳國小_新北市_3年級_數學_113下_期末2_翰林,question_item,verified,source_materials/tcool_math_g1_g4_康軒_翰林/grade-3/翰林/questions/P01_R01_桃子腳國小_新北市_3年級_數學_113下_期末2_翰林_題目卷.pdf,2,"[0, 0, 4047, 5732]",source_materials/tcool_math_g1_g4_康軒_翰林/_analysis/pilot/pages/G3-_-113_-_2-P01_R01_____3____113___2__/page-2.jpg,三-8,奶奶搭乘火車從臺南站到臺中站花2小時12分鐘，抵達臺中站的時間是上午10時45分，請問奶奶是上午( )時( )分從臺南站出發的。,[],source_materials/tcool_math_g1_g4_康軒_翰林/grade-3/翰林/answers/P01_R01_桃子腳國小_新北市_3年級_數學_113下_期末2_翰林_答案卷.pdf,2,10:45-2:12=8:33。與答案卷「(8)(33)」一致。,8時33分,verified,independent_calculation,翰林,G3,113,下,期末2,,,,翰林 G3 下 第7章 時間,"[""N-3-17""]",[],"[""G3-15-08""]","[""G3-15-08""]",direct,high,"[""火車行程時間反推出發時刻，對應 G3-15-08 之逆推應用""]",include,first_pass
G3-翰林-113下-期末2-P01_R01_桃子腳國小_新北市_3年級_數學_113下_期末2_翰林::ql-q25,"[""G3-翰林-113下-期末2-P01_R01_桃子腳國小_新北市_3年級_數學_113下_期末2_翰林::三-1"", ""G3-翰林-113下-期末2-P01_R01_桃子腳國小_新北市_3年級_數學_113下_期末2_翰林::三-2""]",G3-翰林-113下-期末2-P01_R01_桃子腳國小_新北市_3年級_數學_113下_期末2_翰林,question_item,verified,source_materials/tcool_math_g1_g4_康軒_翰林/grade-3/翰林/questions/P01_R01_桃子腳國小_新北市_3年級_數學_113下_期末2_翰林_題目卷.pdf,2,"[0, 0, 4047, 5732]",source_materials/tcool_math_g1_g4_康軒_翰林/_analysis/pilot/pages/G3-_-113_-_2-P01_R01_____3____113___2__/page-2.jpg,三-9-a,請在( )中填入正確答案：4×□=76，□=( )÷( ),[],source_materials/tcool_math_g1_g4_康軒_翰林/grade-3/翰林/answers/P01_R01_桃子腳國小_新北市_3年級_數學_113下_期末2_翰林_答案卷.pdf,2,由乘除互逆關係，□=76÷4（本題只要求填出正確的逆運算算式，非計算最終值）。與答案卷「(76)(4)」一致。,76÷4,verified,independent_calculation,翰林,G3,113,下,期末2,,,,翰林 G3 下 第8章 乘與除,"[""N-3-6""]",[],[],[],partial,medium,"[""4x□=76 乘除互逆關係填空，屬乘除概念但無單一對應skill""]",uncertain_review,first_pass
G3-翰林-113下-期末2-P01_R01_桃子腳國小_新北市_3年級_數學_113下_期末2_翰林::ql-q26,"[""G3-翰林-113下-期末2-P01_R01_桃子腳國小_新北市_3年級_數學_113下_期末2_翰林::三-1"", ""G3-翰林-113下-期末2-P01_R01_桃子腳國小_新北市_3年級_數學_113下_期末2_翰林::三-2""]",G3-翰林-113下-期末2-P01_R01_桃子腳國小_新北市_3年級_數學_113下_期末2_翰林,question_item,verified,source_materials/tcool_math_g1_g4_康軒_翰林/grade-3/翰林/questions/P01_R01_桃子腳國小_新北市_3年級_數學_113下_期末2_翰林_題目卷.pdf,2,"[0, 0, 4047, 5732]",source_materials/tcool_math_g1_g4_康軒_翰林/_analysis/pilot/pages/G3-_-113_-_2-P01_R01_____3____113___2__/page-2.jpg,三-9-b,△÷8=11，△=( )×( ),[],source_materials/tcool_math_g1_g4_康軒_翰林/grade-3/翰林/answers/P01_R01_桃子腳國小_新北市_3年級_數學_113下_期末2_翰林_答案卷.pdf,2,由除法互逆關係，△=11×8。與答案卷「(11)(8)」一致。,11×8,verified,independent_calculation,翰林,G3,113,下,期末2,,,,翰林 G3 下 第8章 乘與除,"[""N-3-6""]",[],[],[],partial,medium,"[""同 q25：△÷8=11 互逆關係""]",uncertain_review,first_pass
G3-翰林-113下-期末2-P01_R01_桃子腳國小_新北市_3年級_數學_113下_期末2_翰林::ql-q27,"[""G3-翰林-113下-期末2-P01_R01_桃子腳國小_新北市_3年級_數學_113下_期末2_翰林::三-1"", ""G3-翰林-113下-期末2-P01_R01_桃子腳國小_新北市_3年級_數學_113下_期末2_翰林::三-2""]",G3-翰林-113下-期末2-P01_R01_桃子腳國小_新北市_3年級_數學_113下_期末2_翰林,question_item,verified,source_materials/tcool_math_g1_g4_康軒_翰林/grade-3/翰林/questions/P01_R01_桃子腳國小_新北市_3年級_數學_113下_期末2_翰林_題目卷.pdf,2,"[0, 0, 4047, 5732]",source_materials/tcool_math_g1_g4_康軒_翰林/_analysis/pilot/pages/G3-_-113_-_2-P01_R01_____3____113___2__/page-2.jpg,三-9-c,78÷◇=6，◇=( )÷( ),[],source_materials/tcool_math_g1_g4_康軒_翰林/grade-3/翰林/answers/P01_R01_桃子腳國小_新北市_3年級_數學_113下_期末2_翰林_答案卷.pdf,2,由除法互逆關係，◇=78÷6。與答案卷「(78)(6)」一致。,78÷6,verified,independent_calculation,翰林,G3,113,下,期末2,,,,翰林 G3 下 第8章 乘與除,"[""N-3-6""]",[],[],[],partial,medium,"[""同 q25：78÷◇=6 互逆關係""]",uncertain_review,first_pass
G3-翰林-113下-期末2-P01_R01_桃子腳國小_新北市_3年級_數學_113下_期末2_翰林::ql-q28,"[""G3-翰林-113下-期末2-P01_R01_桃子腳國小_新北市_3年級_數學_113下_期末2_翰林::三-1"", ""G3-翰林-113下-期末2-P01_R01_桃子腳國小_新北市_3年級_數學_113下_期末2_翰林::三-2""]",G3-翰林-113下-期末2-P01_R01_桃子腳國小_新北市_3年級_數學_113下_期末2_翰林,question_item,verified,source_materials/tcool_math_g1_g4_康軒_翰林/grade-3/翰林/questions/P01_R01_桃子腳國小_新北市_3年級_數學_113下_期末2_翰林_題目卷.pdf,2,"[0, 0, 4047, 5732]",source_materials/tcool_math_g1_g4_康軒_翰林/_analysis/pilot/pages/G3-_-113_-_2-P01_R01_____3____113___2__/page-2.jpg,三-10-(1),下方表格中，左邊算式和右邊哪個算式的答案接近，在□裡打✓。(1) 19×6 ：□ㄅ20×6 / □ㄆ10×6,"[""ㄅ 20×6"", ""ㄆ 10×6""]",source_materials/tcool_math_g1_g4_康軒_翰林/grade-3/翰林/answers/P01_R01_桃子腳國小_新北市_3年級_數學_113下_期末2_翰林_答案卷.pdf,2,19接近20（非10），故19×6接近20×6。與答案卷勾選ㄅ一致。,ㄅ 20×6,verified,independent_calculation,翰林,G3,113,下,期末2,,,,,"[""N-3-3""]",[],[],[],uncertain,low,"[""估算比較(19x6≈20x6)，翰林G3下該範圍章節無估算專項skill，保留uncertain""]",uncertain_review,first_pass
G3-翰林-113下-期末2-P01_R01_桃子腳國小_新北市_3年級_數學_113下_期末2_翰林::ql-q29,"[""G3-翰林-113下-期末2-P01_R01_桃子腳國小_新北市_3年級_數學_113下_期末2_翰林::三-1"", ""G3-翰林-113下-期末2-P01_R01_桃子腳國小_新北市_3年級_數學_113下_期末2_翰林::三-2""]",G3-翰林-113下-期末2-P01_R01_桃子腳國小_新北市_3年級_數學_113下_期末2_翰林,question_item,verified,source_materials/tcool_math_g1_g4_康軒_翰林/grade-3/翰林/questions/P01_R01_桃子腳國小_新北市_3年級_數學_113下_期末2_翰林_題目卷.pdf,2,"[0, 0, 4047, 5732]",source_materials/tcool_math_g1_g4_康軒_翰林/_analysis/pilot/pages/G3-_-113_-_2-P01_R01_____3____113___2__/page-2.jpg,三-10-(2),(2) 5×205：□ㄅ5×300 / □ㄆ5×200,"[""ㄅ 5×300"", ""ㄆ 5×200""]",source_materials/tcool_math_g1_g4_康軒_翰林/grade-3/翰林/answers/P01_R01_桃子腳國小_新北市_3年級_數學_113下_期末2_翰林_答案卷.pdf,2,205接近200（非300）。與答案卷勾選ㄆ一致。,ㄆ 5×200,verified,independent_calculation,翰林,G3,113,下,期末2,,,,,"[""N-3-3""]",[],[],[],uncertain,low,"[""同 q28""]",uncertain_review,first_pass
G3-翰林-113下-期末2-P01_R01_桃子腳國小_新北市_3年級_數學_113下_期末2_翰林::ql-q30,"[""G3-翰林-113下-期末2-P01_R01_桃子腳國小_新北市_3年級_數學_113下_期末2_翰林::三-1"", ""G3-翰林-113下-期末2-P01_R01_桃子腳國小_新北市_3年級_數學_113下_期末2_翰林::三-2""]",G3-翰林-113下-期末2-P01_R01_桃子腳國小_新北市_3年級_數學_113下_期末2_翰林,question_item,verified,source_materials/tcool_math_g1_g4_康軒_翰林/grade-3/翰林/questions/P01_R01_桃子腳國小_新北市_3年級_數學_113下_期末2_翰林_題目卷.pdf,2,"[0, 0, 4047, 5732]",source_materials/tcool_math_g1_g4_康軒_翰林/_analysis/pilot/pages/G3-_-113_-_2-P01_R01_____3____113___2__/page-2.jpg,三-10-(3),(3) 4×198：□ㄅ4×100 / □ㄆ4×200,"[""ㄅ 4×100"", ""ㄆ 4×200""]",source_materials/tcool_math_g1_g4_康軒_翰林/grade-3/翰林/answers/P01_R01_桃子腳國小_新北市_3年級_數學_113下_期末2_翰林_答案卷.pdf,2,198接近200（非100）。與答案卷勾選ㄆ一致。,ㄆ 4×200,verified,independent_calculation,翰林,G3,113,下,期末2,,,,,"[""N-3-3""]",[],[],[],uncertain,low,"[""同 q28""]",uncertain_review,first_pass
G3-翰林-113下-期末2-P01_R01_桃子腳國小_新北市_3年級_數學_113下_期末2_翰林::ql-q31,"[""G3-翰林-113下-期末2-P01_R01_桃子腳國小_新北市_3年級_數學_113下_期末2_翰林::三-1"", ""G3-翰林-113下-期末2-P01_R01_桃子腳國小_新北市_3年級_數學_113下_期末2_翰林::三-2""]",G3-翰林-113下-期末2-P01_R01_桃子腳國小_新北市_3年級_數學_113下_期末2_翰林,question_item,verified,source_materials/tcool_math_g1_g4_康軒_翰林/grade-3/翰林/questions/P01_R01_桃子腳國小_新北市_3年級_數學_113下_期末2_翰林_題目卷.pdf,2,"[0, 0, 4047, 5732]",source_materials/tcool_math_g1_g4_康軒_翰林/_analysis/pilot/pages/G3-_-113_-_2-P01_R01_____3____113___2__/page-2.jpg,三-11,下面是麵包店上午10時前各種口味的牛角麵包賣出情形的紀錄表，請你幫他完成表格。原味牛角：售價( )元，賣出9個，總價252元。紅豆：售價35元，賣出7個，總價( )元。巧克力：售價( )元，賣出8個，總價320元。,[],source_materials/tcool_math_g1_g4_康軒_翰林/grade-3/翰林/answers/P01_R01_桃子腳國小_新北市_3年級_數學_113下_期末2_翰林_答案卷.pdf,2,252÷9=28；35×7=245；320÷8=40。與答案卷「(28)(245)(40)」一致。,原味牛角售價28元；紅豆總價245元；巧克力售價40元,verified,independent_calculation,翰林,G3,113,下,期末2,,,,翰林 G3 下 第8章 乘與除,"[""N-3-6""]",[],[],[],partial,medium,"[""麵包店表格除法/乘法反推售價與總價，屬乘除應用但表格形式非單一skill明確對應""]",uncertain_review,first_pass
G3-翰林-113下-期末2-P01_R01_桃子腳國小_新北市_3年級_數學_113下_期末2_翰林::ql-q32,[],G3-翰林-113下-期末2-P01_R01_桃子腳國小_新北市_3年級_數學_113下_期末2_翰林,question_item,verified,source_materials/tcool_math_g1_g4_康軒_翰林/grade-3/翰林/questions/P01_R01_桃子腳國小_新北市_3年級_數學_113下_期末2_翰林_題目卷.pdf,2,"[0, 0, 4047, 5732]",source_materials/tcool_math_g1_g4_康軒_翰林/_analysis/pilot/pages/G3-_-113_-_2-P01_R01_____3____113___2__/page-2.jpg,四-1,寫出直式算算看：❶35.3-24.9=( ),[],source_materials/tcool_math_g1_g4_康軒_翰林/grade-3/翰林/answers/P01_R01_桃子腳國小_新北市_3年級_數學_113下_期末2_翰林_答案卷.pdf,2,35.3-24.9=10.4。與答案卷「(10.4)」一致。,10.4,verified,independent_calculation,翰林,G3,113,下,期末2,,,,翰林 G3 下 第6章 一位小數,"[""N-3-10""]",[],"[""G3-16-07""]","[""G3-16-07""]",direct,high,"[""35.3-24.9=10.4 一位小數退位減法，對應 G3-16-08「2個一位小數退位減法」""]",include,first_pass
G3-翰林-113下-期末2-P01_R01_桃子腳國小_新北市_3年級_數學_113下_期末2_翰林::ql-q33,[],G3-翰林-113下-期末2-P01_R01_桃子腳國小_新北市_3年級_數學_113下_期末2_翰林,question_item,verified,source_materials/tcool_math_g1_g4_康軒_翰林/grade-3/翰林/questions/P01_R01_桃子腳國小_新北市_3年級_數學_113下_期末2_翰林_題目卷.pdf,2,"[0, 0, 4047, 5732]",source_materials/tcool_math_g1_g4_康軒_翰林/_analysis/pilot/pages/G3-_-113_-_2-P01_R01_____3____113___2__/page-2.jpg,四-2,❷54.7+15.3=( ),[],source_materials/tcool_math_g1_g4_康軒_翰林/grade-3/翰林/answers/P01_R01_桃子腳國小_新北市_3年級_數學_113下_期末2_翰林_答案卷.pdf,2,54.7+15.3=70.0。與答案卷「(70)」一致。,70,verified,independent_calculation,翰林,G3,113,下,期末2,,,,翰林 G3 下 第6章 一位小數,"[""N-3-10""]",[],"[""G3-16-06""]","[""G3-16-06""]",direct,high,"[""54.7+15.3=70.0 一位小數進位加法，對應 G3-16-06""]",include,first_pass
G3-翰林-113下-期末2-P01_R01_桃子腳國小_新北市_3年級_數學_113下_期末2_翰林::ql-q34,[],G3-翰林-113下-期末2-P01_R01_桃子腳國小_新北市_3年級_數學_113下_期末2_翰林,question_item,verified,source_materials/tcool_math_g1_g4_康軒_翰林/grade-3/翰林/questions/P01_R01_桃子腳國小_新北市_3年級_數學_113下_期末2_翰林_題目卷.pdf,2,"[0, 0, 4047, 5732]",source_materials/tcool_math_g1_g4_康軒_翰林/_analysis/pilot/pages/G3-_-113_-_2-P01_R01_____3____113___2__/page-2.jpg,五-1,請用直式算算看，再驗算。❶146÷7=( )...( ),[],source_materials/tcool_math_g1_g4_康軒_翰林/grade-3/翰林/answers/P01_R01_桃子腳國小_新北市_3年級_數學_113下_期末2_翰林_答案卷.pdf,2,7×20=140，146-140=6，商20餘6；驗算20×7+6=146。與答案卷「(20)(6)」一致。,20...6,verified,independent_calculation,翰林,G3,113,下,期末2,,,,翰林 G3 下 第8章 乘與除,"[""N-3-5""]",[],"[""G3-11-02""]","[""G3-11-02""]",direct,high,"[""official N-3-5 除以一位數"", ""publisher ('翰林', 'G3', '下', 8)"", ""146÷7=20...6 兩位數除以一位數有餘數，對應 G3-11-02""]",include,first_pass
G3-翰林-113下-期末2-P01_R01_桃子腳國小_新北市_3年級_數學_113下_期末2_翰林::ql-q35,[],G3-翰林-113下-期末2-P01_R01_桃子腳國小_新北市_3年級_數學_113下_期末2_翰林,question_item,verified,source_materials/tcool_math_g1_g4_康軒_翰林/grade-3/翰林/questions/P01_R01_桃子腳國小_新北市_3年級_數學_113下_期末2_翰林_題目卷.pdf,2,"[0, 0, 4047, 5732]",source_materials/tcool_math_g1_g4_康軒_翰林/_analysis/pilot/pages/G3-_-113_-_2-P01_R01_____3____113___2__/page-2.jpg,五-2,❷468÷9=( )...( ),[],source_materials/tcool_math_g1_g4_康軒_翰林/grade-3/翰林/answers/P01_R01_桃子腳國小_新北市_3年級_數學_113下_期末2_翰林_答案卷.pdf,2,9×52=468，餘0；驗算52×9=468。與答案卷「(52)(0)」一致。,52...0,verified,independent_calculation,翰林,G3,113,下,期末2,,,,翰林 G3 下 第8章 乘與除,"[""N-3-5""]",[],"[""G3-11-04""]","[""G3-11-04""]",direct,high,"[""468÷9=52...0 三位數除以一位數沒有餘數，對應 G3-11-04""]",include,first_pass
G3-翰林-113下-期末2-P01_R01_桃子腳國小_新北市_3年級_數學_113下_期末2_翰林::ql-q36,[],G3-翰林-113下-期末2-P01_R01_桃子腳國小_新北市_3年級_數學_113下_期末2_翰林,question_item,verified,source_materials/tcool_math_g1_g4_康軒_翰林/grade-3/翰林/questions/P01_R01_桃子腳國小_新北市_3年級_數學_113下_期末2_翰林_題目卷.pdf,2,"[0, 0, 4047, 5732]",source_materials/tcool_math_g1_g4_康軒_翰林/_analysis/pilot/pages/G3-_-113_-_2-P01_R01_____3____113___2__/page-2.jpg,六,根據提示畫畫看。每個方格是1平方公分，以粗黑線為圖形的一邊，畫出面積是12平方公分的圖形(描出圖形邊界並上色)。,[],source_materials/tcool_math_g1_g4_康軒_翰林/grade-3/翰林/answers/P01_R01_桃子腳國小_新北市_3年級_數學_113下_期末2_翰林_答案卷.pdf,2,答案卷本身標示「(略)」，屬開放式作圖題，無單一固定文字答案，不計入 verified 可用題，留待人工檢視所繪圖形面積是否恰為12平方公分。,略（開放式作圖題，任何面積為12平方公分且以給定粗黑線為一邊之圖形皆可）,needs_review,visual_manual_required,翰林,G3,113,下,期末2,,,,翰林 G3 下 第9章 面積,"[""N-3-14""]",[],[],[],uncertain,low,"[""開放式作圖題(畫12平方公分圖形)，無固定文字答案，已於answerStatus標needs_review，對齊亦保留uncertain""]",uncertain_review,first_pass
G3-翰林-113下-期末2-P01_R01_桃子腳國小_新北市_3年級_數學_113下_期末2_翰林::ql-q37,[],G3-翰林-113下-期末2-P01_R01_桃子腳國小_新北市_3年級_數學_113下_期末2_翰林,question_item,verified,source_materials/tcool_math_g1_g4_康軒_翰林/grade-3/翰林/questions/P01_R01_桃子腳國小_新北市_3年級_數學_113下_期末2_翰林_題目卷.pdf,3,"[0, 0, 4047, 5732]",source_materials/tcool_math_g1_g4_康軒_翰林/_analysis/pilot/pages/G3-_-113_-_2-P01_R01_____3____113___2__/page-3.jpg,七-1-(1),（糖糖生日派對情境）太陽餅分享大作戰：爸爸買了12盒太陽餅，每盒10個。他打算自己留下3.8盒當作家裡的點心，其他的太陽餅就要送給來參加派對的親友們享用。請問，爸爸最後送給親友幾盒太陽餅呢？,[],source_materials/tcool_math_g1_g4_康軒_翰林/grade-3/翰林/answers/P01_R01_桃子腳國小_新北市_3年級_數學_113下_期末2_翰林_答案卷.pdf,3,12-3.8=8.2。與答案卷「12-3.8=8.2 答:8.2盒」一致。,8.2 盒,verified,independent_calculation,翰林,G3,113,下,期末2,,,,翰林 G3 下 第6章 一位小數,"[""N-3-10""]",[],"[""G3-16-07""]","[""G3-16-07""]",direct,high,"[""12-3.8=8.2 一位小數退位減法應用題(太陽餅)，對應 G3-16-08""]",include,first_pass
G3-翰林-113下-期末2-P01_R01_桃子腳國小_新北市_3年級_數學_113下_期末2_翰林::ql-q38,[],G3-翰林-113下-期末2-P01_R01_桃子腳國小_新北市_3年級_數學_113下_期末2_翰林,question_item,verified,source_materials/tcool_math_g1_g4_康軒_翰林/grade-3/翰林/questions/P01_R01_桃子腳國小_新北市_3年級_數學_113下_期末2_翰林_題目卷.pdf,3,"[0, 0, 4047, 5732]",source_materials/tcool_math_g1_g4_康軒_翰林/_analysis/pilot/pages/G3-_-113_-_2-P01_R01_____3____113___2__/page-3.jpg,七-1-(2),禮物包裝小幫手：糖糖想送每一位好朋友一個小禮物，她拿了一條長80.2公分的漂亮緞帶來包裝禮物。包好幾個禮物後，緞帶剩下59公分。請問，糖糖總共用了多少公分的緞帶來包禮物呢？,[],source_materials/tcool_math_g1_g4_康軒_翰林/grade-3/翰林/answers/P01_R01_桃子腳國小_新北市_3年級_數學_113下_期末2_翰林_答案卷.pdf,3,80.2-59=21.2。與答案卷「80.2-59=21.2 答:21.2公分」一致。,21.2 公分,verified,independent_calculation,翰林,G3,113,下,期末2,,,,翰林 G3 下 第6章 一位小數,"[""N-3-10""]",[],"[""G3-16-07""]","[""G3-16-07""]",direct,high,"[""80.2-59=21.2 一位小數減整數應用題(緞帶)，對應 G3-16-08""]",include,first_pass
G3-翰林-113下-期末2-P01_R01_桃子腳國小_新北市_3年級_數學_113下_期末2_翰林::ql-q39,[],G3-翰林-113下-期末2-P01_R01_桃子腳國小_新北市_3年級_數學_113下_期末2_翰林,question_item,verified,source_materials/tcool_math_g1_g4_康軒_翰林/grade-3/翰林/questions/P01_R01_桃子腳國小_新北市_3年級_數學_113下_期末2_翰林_題目卷.pdf,3,"[0, 0, 4047, 5732]",source_materials/tcool_math_g1_g4_康軒_翰林/_analysis/pilot/pages/G3-_-113_-_2-P01_R01_____3____113___2__/page-3.jpg,七-2,一盒櫻桃不知道有幾顆，媽媽將櫻桃平分成7盤，每盤有38顆，還剩下6顆，這盒櫻桃有幾顆？,[],source_materials/tcool_math_g1_g4_康軒_翰林/grade-3/翰林/answers/P01_R01_桃子腳國小_新北市_3年級_數學_113下_期末2_翰林_答案卷.pdf,3,38×7=266；266+6=272。與答案卷「38×7=266;266+6=272 答:272顆」一致。,272 顆,verified,independent_calculation,翰林,G3,113,下,期末2,,,,翰林 G3 下 第8章 乘與除,"[""N-3-6""]",[],"[""G3-06-14""]","[""G3-06-14""]",direct,high,"[""38x7+6=272 乘法加法混合應用題(櫻桃)，對應乘與除章節應用題類型 G3-06-14""]",include,first_pass
G3-翰林-113下-期末2-P01_R01_桃子腳國小_新北市_3年級_數學_113下_期末2_翰林::ql-q40,[],G3-翰林-113下-期末2-P01_R01_桃子腳國小_新北市_3年級_數學_113下_期末2_翰林,question_item,verified,source_materials/tcool_math_g1_g4_康軒_翰林/grade-3/翰林/questions/P01_R01_桃子腳國小_新北市_3年級_數學_113下_期末2_翰林_題目卷.pdf,3,"[0, 0, 4047, 5732]",source_materials/tcool_math_g1_g4_康軒_翰林/_analysis/pilot/pages/G3-_-113_-_2-P01_R01_____3____113___2__/page-3.jpg,七-3,自然老師帶了一些綠豆，平分給6個小組做綠豆芽種植的觀察，每個小組分到了48顆綠豆，自然老師原本帶了多少顆綠豆？,[],source_materials/tcool_math_g1_g4_康軒_翰林/grade-3/翰林/answers/P01_R01_桃子腳國小_新北市_3年級_數學_113下_期末2_翰林_答案卷.pdf,3,48×6=288。與答案卷「( )÷6=48;48×6=288 答:288顆」一致。,288 顆,verified,independent_calculation,翰林,G3,113,下,期末2,,,,翰林 G3 下 第8章 乘與除,"[""N-3-6""]",[],"[""G3-06-15""]","[""G3-06-15""]",direct,high,"[""48x6=288 除法逆推應用題(綠豆)，對應 G3-06-15 除法應用題(二)""]",include,first_pass
G3-翰林-113下-期末2-P01_R01_桃子腳國小_新北市_3年級_數學_113下_期末2_翰林::ql-q41,[],G3-翰林-113下-期末2-P01_R01_桃子腳國小_新北市_3年級_數學_113下_期末2_翰林,question_item,verified,source_materials/tcool_math_g1_g4_康軒_翰林/grade-3/翰林/questions/P01_R01_桃子腳國小_新北市_3年級_數學_113下_期末2_翰林_題目卷.pdf,3,"[0, 0, 4047, 5732]",source_materials/tcool_math_g1_g4_康軒_翰林/_analysis/pilot/pages/G3-_-113_-_2-P01_R01_____3____113___2__/page-3.jpg,七-4,老師同時發給樂樂和恩恩一篇相同的文章，兩人同時間讀，樂樂讀完整篇文章花了6分鐘22秒，恩恩則是花了378秒，請問誰花的時間比較長？,[],source_materials/tcool_math_g1_g4_康軒_翰林/grade-3/翰林/answers/P01_R01_桃子腳國小_新北市_3年級_數學_113下_期末2_翰林_答案卷.pdf,3,6分22秒=6×60+22=382秒；382>378，樂樂花的時間較長。與答案卷「382>378 答:樂樂」一致。,樂樂,verified,independent_calculation,翰林,G3,113,下,期末2,,,,翰林 G3 下 第7章 時間,"[""N-3-17""]",[],"[""G3-15-06""]","[""G3-15-06""]",direct,high,"[""6分22秒=382秒 vs 378秒比較，對應 G3-15-06「以秒為單位量度及比較時間間隔」""]",include,first_pass
G3-翰林-113下-期末2-P01_R01_桃子腳國小_新北市_3年級_數學_113下_期末2_翰林::ql-q42,[],G3-翰林-113下-期末2-P01_R01_桃子腳國小_新北市_3年級_數學_113下_期末2_翰林,question_item,verified,source_materials/tcool_math_g1_g4_康軒_翰林/grade-3/翰林/questions/P01_R01_桃子腳國小_新北市_3年級_數學_113下_期末2_翰林_題目卷.pdf,3,"[0, 0, 4047, 5732]",source_materials/tcool_math_g1_g4_康軒_翰林/_analysis/pilot/pages/G3-_-113_-_2-P01_R01_____3____113___2__/page-3.jpg,七-5,週六樂樂到秀泰影城看了兩部電影，第一部電影播放的時間是1小時24分鐘，第二部電影播放的時間是1小時28分鐘，請問樂樂看兩部電影共花幾小時幾分鐘？(寫出直式做做看),[],source_materials/tcool_math_g1_g4_康軒_翰林/grade-3/翰林/answers/P01_R01_桃子腳國小_新北市_3年級_數學_113下_期末2_翰林_答案卷.pdf,3,時：1+1=2；分：24+28=52（未滿60不需進位）。與答案卷「2/52 答:2小時52分鐘」一致。,2小時52分鐘,verified,independent_calculation,翰林,G3,113,下,期末2,,,,翰林 G3 下 第7章 時間,"[""N-3-17""]",[],"[""G3-15-10""]","[""G3-15-10""]",direct,high,"[""兩部電影播放時間相加，對應 G3-15-10「以分鐘為單位求時間間隔」""]",include,first_pass
G4-康軒-112下-期中1-P02_R06_安和國小_新北市_4年級_數學_112下_期中1_康軒::ql-q01,"[""G4-康軒-112下-期中1-P02_R06_安和國小_新北市_4年級_數學_112下_期中1_康軒::一-1""]",G4-康軒-112下-期中1-P02_R06_安和國小_新北市_4年級_數學_112下_期中1_康軒,question_item,verified,source_materials/tcool_math_g1_g4_康軒_翰林/grade-4/康軒/questions/P02_R06_安和國小_新北市_4年級_數學_112下_期中1_康軒_題目卷.pdf,1,"[0, 0, 4047, 5732]",source_materials/tcool_math_g1_g4_康軒_翰林/_analysis/pilot/pages/G4-_-112_-_1-P02_R06_____4____112___1__/page-1.jpg,一-1,下列關於四邊形的敘述，有幾個正確？(A)四邊形中四個角都是直角的只有正方形 (B)只有一雙對邊互相平行的是梯形 (C)四條邊都一樣長的有正方形、菱形和平行四邊形 (D)四邊形的對角線數量都一樣 (E)平行四邊形和菱形都有兩雙對邊互相平行，兩雙對角分別一樣大,"[""①1個"", ""②2個"", ""③3個"", ""④4個""]",source_materials/tcool_math_g1_g4_康軒_翰林/grade-4/康軒/answers/P02_R06_安和國小_新北市_4年級_數學_112下_期中1_康軒_答案卷.pdf,1,(A)錯：長方形亦四角皆直角但非正方形；(B)對；(C)錯：平行四邊形不保證四邊等長；(D)對：任意四邊形恰有2條對角線；(E)對。正確共B、D、E三項。與答案卷「3」一致。,③3個,verified,independent_calculation,康軒,G4,112,下,期中1,,,,康軒 G4 下 第2章 四邊形,"[""S-4-5"", ""S-4-8""]",[],"[""G4-12-08"", ""G4-12-09""]","[""G4-12-08"", ""G4-12-09""]",direct,high,"[""official S-4-5/S-4-8 垂直與平行/四邊形"", ""publisher 康軒 G4 下 第2章 四邊形"", ""四邊形性質綜合判斷，對應 G4-12-08/09 四邊形關係與邊角""]",include,first_pass
G4-康軒-112下-期中1-P02_R06_安和國小_新北市_4年級_數學_112下_期中1_康軒::ql-q02,"[""G4-康軒-112下-期中1-P02_R06_安和國小_新北市_4年級_數學_112下_期中1_康軒::一-1""]",G4-康軒-112下-期中1-P02_R06_安和國小_新北市_4年級_數學_112下_期中1_康軒,question_item,verified,source_materials/tcool_math_g1_g4_康軒_翰林/grade-4/康軒/questions/P02_R06_安和國小_新北市_4年級_數學_112下_期中1_康軒_題目卷.pdf,1,"[0, 0, 4047, 5732]",source_materials/tcool_math_g1_g4_康軒_翰林/_analysis/pilot/pages/G4-_-112_-_1-P02_R06_____4____112___1__/page-1.jpg,一-2,一個正方形面積36平方公尺，正方形的邊長是？,"[""①6公分"", ""②60公分"", ""③600公分"", ""④60000公分""]",source_materials/tcool_math_g1_g4_康軒_翰林/grade-4/康軒/answers/P02_R06_安和國小_新北市_4年級_數學_112下_期中1_康軒_答案卷.pdf,1,√36=6公尺=600公分。與答案卷「3」一致。,③600公分,verified,independent_calculation,康軒,G4,112,下,期中1,,,,康軒 G4 下 第6章 周長與面積,"[""N-4-11"", ""S-4-3""]",[],"[""G4-13-04""]","[""G4-13-04""]",direct,high,"[""official N-4-11/S-4-3 面積"", ""publisher 康軒 G4 下 第6章 周長與面積"", ""正方形面積36求邊長，對應 G4-13-04「運用面積公式求正方形的邊長(反推)」""]",include,first_pass
G4-康軒-112下-期中1-P02_R06_安和國小_新北市_4年級_數學_112下_期中1_康軒::ql-q03,"[""G4-康軒-112下-期中1-P02_R06_安和國小_新北市_4年級_數學_112下_期中1_康軒::一-1""]",G4-康軒-112下-期中1-P02_R06_安和國小_新北市_4年級_數學_112下_期中1_康軒,question_item,verified,source_materials/tcool_math_g1_g4_康軒_翰林/grade-4/康軒/questions/P02_R06_安和國小_新北市_4年級_數學_112下_期中1_康軒_題目卷.pdf,1,"[0, 0, 4047, 5732]",source_materials/tcool_math_g1_g4_康軒_翰林/_analysis/pilot/pages/G4-_-112_-_1-P02_R06_____4____112___1__/page-1.jpg,一-3,下列算式何者有誤？,"[""①480-280-100 =480-(280-100)"", ""②450+(188+70)=450+70+188"", ""③450÷9x7 =450x7÷9"", ""④480+20+70 =480+(20+70)""]",source_materials/tcool_math_g1_g4_康軒_翰林/grade-4/康軒/answers/P02_R06_安和國小_新北市_4年級_數學_112下_期中1_康軒_答案卷.pdf,1,①左式=100，右式=480-180=300，不相等，錯誤；②③④三式左右皆相等，成立。與答案卷「1」一致。,①480-280-100 =480-(280-100),verified,independent_calculation,康軒,G4,112,下,期中1,,,,康軒 G4 下 第8章 簡化計算,"[""R-4-2""]",[],"[""G4-15-01""]","[""G4-15-01""]",direct,high,"[""official R-4-2 四則計算規律(I)"", ""publisher 康軒 G4 下 第8章 簡化計算"", ""驗證結合律/交換律算式是否成立，對應 G4-15-01 快捷計算""]",include,first_pass
G4-康軒-112下-期中1-P02_R06_安和國小_新北市_4年級_數學_112下_期中1_康軒::ql-q04,"[""G4-康軒-112下-期中1-P02_R06_安和國小_新北市_4年級_數學_112下_期中1_康軒::一-1""]",G4-康軒-112下-期中1-P02_R06_安和國小_新北市_4年級_數學_112下_期中1_康軒,question_item,verified,source_materials/tcool_math_g1_g4_康軒_翰林/grade-4/康軒/questions/P02_R06_安和國小_新北市_4年級_數學_112下_期中1_康軒_題目卷.pdf,1,"[0, 0, 4047, 5732]",source_materials/tcool_math_g1_g4_康軒_翰林/_analysis/pilot/pages/G4-_-112_-_1-P02_R06_____4____112___1__/page-1.jpg,一-4,有一隻小螞蟻在數線上3.6的位置，要去搬一顆在數線上1.9的糖果，請問下列哪一個方式最後可以停在糖果處？,"[""①向右0.4再向左1.1"", ""②向左1.5再向右0.7"", ""③向左0.5再向左0.9"", ""④向左1.1再向左0.6""]",source_materials/tcool_math_g1_g4_康軒_翰林/grade-4/康軒/answers/P02_R06_安和國小_新北市_4年級_數學_112下_期中1_康軒_答案卷.pdf,1,①3.6+0.4-1.1=2.9；②3.6-1.5+0.7=2.8；③3.6-0.5-0.9=2.2；④3.6-1.1-0.6=1.9。僅④=1.9。與答案卷「4」一致。,④向左1.1再向左0.6,verified,independent_calculation,康軒,G4,112,下,期中1,,,,,"[""N-4-8""]",[],[],[],uncertain,low,"[""official N-4-8 數線與分數、小數；數線上小數移動題，康軒G4下無獨立數線章節，保留uncertain""]",uncertain_review,first_pass
G4-康軒-112下-期中1-P02_R06_安和國小_新北市_4年級_數學_112下_期中1_康軒::ql-q05,"[""G4-康軒-112下-期中1-P02_R06_安和國小_新北市_4年級_數學_112下_期中1_康軒::一-1""]",G4-康軒-112下-期中1-P02_R06_安和國小_新北市_4年級_數學_112下_期中1_康軒,question_item,verified,source_materials/tcool_math_g1_g4_康軒_翰林/grade-4/康軒/questions/P02_R06_安和國小_新北市_4年級_數學_112下_期中1_康軒_題目卷.pdf,1,"[0, 0, 4047, 5732]",source_materials/tcool_math_g1_g4_康軒_翰林/_analysis/pilot/pages/G4-_-112_-_1-P02_R06_____4____112___1__/page-1.jpg,一-5,以下敘述何者正確？,"[""①面積一樣大的圖形，周長一定不一樣長"", ""②長方形周長= 長x2+寬x2 = 長x寬"", ""③1平方公尺 = 100平方公分"", ""④正方形周長 = 邊長x4""]",source_materials/tcool_math_g1_g4_康軒_翰林/grade-4/康軒/answers/P02_R06_安和國小_新北市_4年級_數學_112下_期中1_康軒_答案卷.pdf,1,①錯(面積同周長可同可不同，非「一定不一樣」)；②錯(長×2+寬×2≠長×寬)；③錯(應為10000平方公分)；④正確。與答案卷「4」一致。,④正方形周長 = 邊長x4,verified,independent_calculation,康軒,G4,112,下,期中1,,,,康軒 G4 下 第6章 周長與面積,"[""N-4-11"", ""S-4-3""]",[],[],[],partial,medium,"[""面積/周長概念綜合敘述判斷，屬 CH6 但橫跨多個skill無單一對應""]",uncertain_review,first_pass
G4-康軒-112下-期中1-P02_R06_安和國小_新北市_4年級_數學_112下_期中1_康軒::ql-q06,"[""G4-康軒-112下-期中1-P02_R06_安和國小_新北市_4年級_數學_112下_期中1_康軒::二-1""]",G4-康軒-112下-期中1-P02_R06_安和國小_新北市_4年級_數學_112下_期中1_康軒,question_item,verified,source_materials/tcool_math_g1_g4_康軒_翰林/grade-4/康軒/questions/P02_R06_安和國小_新北市_4年級_數學_112下_期中1_康軒_題目卷.pdf,1,"[0, 0, 4047, 5732]",source_materials/tcool_math_g1_g4_康軒_翰林/_analysis/pilot/pages/G4-_-112_-_1-P02_R06_____4____112___1__/page-1.jpg,二-1,若知65000÷130=500，那650000÷1300=( )。,[],source_materials/tcool_math_g1_g4_康軒_翰林/grade-4/康軒/answers/P02_R06_安和國小_新北市_4年級_數學_112下_期中1_康軒_答案卷.pdf,1,被除數與除數同乘10，商不變：500。與答案卷「500」一致。,500,verified,independent_calculation,康軒,G4,112,下,期中1,,,,康軒 G4 下 第1章 多位數的乘與除,"[""N-4-2""]",[],[],[],partial,medium,"[""official N-4-2 較大位數之乘除計算"", ""publisher 康軒 G4 下 第1章 多位數的乘與除"", ""65000÷130推算650000÷1300商不變，屬除法規律但無單一對應skill""]",uncertain_review,first_pass
G4-康軒-112下-期中1-P02_R06_安和國小_新北市_4年級_數學_112下_期中1_康軒::ql-q07,"[""G4-康軒-112下-期中1-P02_R06_安和國小_新北市_4年級_數學_112下_期中1_康軒::二-1""]",G4-康軒-112下-期中1-P02_R06_安和國小_新北市_4年級_數學_112下_期中1_康軒,question_item,verified,source_materials/tcool_math_g1_g4_康軒_翰林/grade-4/康軒/questions/P02_R06_安和國小_新北市_4年級_數學_112下_期中1_康軒_題目卷.pdf,1,"[0, 0, 4047, 5732]",source_materials/tcool_math_g1_g4_康軒_翰林/_analysis/pilot/pages/G4-_-112_-_1-P02_R06_____4____112___1__/page-1.jpg,二-2-(1),若已知224 X 50 =11200。(1) 2.24 X 50 = ( )。,[],source_materials/tcool_math_g1_g4_康軒_翰林/grade-4/康軒/answers/P02_R06_安和國小_新北市_4年級_數學_112下_期中1_康軒_答案卷.pdf,1,2.24=224/100，故2.24×50=11200/100=112。與答案卷「112」一致。,112,verified,independent_calculation,康軒,G4,112,下,期中1,,,,康軒 G4 下 第5章 小數乘法,"[""N-4-7""]",[],"[""G4-09-01""]","[""G4-09-01""]",direct,high,"[""official N-4-7 二位小數"", ""publisher 康軒 G4 下 第5章 小數乘法"", ""2.24x50=112 由224x50=11200推算，對應 G4-09-01/02 二位小數概念""]",include,first_pass
G4-康軒-112下-期中1-P02_R06_安和國小_新北市_4年級_數學_112下_期中1_康軒::ql-q08,"[""G4-康軒-112下-期中1-P02_R06_安和國小_新北市_4年級_數學_112下_期中1_康軒::二-1""]",G4-康軒-112下-期中1-P02_R06_安和國小_新北市_4年級_數學_112下_期中1_康軒,question_item,verified,source_materials/tcool_math_g1_g4_康軒_翰林/grade-4/康軒/questions/P02_R06_安和國小_新北市_4年級_數學_112下_期中1_康軒_題目卷.pdf,1,"[0, 0, 4047, 5732]",source_materials/tcool_math_g1_g4_康軒_翰林/_analysis/pilot/pages/G4-_-112_-_1-P02_R06_____4____112___1__/page-1.jpg,二-2-(2),(2) 224000 X 500 = ( )。,[],source_materials/tcool_math_g1_g4_康軒_翰林/grade-4/康軒/answers/P02_R06_安和國小_新北市_4年級_數學_112下_期中1_康軒_答案卷.pdf,1,224000=224×1000；500=50×10；224000×500=(224×50)×(1000×10)=11200×10000=112000000。與答案卷「112000000」一致。,112000000,verified,independent_calculation,康軒,G4,112,下,期中1,,,,康軒 G4 下 第1章 多位數的乘與除,"[""N-4-2""]",[],[],[],partial,medium,"[""224000x500 大數乘法規律推算，屬CH1但無單一對應skill""]",uncertain_review,first_pass
G4-康軒-112下-期中1-P02_R06_安和國小_新北市_4年級_數學_112下_期中1_康軒::ql-q09,"[""G4-康軒-112下-期中1-P02_R06_安和國小_新北市_4年級_數學_112下_期中1_康軒::二-1""]",G4-康軒-112下-期中1-P02_R06_安和國小_新北市_4年級_數學_112下_期中1_康軒,question_item,verified,source_materials/tcool_math_g1_g4_康軒_翰林/grade-4/康軒/questions/P02_R06_安和國小_新北市_4年級_數學_112下_期中1_康軒_題目卷.pdf,1,"[0, 0, 4047, 5732]",source_materials/tcool_math_g1_g4_康軒_翰林/_analysis/pilot/pages/G4-_-112_-_1-P02_R06_____4____112___1__/page-1.jpg,二-3-(1),將以下四邊形沿著一條對角線剪開，可以剪成兩個全等三角形，分別是什麼三角形？(1) 菱形：兩個全等( )。,[],source_materials/tcool_math_g1_g4_康軒_翰林/grade-4/康軒/answers/P02_R06_安和國小_新北市_4年級_數學_112下_期中1_康軒_答案卷.pdf,1,菱形四邊等長，對角線剪開後兩三角形皆為等腰三角形。與答案卷「等腰三角形」一致。,等腰三角形,verified,independent_calculation,康軒,G4,112,下,期中1,,,,,"[""S-4-6""]",[],[],[],uncertain,low,"[""official S-4-6 平面圖形的全等；菱形沿對角線剪開為等腰三角形，康軒G4下無三角形專章(該內容於翰林G4上第7章)，版本間單元不可互用，保留uncertain""]",uncertain_review,first_pass
G4-康軒-112下-期中1-P02_R06_安和國小_新北市_4年級_數學_112下_期中1_康軒::ql-q10,"[""G4-康軒-112下-期中1-P02_R06_安和國小_新北市_4年級_數學_112下_期中1_康軒::二-1""]",G4-康軒-112下-期中1-P02_R06_安和國小_新北市_4年級_數學_112下_期中1_康軒,question_item,verified,source_materials/tcool_math_g1_g4_康軒_翰林/grade-4/康軒/questions/P02_R06_安和國小_新北市_4年級_數學_112下_期中1_康軒_題目卷.pdf,1,"[0, 0, 4047, 5732]",source_materials/tcool_math_g1_g4_康軒_翰林/_analysis/pilot/pages/G4-_-112_-_1-P02_R06_____4____112___1__/page-1.jpg,二-3-(2),(2) 長方形：兩個全等( )。,[],source_materials/tcool_math_g1_g4_康軒_翰林/grade-4/康軒/answers/P02_R06_安和國小_新北市_4年級_數學_112下_期中1_康軒_答案卷.pdf,1,長方形四角皆直角，對角線剪開後每個三角形皆保留一直角。與答案卷「直角三角形」一致。,直角三角形,verified,independent_calculation,康軒,G4,112,下,期中1,,,,,"[""S-4-6""]",[],[],[],uncertain,low,"[""同 q09：長方形沿對角線剪開為直角三角形""]",uncertain_review,first_pass
G4-康軒-112下-期中1-P02_R06_安和國小_新北市_4年級_數學_112下_期中1_康軒::ql-q11,"[""G4-康軒-112下-期中1-P02_R06_安和國小_新北市_4年級_數學_112下_期中1_康軒::二-1""]",G4-康軒-112下-期中1-P02_R06_安和國小_新北市_4年級_數學_112下_期中1_康軒,question_item,verified,source_materials/tcool_math_g1_g4_康軒_翰林/grade-4/康軒/questions/P02_R06_安和國小_新北市_4年級_數學_112下_期中1_康軒_題目卷.pdf,1,"[0, 0, 4047, 5732]",source_materials/tcool_math_g1_g4_康軒_翰林/_analysis/pilot/pages/G4-_-112_-_1-P02_R06_____4____112___1__/page-1.jpg,二-3-(3),(3) 正方形：兩個全等( )。,[],source_materials/tcool_math_g1_g4_康軒_翰林/grade-4/康軒/answers/P02_R06_安和國小_新北市_4年級_數學_112下_期中1_康軒_答案卷.pdf,1,正方形兼具菱形(等腰)與長方形(直角)性質，剪開後為等腰直角三角形。與答案卷「等腰直角三角形」一致。,等腰直角三角形,verified,independent_calculation,康軒,G4,112,下,期中1,,,,,"[""S-4-6""]",[],[],[],uncertain,low,"[""同 q09：正方形沿對角線剪開為等腰直角三角形""]",uncertain_review,first_pass
G4-康軒-112下-期中1-P02_R06_安和國小_新北市_4年級_數學_112下_期中1_康軒::ql-q12,"[""G4-康軒-112下-期中1-P02_R06_安和國小_新北市_4年級_數學_112下_期中1_康軒::二-1""]",G4-康軒-112下-期中1-P02_R06_安和國小_新北市_4年級_數學_112下_期中1_康軒,question_item,verified,source_materials/tcool_math_g1_g4_康軒_翰林/grade-4/康軒/questions/P02_R06_安和國小_新北市_4年級_數學_112下_期中1_康軒_題目卷.pdf,1,"[0, 0, 4047, 5732]",source_materials/tcool_math_g1_g4_康軒_翰林/_analysis/pilot/pages/G4-_-112_-_1-P02_R06_____4____112___1__/page-1.jpg,二-4,3500000平方公分= ( )平方公尺,[],source_materials/tcool_math_g1_g4_康軒_翰林/grade-4/康軒/answers/P02_R06_安和國小_新北市_4年級_數學_112下_期中1_康軒_答案卷.pdf,1,1平方公尺=10000平方公分；3500000÷10000=350。與答案卷「350」一致。,350,verified,independent_calculation,康軒,G4,112,下,期中1,,,,康軒 G4 下 第6章 周長與面積,"[""N-4-11""]",[],"[""G4-13-06""]","[""G4-13-06""]",direct,high,"[""3500000平方公分=350平方公尺，對應 G4-13-06「平方公分和平方公尺(單位換算)」""]",include,first_pass
G4-康軒-112下-期中1-P02_R06_安和國小_新北市_4年級_數學_112下_期中1_康軒::ql-q13,"[""G4-康軒-112下-期中1-P02_R06_安和國小_新北市_4年級_數學_112下_期中1_康軒::二-1""]",G4-康軒-112下-期中1-P02_R06_安和國小_新北市_4年級_數學_112下_期中1_康軒,question_item,verified,source_materials/tcool_math_g1_g4_康軒_翰林/grade-4/康軒/questions/P02_R06_安和國小_新北市_4年級_數學_112下_期中1_康軒_題目卷.pdf,1,"[0, 0, 4047, 5732]",source_materials/tcool_math_g1_g4_康軒_翰林/_analysis/pilot/pages/G4-_-112_-_1-P02_R06_____4____112___1__/page-1.jpg,二-5-(1),比大小：(1) 16平方公尺( )1600平方公分,[],source_materials/tcool_math_g1_g4_康軒_翰林/grade-4/康軒/answers/P02_R06_安和國小_新北市_4年級_數學_112下_期中1_康軒_答案卷.pdf,1,16平方公尺=160000平方公分＞1600平方公分。與答案卷「〉」一致。,>,verified,independent_calculation,康軒,G4,112,下,期中1,,,,康軒 G4 下 第6章 周長與面積,"[""N-4-11""]",[],"[""G4-13-06""]","[""G4-13-06""]",direct,high,"[""16平方公尺 vs 1600平方公分，對應 G4-13-06""]",include,first_pass
G4-康軒-112下-期中1-P02_R06_安和國小_新北市_4年級_數學_112下_期中1_康軒::ql-q14,"[""G4-康軒-112下-期中1-P02_R06_安和國小_新北市_4年級_數學_112下_期中1_康軒::二-1""]",G4-康軒-112下-期中1-P02_R06_安和國小_新北市_4年級_數學_112下_期中1_康軒,question_item,verified,source_materials/tcool_math_g1_g4_康軒_翰林/grade-4/康軒/questions/P02_R06_安和國小_新北市_4年級_數學_112下_期中1_康軒_題目卷.pdf,1,"[0, 0, 4047, 5732]",source_materials/tcool_math_g1_g4_康軒_翰林/_analysis/pilot/pages/G4-_-112_-_1-P02_R06_____4____112___1__/page-1.jpg,二-5-(2),(2) 0.7 x 600 ( ) 7 x 60,[],source_materials/tcool_math_g1_g4_康軒_翰林/grade-4/康軒/answers/P02_R06_安和國小_新北市_4年級_數學_112下_期中1_康軒_答案卷.pdf,1,0.7×600=420；7×60=420，相等。與答案卷「=」一致。,=,verified,independent_calculation,康軒,G4,112,下,期中1,,,,康軒 G4 下 第1章 多位數的乘與除,"[""N-4-2""]",[],[],[],uncertain,low,"[""0.7x600 vs 7x60 純算式比大小，非面積脈絡，且康軒G4下無獨立整數運算規律章節對應此比較型式，保留uncertain""]",uncertain_review,first_pass
G4-康軒-112下-期中1-P02_R06_安和國小_新北市_4年級_數學_112下_期中1_康軒::ql-q15,"[""G4-康軒-112下-期中1-P02_R06_安和國小_新北市_4年級_數學_112下_期中1_康軒::二-1""]",G4-康軒-112下-期中1-P02_R06_安和國小_新北市_4年級_數學_112下_期中1_康軒,question_item,verified,source_materials/tcool_math_g1_g4_康軒_翰林/grade-4/康軒/questions/P02_R06_安和國小_新北市_4年級_數學_112下_期中1_康軒_題目卷.pdf,1,"[0, 0, 4047, 5732]",source_materials/tcool_math_g1_g4_康軒_翰林/_analysis/pilot/pages/G4-_-112_-_1-P02_R06_____4____112___1__/page-1.jpg,二-5-(3),(3) 5200 x 300 ( ) 52 x 3000,[],source_materials/tcool_math_g1_g4_康軒_翰林/grade-4/康軒/answers/P02_R06_安和國小_新北市_4年級_數學_112下_期中1_康軒_答案卷.pdf,1,"5200×300=1,560,000；52×3000=156,000；前者較大。與答案卷「〉」一致。",>,verified,independent_calculation,康軒,G4,112,下,期中1,,,,康軒 G4 下 第1章 多位數的乘與除,"[""N-4-2""]",[],[],[],uncertain,low,"[""同 q14：5200x300 vs 52x3000""]",uncertain_review,first_pass
G4-康軒-112下-期中1-P02_R06_安和國小_新北市_4年級_數學_112下_期中1_康軒::ql-q16,"[""G4-康軒-112下-期中1-P02_R06_安和國小_新北市_4年級_數學_112下_期中1_康軒::二-1""]",G4-康軒-112下-期中1-P02_R06_安和國小_新北市_4年級_數學_112下_期中1_康軒,question_item,verified,source_materials/tcool_math_g1_g4_康軒_翰林/grade-4/康軒/questions/P02_R06_安和國小_新北市_4年級_數學_112下_期中1_康軒_題目卷.pdf,1,"[0, 0, 4047, 5732]",source_materials/tcool_math_g1_g4_康軒_翰林/_analysis/pilot/pages/G4-_-112_-_1-P02_R06_____4____112___1__/page-1.jpg,二-6-(1),(平行四邊形ABCD，A左上B右上D左下C右下) (1)把右圖全部的對角線畫出來。,[],source_materials/tcool_math_g1_g4_康軒_翰林/grade-4/康軒/answers/P02_R06_安和國小_新北市_4年級_數學_112下_期中1_康軒_答案卷.pdf,1,開放式作圖題，答案卷標示「略」，無固定文字答案，不計入verified可用題。,略（作圖題，畫出AC、BD兩條對角線）,needs_review,visual_manual_required,康軒,G4,112,下,期中1,,,,康軒 G4 下 第2章 四邊形,"[""S-4-5""]",[],"[""G4-12-05""]","[""G4-12-05""]",direct,high,"[""平行四邊形畫出全部對角線，對應 G4-12-05 認識平行四邊形""]",uncertain_review,first_pass
G4-康軒-112下-期中1-P02_R06_安和國小_新北市_4年級_數學_112下_期中1_康軒::ql-q17,"[""G4-康軒-112下-期中1-P02_R06_安和國小_新北市_4年級_數學_112下_期中1_康軒::二-1""]",G4-康軒-112下-期中1-P02_R06_安和國小_新北市_4年級_數學_112下_期中1_康軒,question_item,verified,source_materials/tcool_math_g1_g4_康軒_翰林/grade-4/康軒/questions/P02_R06_安和國小_新北市_4年級_數學_112下_期中1_康軒_題目卷.pdf,1,"[0, 0, 4047, 5732]",source_materials/tcool_math_g1_g4_康軒_翰林/_analysis/pilot/pages/G4-_-112_-_1-P02_R06_____4____112___1__/page-1.jpg,二-6-(2),(2) BC的對邊是( )。,[],source_materials/tcool_math_g1_g4_康軒_翰林/grade-4/康軒/answers/P02_R06_安和國小_新北市_4年級_數學_112下_期中1_康軒_答案卷.pdf,1,平行四邊形ABCD中BC與AD為對邊。與答案卷「邊AD」一致。,邊AD,verified,independent_calculation,康軒,G4,112,下,期中1,,,,康軒 G4 下 第2章 四邊形,"[""S-4-8""]",[],"[""G4-12-09""]","[""G4-12-09""]",direct,high,"[""BC的對邊，對應 G4-12-09 四邊形的邊和角""]",include,first_pass
G4-康軒-112下-期中1-P02_R06_安和國小_新北市_4年級_數學_112下_期中1_康軒::ql-q18,"[""G4-康軒-112下-期中1-P02_R06_安和國小_新北市_4年級_數學_112下_期中1_康軒::二-1""]",G4-康軒-112下-期中1-P02_R06_安和國小_新北市_4年級_數學_112下_期中1_康軒,question_item,verified,source_materials/tcool_math_g1_g4_康軒_翰林/grade-4/康軒/questions/P02_R06_安和國小_新北市_4年級_數學_112下_期中1_康軒_題目卷.pdf,1,"[0, 0, 4047, 5732]",source_materials/tcool_math_g1_g4_康軒_翰林/_analysis/pilot/pages/G4-_-112_-_1-P02_R06_____4____112___1__/page-1.jpg,二-6-(3),(3) AB的鄰邊是( )和( )。,[],source_materials/tcool_math_g1_g4_康軒_翰林/grade-4/康軒/answers/P02_R06_安和國小_新北市_4年級_數學_112下_期中1_康軒_答案卷.pdf,1,AB相鄰兩邊為AD、BC。與答案卷「邊AD和邊BC」一致。,邊AD、邊BC,verified,independent_calculation,康軒,G4,112,下,期中1,,,,康軒 G4 下 第2章 四邊形,"[""S-4-8""]",[],"[""G4-12-09""]","[""G4-12-09""]",direct,high,"[""AB的鄰邊，對應 G4-12-09""]",include,first_pass
G4-康軒-112下-期中1-P02_R06_安和國小_新北市_4年級_數學_112下_期中1_康軒::ql-q19,"[""G4-康軒-112下-期中1-P02_R06_安和國小_新北市_4年級_數學_112下_期中1_康軒::二-1""]",G4-康軒-112下-期中1-P02_R06_安和國小_新北市_4年級_數學_112下_期中1_康軒,question_item,verified,source_materials/tcool_math_g1_g4_康軒_翰林/grade-4/康軒/questions/P02_R06_安和國小_新北市_4年級_數學_112下_期中1_康軒_題目卷.pdf,1,"[0, 0, 4047, 5732]",source_materials/tcool_math_g1_g4_康軒_翰林/_analysis/pilot/pages/G4-_-112_-_1-P02_R06_____4____112___1__/page-1.jpg,二-6-(4),(4)∠A的對角是∠( )。,[],source_materials/tcool_math_g1_g4_康軒_翰林/grade-4/康軒/answers/P02_R06_安和國小_新北市_4年級_數學_112下_期中1_康軒_答案卷.pdf,1,四邊形ABCD中∠A對角為∠C。與答案卷「C」一致。,C,verified,independent_calculation,康軒,G4,112,下,期中1,,,,康軒 G4 下 第2章 四邊形,"[""S-4-8""]",[],"[""G4-12-09""]","[""G4-12-09""]",direct,high,"[""∠A的對角，對應 G4-12-09""]",include,first_pass
G4-康軒-112下-期中1-P02_R06_安和國小_新北市_4年級_數學_112下_期中1_康軒::ql-q20,"[""G4-康軒-112下-期中1-P02_R06_安和國小_新北市_4年級_數學_112下_期中1_康軒::二-1""]",G4-康軒-112下-期中1-P02_R06_安和國小_新北市_4年級_數學_112下_期中1_康軒,question_item,verified,source_materials/tcool_math_g1_g4_康軒_翰林/grade-4/康軒/questions/P02_R06_安和國小_新北市_4年級_數學_112下_期中1_康軒_題目卷.pdf,1,"[0, 0, 4047, 5732]",source_materials/tcool_math_g1_g4_康軒_翰林/_analysis/pilot/pages/G4-_-112_-_1-P02_R06_____4____112___1__/page-1.jpg,二-7,爸爸的一步長是0.76公尺，弟弟的一步長是0.47公尺，兩人同時同地反方向各走15步後，兩人相距( )公尺。,[],source_materials/tcool_math_g1_g4_康軒_翰林/grade-4/康軒/answers/P02_R06_安和國小_新北市_4年級_數學_112下_期中1_康軒_答案卷.pdf,1,0.76×15=11.4；0.47×15=7.05；反方向相加=11.4+7.05=18.45。與答案卷「18.45」一致。,18.45,verified,independent_calculation,康軒,G4,112,下,期中1,,,,康軒 G4 下 第5章 小數乘法,"[""N-4-7""]",[],"[""G4-09-09""]","[""G4-09-09""]",direct,high,"[""兩人步長(小數)x15步相距，對應 G4-09-09 小數加減應用題""]",include,first_pass
G4-康軒-112下-期中1-P02_R06_安和國小_新北市_4年級_數學_112下_期中1_康軒::ql-q21,"[""G4-康軒-112下-期中1-P02_R06_安和國小_新北市_4年級_數學_112下_期中1_康軒::二-1""]",G4-康軒-112下-期中1-P02_R06_安和國小_新北市_4年級_數學_112下_期中1_康軒,question_item,verified,source_materials/tcool_math_g1_g4_康軒_翰林/grade-4/康軒/questions/P02_R06_安和國小_新北市_4年級_數學_112下_期中1_康軒_題目卷.pdf,1,"[0, 0, 4047, 5732]",source_materials/tcool_math_g1_g4_康軒_翰林/_analysis/pilot/pages/G4-_-112_-_1-P02_R06_____4____112___1__/page-1.jpg,二-8,媽媽帶了1400元去菜市場買東西，在豬肉攤買了236元，在水果攤買了264元，回家時還剩( )元。,[],source_materials/tcool_math_g1_g4_康軒_翰林/grade-4/康軒/answers/P02_R06_安和國小_新北市_4年級_數學_112下_期中1_康軒_答案卷.pdf,1,1400-236-264=900。與答案卷「900」一致。,900,verified,independent_calculation,康軒,G4,112,下,期中1,,,,,"[""N-4-3""]",[],[],[],uncertain,low,"[""1400-236-264=900 連續減法應用，屬三年級程度複習內容，康軒G4下章節無對應此基礎題型，保留uncertain""]",uncertain_review,first_pass
G4-康軒-112下-期中1-P02_R06_安和國小_新北市_4年級_數學_112下_期中1_康軒::ql-q22,"[""G4-康軒-112下-期中1-P02_R06_安和國小_新北市_4年級_數學_112下_期中1_康軒::二-1""]",G4-康軒-112下-期中1-P02_R06_安和國小_新北市_4年級_數學_112下_期中1_康軒,question_item,verified,source_materials/tcool_math_g1_g4_康軒_翰林/grade-4/康軒/questions/P02_R06_安和國小_新北市_4年級_數學_112下_期中1_康軒_題目卷.pdf,1,"[0, 0, 4047, 5732]",source_materials/tcool_math_g1_g4_康軒_翰林/_analysis/pilot/pages/G4-_-112_-_1-P02_R06_____4____112___1__/page-1.jpg,二-9,請在數線上標示出「2.7、4.4、3.9和1.2」。,[],source_materials/tcool_math_g1_g4_康軒_翰林/grade-4/康軒/answers/P02_R06_安和國小_新北市_4年級_數學_112下_期中1_康軒_答案卷.pdf,1,開放式作圖題，答案卷標示「略」，不計入verified可用題。,略（開放式數線標示作圖題）,needs_review,visual_manual_required,康軒,G4,112,下,期中1,,,,,"[""N-4-8""]",[],[],[],uncertain,low,"[""開放式數線標示小數作圖題，無固定文字答案，保留uncertain""]",uncertain_review,first_pass
G4-康軒-112下-期中1-P02_R06_安和國小_新北市_4年級_數學_112下_期中1_康軒::ql-q23,"[""G4-康軒-112下-期中1-P02_R06_安和國小_新北市_4年級_數學_112下_期中1_康軒::三-1""]",G4-康軒-112下-期中1-P02_R06_安和國小_新北市_4年級_數學_112下_期中1_康軒,question_item,verified,source_materials/tcool_math_g1_g4_康軒_翰林/grade-4/康軒/questions/P02_R06_安和國小_新北市_4年級_數學_112下_期中1_康軒_題目卷.pdf,2,"[0, 0, 4047, 5732]",source_materials/tcool_math_g1_g4_康軒_翰林/_analysis/pilot/pages/G4-_-112_-_1-P02_R06_____4____112___1__/page-2.jpg,三-1,請用直式算出答案：(1) 39.15 x 24 =( ),[],source_materials/tcool_math_g1_g4_康軒_翰林/grade-4/康軒/answers/P02_R06_安和國小_新北市_4年級_數學_112下_期中1_康軒_答案卷.pdf,2,39.15×24=939.6。與答案卷「939.6」一致。,939.6,verified,independent_calculation,康軒,G4,112,下,期中1,,,,康軒 G4 下 第5章 小數乘法,"[""N-4-7""]",[],"[""G4-09-04""]","[""G4-09-04""]",direct,high,"[""39.15x24 小數乘整數，對應 G4-09 系列(小數計算延伸)""]",include,first_pass
G4-康軒-112下-期中1-P02_R06_安和國小_新北市_4年級_數學_112下_期中1_康軒::ql-q24,"[""G4-康軒-112下-期中1-P02_R06_安和國小_新北市_4年級_數學_112下_期中1_康軒::三-1""]",G4-康軒-112下-期中1-P02_R06_安和國小_新北市_4年級_數學_112下_期中1_康軒,question_item,verified,source_materials/tcool_math_g1_g4_康軒_翰林/grade-4/康軒/questions/P02_R06_安和國小_新北市_4年級_數學_112下_期中1_康軒_題目卷.pdf,2,"[0, 0, 4047, 5732]",source_materials/tcool_math_g1_g4_康軒_翰林/_analysis/pilot/pages/G4-_-112_-_1-P02_R06_____4____112___1__/page-2.jpg,三-2,(2) 560000 ÷ 1500 =( )……( ),[],source_materials/tcool_math_g1_g4_康軒_翰林/grade-4/康軒/answers/P02_R06_安和國小_新北市_4年級_數學_112下_期中1_康軒_答案卷.pdf,2,1500×373=559500；560000-559500=500。與答案卷「373/500」一致。,373...500,verified,independent_calculation,康軒,G4,112,下,期中1,,,,康軒 G4 下 第1章 多位數的乘與除,"[""N-4-2""]",[],[],[],partial,medium,"[""560000÷1500有餘除法，對應CH1但無單一對應skill""]",uncertain_review,first_pass
G4-康軒-112下-期中1-P02_R06_安和國小_新北市_4年級_數學_112下_期中1_康軒::ql-q25,"[""G4-康軒-112下-期中1-P02_R06_安和國小_新北市_4年級_數學_112下_期中1_康軒::三-1""]",G4-康軒-112下-期中1-P02_R06_安和國小_新北市_4年級_數學_112下_期中1_康軒,question_item,verified,source_materials/tcool_math_g1_g4_康軒_翰林/grade-4/康軒/questions/P02_R06_安和國小_新北市_4年級_數學_112下_期中1_康軒_題目卷.pdf,2,"[0, 0, 4047, 5732]",source_materials/tcool_math_g1_g4_康軒_翰林/_analysis/pilot/pages/G4-_-112_-_1-P02_R06_____4____112___1__/page-2.jpg,三-3,(3) 8600 x 3500 =( ),[],source_materials/tcool_math_g1_g4_康軒_翰林/grade-4/康軒/answers/P02_R06_安和國小_新北市_4年級_數學_112下_期中1_康軒_答案卷.pdf,2,"8600×3500=30,100,000。與答案卷「30100000」一致。",30100000,verified,independent_calculation,康軒,G4,112,下,期中1,,,,康軒 G4 下 第1章 多位數的乘與除,"[""N-4-2""]",[],[],[],partial,medium,"[""8600x3500 大數乘法，對應CH1但無單一對應skill""]",uncertain_review,first_pass
G4-康軒-112下-期中1-P02_R06_安和國小_新北市_4年級_數學_112下_期中1_康軒::ql-q26,"[""G4-康軒-112下-期中1-P02_R06_安和國小_新北市_4年級_數學_112下_期中1_康軒::四-1""]",G4-康軒-112下-期中1-P02_R06_安和國小_新北市_4年級_數學_112下_期中1_康軒,question_item,verified,source_materials/tcool_math_g1_g4_康軒_翰林/grade-4/康軒/questions/P02_R06_安和國小_新北市_4年級_數學_112下_期中1_康軒_題目卷.pdf,2,"[0, 0, 4047, 5732]",source_materials/tcool_math_g1_g4_康軒_翰林/_analysis/pilot/pages/G4-_-112_-_1-P02_R06_____4____112___1__/page-2.jpg,四-1,算出圖形面積：(1)（工字形圖，整體寬15+6+15=36公分、高30公分，上方中央缺口寬6深8、下方中央缺口寬6深8，經400dpi裁圖兩次覆核確認）(單位：公分),[],source_materials/tcool_math_g1_g4_康軒_翰林/grade-4/康軒/answers/P02_R06_安和國小_新北市_4年級_數學_112下_期中1_康軒_答案卷.pdf,2,"獨立驗算：整體矩形36×30=1080，扣除上下兩缺口各6×8=48，即1080-48-48=984平方公分（等價算法：兩側柱15×30各450＋中間連接段6×14=84，450+450+84=984）。與答案卷所載「1044平方公分」不符，已兩次裁圖覆核尺寸(15,6,15,30,6,8,8,6)無誤，仍找不到能得出1044之合理讀法。依規定如實保留答案卷原始數值，標記needs_review，列入answer-review-queue，不得逕自改為984。",1044 平方公分,needs_review,independent_calculation,康軒,G4,112,下,期中1,,,,康軒 G4 下 第6章 周長與面積,"[""N-4-11"", ""S-4-3""]",[],"[""G4-13-16""]",[],uncertain,low,"[""工字形複合圖形面積，對應 G4-13-16「求複雜複合圖形的面積-分割法」，惟本題 answerStatus 已因與獨立驗算不符標記 needs_review，對齊保留uncertain避免掩蓋答案爭議""]",uncertain_review,first_pass
G4-康軒-112下-期中1-P02_R06_安和國小_新北市_4年級_數學_112下_期中1_康軒::ql-q27,"[""G4-康軒-112下-期中1-P02_R06_安和國小_新北市_4年級_數學_112下_期中1_康軒::四-1""]",G4-康軒-112下-期中1-P02_R06_安和國小_新北市_4年級_數學_112下_期中1_康軒,question_item,verified,source_materials/tcool_math_g1_g4_康軒_翰林/grade-4/康軒/questions/P02_R06_安和國小_新北市_4年級_數學_112下_期中1_康軒_題目卷.pdf,2,"[0, 0, 4047, 5732]",source_materials/tcool_math_g1_g4_康軒_翰林/_analysis/pilot/pages/G4-_-112_-_1-P02_R06_____4____112___1__/page-2.jpg,四-2,(2)（階梯狀圖，5段標示皆為18：由左上至右下依序為豎18、橫18、豎18、橫18、豎18）(單位：公尺),[],source_materials/tcool_math_g1_g4_康軒_翰林/grade-4/康軒/answers/P02_R06_安和國小_新北市_4年級_數學_112下_期中1_康軒_答案卷.pdf,2,以三段等寬(18)柱狀分解：右柱18×18=324，中柱18×36=648，左柱18×54=972，總和324+648+972=1944，與答案卷「1944平方公尺」一致（已重新以矩形分解法驗算）。,1944 平方公尺,verified,independent_calculation,康軒,G4,112,下,期中1,,,,康軒 G4 下 第6章 周長與面積,"[""N-4-11"", ""S-4-3""]",[],"[""G4-13-15""]","[""G4-13-15""]",direct,high,"[""階梯狀複合圖形面積(已獨立驗算1944)，對應 G4-13-15「求簡單複合圖形的面積」""]",include,first_pass
G4-康軒-112下-期中1-P02_R06_安和國小_新北市_4年級_數學_112下_期中1_康軒::ql-q28,[],G4-康軒-112下-期中1-P02_R06_安和國小_新北市_4年級_數學_112下_期中1_康軒,question_item,verified,source_materials/tcool_math_g1_g4_康軒_翰林/grade-4/康軒/questions/P02_R06_安和國小_新北市_4年級_數學_112下_期中1_康軒_題目卷.pdf,2,"[0, 0, 4047, 5732]",source_materials/tcool_math_g1_g4_康軒_翰林/_analysis/pilot/pages/G4-_-112_-_1-P02_R06_____4____112___1__/page-2.jpg,五-1,畫圖題：(1)請在方格點上畫出一個菱形和一個平行四邊形（請在圖形上標示名稱）,[],source_materials/tcool_math_g1_g4_康軒_翰林/grade-4/康軒/answers/P02_R06_安和國小_新北市_4年級_數學_112下_期中1_康軒_答案卷.pdf,2,開放式作圖題，答案卷標示「略」，不計入verified可用題。,略（開放式作圖題）,needs_review,visual_manual_required,康軒,G4,112,下,期中1,,,,,"[""S-4-6""]",[],[],[],uncertain,low,"[""開放式作圖題(畫菱形與平行四邊形)，無固定文字答案，保留uncertain""]",uncertain_review,first_pass
G4-康軒-112下-期中1-P02_R06_安和國小_新北市_4年級_數學_112下_期中1_康軒::ql-q29,[],G4-康軒-112下-期中1-P02_R06_安和國小_新北市_4年級_數學_112下_期中1_康軒,question_item,verified,source_materials/tcool_math_g1_g4_康軒_翰林/grade-4/康軒/questions/P02_R06_安和國小_新北市_4年級_數學_112下_期中1_康軒_題目卷.pdf,2,"[0, 0, 4047, 5732]",source_materials/tcool_math_g1_g4_康軒_翰林/_analysis/pilot/pages/G4-_-112_-_1-P02_R06_____4____112___1__/page-2.jpg,五-2,(2)畫一條通過ㄅ點，且和甲線互相平行的直線，並畫出兩條平行線間的最短距離。,[],source_materials/tcool_math_g1_g4_康軒_翰林/grade-4/康軒/answers/P02_R06_安和國小_新北市_4年級_數學_112下_期中1_康軒_答案卷.pdf,2,開放式作圖題，答案卷標示「略」，不計入verified可用題。,略（開放式作圖題）,needs_review,visual_manual_required,康軒,G4,112,下,期中1,,,,康軒 G4 下 第2章 四邊形,"[""S-4-5""]",[],[],[],uncertain,low,"[""開放式作圖題(畫平行線及最短距離)，無固定文字答案，保留uncertain""]",uncertain_review,first_pass
G4-康軒-112下-期中1-P02_R06_安和國小_新北市_4年級_數學_112下_期中1_康軒::ql-q30,[],G4-康軒-112下-期中1-P02_R06_安和國小_新北市_4年級_數學_112下_期中1_康軒,question_item,verified,source_materials/tcool_math_g1_g4_康軒_翰林/grade-4/康軒/questions/P02_R06_安和國小_新北市_4年級_數學_112下_期中1_康軒_題目卷.pdf,2,"[0, 0, 4047, 5732]",source_materials/tcool_math_g1_g4_康軒_翰林/_analysis/pilot/pages/G4-_-112_-_1-P02_R06_____4____112___1__/page-2.jpg,六-1,想想看，要怎麼算比較快算出答案？(1) 1997 + 197 + 1002 + 12,[],source_materials/tcool_math_g1_g4_康軒_翰林/grade-4/康軒/answers/P02_R06_安和國小_新北市_4年級_數學_112下_期中1_康軒_答案卷.pdf,2,1997+197+1002+12=3208（可湊整：1997+1002=2999加上197+12=209，2999+209=3208）。與答案卷「3208」一致。,3208,verified,independent_calculation,康軒,G4,112,下,期中1,,,,康軒 G4 下 第8章 簡化計算,"[""R-4-2""]",[],"[""G4-15-01""]","[""G4-15-01""]",direct,high,"[""1997+197+1002+12 湊整快捷計算，對應 G4-15-01 快捷計算""]",include,first_pass
G4-康軒-112下-期中1-P02_R06_安和國小_新北市_4年級_數學_112下_期中1_康軒::ql-q31,[],G4-康軒-112下-期中1-P02_R06_安和國小_新北市_4年級_數學_112下_期中1_康軒,question_item,verified,source_materials/tcool_math_g1_g4_康軒_翰林/grade-4/康軒/questions/P02_R06_安和國小_新北市_4年級_數學_112下_期中1_康軒_題目卷.pdf,2,"[0, 0, 4047, 5732]",source_materials/tcool_math_g1_g4_康軒_翰林/_analysis/pilot/pages/G4-_-112_-_1-P02_R06_____4____112___1__/page-2.jpg,六-2,(2) 125 x 33 x 8,[],source_materials/tcool_math_g1_g4_康軒_翰林/grade-4/康軒/answers/P02_R06_安和國小_新北市_4年級_數學_112下_期中1_康軒_答案卷.pdf,2,125×8=1000，1000×33=33000。與答案卷「33000」一致。,33000,verified,independent_calculation,康軒,G4,112,下,期中1,,,,康軒 G4 下 第8章 簡化計算,"[""R-4-2""]",[],"[""G4-15-01""]","[""G4-15-01""]",direct,high,"[""125x33x8 交換律快捷計算，對應 G4-15-01""]",include,first_pass
G4-康軒-112下-期中1-P02_R06_安和國小_新北市_4年級_數學_112下_期中1_康軒::ql-q32,[],G4-康軒-112下-期中1-P02_R06_安和國小_新北市_4年級_數學_112下_期中1_康軒,question_item,verified,source_materials/tcool_math_g1_g4_康軒_翰林/grade-4/康軒/questions/P02_R06_安和國小_新北市_4年級_數學_112下_期中1_康軒_題目卷.pdf,3,"[0, 0, 4047, 5732]",source_materials/tcool_math_g1_g4_康軒_翰林/_analysis/pilot/pages/G4-_-112_-_1-P02_R06_____4____112___1__/page-3.jpg,七-1,應用題：(1)書香文具店舉辦優惠活動，當日消費滿577元可馬上折抵77元。媽媽買了一本250元的記帳本和一本677元的字典，付了1000元，請問可以找回多少錢？,[],source_materials/tcool_math_g1_g4_康軒_翰林/grade-4/康軒/answers/P02_R06_安和國小_新北市_4年級_數學_112下_期中1_康軒_答案卷.pdf,3,250+677=927(≥577，折抵77)；927-77=850；1000-850=150。與答案卷「150元」一致。,150 元,verified,independent_calculation,康軒,G4,112,下,期中1,,,,,"[""N-4-3""]",[],[],[],uncertain,low,"[""消費滿額折抵找零應用題，康軒G4下章節無對應此類促銷折抵情境，保留uncertain""]",uncertain_review,first_pass
G4-康軒-112下-期中1-P02_R06_安和國小_新北市_4年級_數學_112下_期中1_康軒::ql-q33,[],G4-康軒-112下-期中1-P02_R06_安和國小_新北市_4年級_數學_112下_期中1_康軒,question_item,verified,source_materials/tcool_math_g1_g4_康軒_翰林/grade-4/康軒/questions/P02_R06_安和國小_新北市_4年級_數學_112下_期中1_康軒_題目卷.pdf,3,"[0, 0, 4047, 5732]",source_materials/tcool_math_g1_g4_康軒_翰林/_analysis/pilot/pages/G4-_-112_-_1-P02_R06_____4____112___1__/page-3.jpg,七-2,(2)有一條64公尺的繩子要圍成一個正方形，請問此正方形的邊長是多少公尺？若有一樣大的正方形10個，它們全部的面積總共是多少平方公尺？,[],source_materials/tcool_math_g1_g4_康軒_翰林/grade-4/康軒/answers/P02_R06_安和國小_新北市_4年級_數學_112下_期中1_康軒_答案卷.pdf,3,64÷4=16；16²=256；256×10=2560。與答案卷「16公尺，2560平方公尺」一致。,邊長16公尺；總面積2560平方公尺,verified,independent_calculation,康軒,G4,112,下,期中1,,,,康軒 G4 下 第6章 周長與面積,"[""N-4-11"", ""S-4-3""]",[],"[""G4-13-09""]","[""G4-13-09""]",direct,high,"[""64公尺繩圍成正方形求邊長及10個正方形總面積，對應G4-13-09「運用周長公式求正方形的邊長(反推)」與G4-13-05正方形面積應用題""]",include,first_pass
G4-康軒-112下-期中1-P02_R06_安和國小_新北市_4年級_數學_112下_期中1_康軒::ql-q34,[],G4-康軒-112下-期中1-P02_R06_安和國小_新北市_4年級_數學_112下_期中1_康軒,question_item,verified,source_materials/tcool_math_g1_g4_康軒_翰林/grade-4/康軒/questions/P02_R06_安和國小_新北市_4年級_數學_112下_期中1_康軒_題目卷.pdf,3,"[0, 0, 4047, 5732]",source_materials/tcool_math_g1_g4_康軒_翰林/_analysis/pilot/pages/G4-_-112_-_1-P02_R06_____4____112___1__/page-3.jpg,七-3,(3)大水管一分鐘注水30.2公升，小水管一分鐘注水11.9公升。水族館的人員同時使用大小水管各2根注水5分鐘，請問共注入多少公升的水？,[],source_materials/tcool_math_g1_g4_康軒_翰林/grade-4/康軒/answers/P02_R06_安和國小_新北市_4年級_數學_112下_期中1_康軒_答案卷.pdf,3,(30.2×2+11.9×2)×5=(60.4+23.8)×5=84.2×5=421。與答案卷「421公升」一致。,421 公升,verified,independent_calculation,康軒,G4,112,下,期中1,,,,康軒 G4 下 第5章 小數乘法,"[""N-4-7""]",[],"[""G4-09-09""]","[""G4-09-09""]",direct,high,"[""大小水管注水量(小數)應用題，對應 G4-09-09 小數加減應用題""]",include,first_pass
G4-康軒-112下-期中1-P02_R06_安和國小_新北市_4年級_數學_112下_期中1_康軒::ql-q35,[],G4-康軒-112下-期中1-P02_R06_安和國小_新北市_4年級_數學_112下_期中1_康軒,question_item,verified,source_materials/tcool_math_g1_g4_康軒_翰林/grade-4/康軒/questions/P02_R06_安和國小_新北市_4年級_數學_112下_期中1_康軒_題目卷.pdf,3,"[0, 0, 4047, 5732]",source_materials/tcool_math_g1_g4_康軒_翰林/_analysis/pilot/pages/G4-_-112_-_1-P02_R06_____4____112___1__/page-3.jpg,八-1,閱讀文章：快樂國小決定鋪設一間全新有木頭地板的閱讀教室，教室長是1050公分、寬是800公分，木頭地板施工材料費1平方公尺要2200元，會派4個師傅負責施工，一個師傅1天薪水2150元，預計2.5天施工完成。(1)長方形教室的面積是多少平方公尺？,[],source_materials/tcool_math_g1_g4_康軒_翰林/grade-4/康軒/answers/P02_R06_安和國小_新北市_4年級_數學_112下_期中1_康軒_答案卷.pdf,3,1050公分=10.5公尺，800公分=8公尺；10.5×8=84。與答案卷「84平方公尺」一致。,84 平方公尺,verified,independent_calculation,康軒,G4,112,下,期中1,,,,康軒 G4 下 第6章 周長與面積,"[""N-4-11"", ""S-4-3""]",[],"[""G4-13-03""]","[""G4-13-03""]",direct,high,"[""長方形教室面積(公分轉公尺後長x寬)，對應 G4-13-03「運用面積公式求長方形、正方形的面積」""]",include,first_pass
G4-康軒-112下-期中1-P02_R06_安和國小_新北市_4年級_數學_112下_期中1_康軒::ql-q36,[],G4-康軒-112下-期中1-P02_R06_安和國小_新北市_4年級_數學_112下_期中1_康軒,question_item,verified,source_materials/tcool_math_g1_g4_康軒_翰林/grade-4/康軒/questions/P02_R06_安和國小_新北市_4年級_數學_112下_期中1_康軒_題目卷.pdf,3,"[0, 0, 4047, 5732]",source_materials/tcool_math_g1_g4_康軒_翰林/_analysis/pilot/pages/G4-_-112_-_1-P02_R06_____4____112___1__/page-3.jpg,八-2,(2)木頭地板的施工材料費要多少元？,[],source_materials/tcool_math_g1_g4_康軒_翰林/grade-4/康軒/answers/P02_R06_安和國小_新北市_4年級_數學_112下_期中1_康軒_答案卷.pdf,3,84×2200=184800。與答案卷「184800元」一致。,184800 元,verified,independent_calculation,康軒,G4,112,下,期中1,,,,康軒 G4 下 第6章 周長與面積,"[""N-4-11""]",[],"[""G4-13-18""]","[""G4-13-18""]",direct,high,"[""面積x單價求材料費，對應 G4-13-18 長方形面積應用題""]",include,first_pass
G4-康軒-112下-期中1-P02_R06_安和國小_新北市_4年級_數學_112下_期中1_康軒::ql-q37,[],G4-康軒-112下-期中1-P02_R06_安和國小_新北市_4年級_數學_112下_期中1_康軒,question_item,verified,source_materials/tcool_math_g1_g4_康軒_翰林/grade-4/康軒/questions/P02_R06_安和國小_新北市_4年級_數學_112下_期中1_康軒_題目卷.pdf,3,"[0, 0, 4047, 5732]",source_materials/tcool_math_g1_g4_康軒_翰林/_analysis/pilot/pages/G4-_-112_-_1-P02_R06_____4____112___1__/page-3.jpg,八-3,(3)全部施工師傅的工錢總共是多少元？怎樣算比較快，把做法用一個算式記下來，再算算看。,[],source_materials/tcool_math_g1_g4_康軒_翰林/grade-4/康軒/answers/P02_R06_安和國小_新北市_4年級_數學_112下_期中1_康軒_答案卷.pdf,3,2150×2.5×4=21500（或2150×4×2.5）。與答案卷「21500元」一致。,21500 元,verified,independent_calculation,康軒,G4,112,下,期中1,,,,康軒 G4 下 第9章 時間的計算,"[""N-4-13""]",[],[],[],partial,medium,"[""official N-4-13 解題"", ""康軒G4下第9章時間的計算"", ""師傅工錢(天數x薪水x人數)非時間計算而是純乘法應用，章節匹配薄弱，列partial""]",uncertain_review,first_pass
G4-翰林-113上-期末2-P01_R08_安和國小_新北市_4年級_數學_113上_期末2_翰林::ql-q01,"[""G4-翰林-113上-期末2-P01_R08_安和國小_新北市_4年級_數學_113上_期末2_翰林::一-1"", ""G4-翰林-113上-期末2-P01_R08_安和國小_新北市_4年級_數學_113上_期末2_翰林::一-4""]",G4-翰林-113上-期末2-P01_R08_安和國小_新北市_4年級_數學_113上_期末2_翰林,question_item,verified,source_materials/tcool_math_g1_g4_康軒_翰林/grade-4/翰林/questions/P01_R08_安和國小_新北市_4年級_數學_113上_期末2_翰林_題目卷.pdf,1,"[0, 0, 4047, 5732]",source_materials/tcool_math_g1_g4_康軒_翰林/_analysis/pilot/pages/G4-_-113_-_2-P01_R08_____4____113___2__/page-1.jpg,一-1,3024÷□的商是四位數，□可能是下列哪一個數？,"[""①3"", ""②5"", ""③6"", ""④8""]",source_materials/tcool_math_g1_g4_康軒_翰林/grade-4/翰林/answers/P01_R08_安和國小_新北市_4年級_數學_113上_期末2_翰林_答案卷.pdf,1,商為四位數需≥1000，即□≤3024/1000=3.024，選項中僅3符合(3024÷3=1008)；5/6/8皆使商<1000(三位數)。與答案卷「1」一致。,①3,verified,independent_calculation,翰林,G4,113,上,期末2,,,,翰林 G4 上 第6章 除法,"[""N-4-2""]",[],[],[],partial,medium,"[""official N-4-2 較大位數之乘除計算"", ""publisher 翰林 G4 上 第6章 除法"", ""3024÷□商四位數的除數判斷，屬除法概念但無單一對應skill""]",uncertain_review,first_pass
G4-翰林-113上-期末2-P01_R08_安和國小_新北市_4年級_數學_113上_期末2_翰林::ql-q02,"[""G4-翰林-113上-期末2-P01_R08_安和國小_新北市_4年級_數學_113上_期末2_翰林::一-1"", ""G4-翰林-113上-期末2-P01_R08_安和國小_新北市_4年級_數學_113上_期末2_翰林::一-4""]",G4-翰林-113上-期末2-P01_R08_安和國小_新北市_4年級_數學_113上_期末2_翰林,question_item,verified,source_materials/tcool_math_g1_g4_康軒_翰林/grade-4/翰林/questions/P01_R08_安和國小_新北市_4年級_數學_113上_期末2_翰林_題目卷.pdf,1,"[0, 0, 4047, 5732]",source_materials/tcool_math_g1_g4_康軒_翰林/_analysis/pilot/pages/G4-_-113_-_2-P01_R08_____4____113___2__/page-1.jpg,一-2,小倫的小豬存錢筒裡都是5元硬幣，他想買一個1999元的模型，最少需要從存錢筒裡拿出幾個硬幣？,"[""①398個"", ""②399個"", ""③400個"", ""④401個""]",source_materials/tcool_math_g1_g4_康軒_翰林/grade-4/翰林/answers/P01_R08_安和國小_新北市_4年級_數學_113上_期末2_翰林_答案卷.pdf,1,1999÷5=399.8，399個僅1995元不足，需400個(2000元)才夠。與答案卷「3」一致。,③400個,verified,independent_calculation,翰林,G4,113,上,期末2,,,,翰林 G4 上 第6章 除法,"[""N-4-3""]",[],[],[],partial,medium,"[""1999÷5進位求最少硬幣數，屬除法應用但無單一對應skill""]",uncertain_review,first_pass
G4-翰林-113上-期末2-P01_R08_安和國小_新北市_4年級_數學_113上_期末2_翰林::ql-q03,"[""G4-翰林-113上-期末2-P01_R08_安和國小_新北市_4年級_數學_113上_期末2_翰林::一-1"", ""G4-翰林-113上-期末2-P01_R08_安和國小_新北市_4年級_數學_113上_期末2_翰林::一-4""]",G4-翰林-113上-期末2-P01_R08_安和國小_新北市_4年級_數學_113上_期末2_翰林,question_item,verified,source_materials/tcool_math_g1_g4_康軒_翰林/grade-4/翰林/questions/P01_R08_安和國小_新北市_4年級_數學_113上_期末2_翰林_題目卷.pdf,1,"[0, 0, 4047, 5732]",source_materials/tcool_math_g1_g4_康軒_翰林/_analysis/pilot/pages/G4-_-113_-_2-P01_R08_____4____113___2__/page-1.jpg,一-3,下列哪一項說明是錯誤的？,"[""①等腰直角三角形的兩個底角都是45度"", ""②正三角形一定是銳角三角形"", ""③直角三角形沒有鈍角"", ""④一個三角形中，最多有2個銳角""]",source_materials/tcool_math_g1_g4_康軒_翰林/grade-4/翰林/answers/P01_R08_安和國小_新北市_4年級_數學_113上_期末2_翰林_答案卷.pdf,1,①②③皆真；④錯誤：三角形內角和180度，至少2個銳角，銳角三角形甚至有3個銳角，故「最多2個」的敘述不成立。與答案卷「4」一致。,④一個三角形中，最多有2個銳角,verified,independent_calculation,翰林,G4,113,上,期末2,,,,翰林 G4 上 第7章 三角形與全等,"[""S-4-7""]",[],"[""G4-07-01""]","[""G4-07-01""]",direct,high,"[""official S-4-7 三角形"", ""publisher 翰林 G4 上 第7章 三角形與全等"", ""skill G4-07-01「分辨直角、銳角和鈍角三角形」對應敘述正誤判斷""]",include,first_pass
G4-翰林-113上-期末2-P01_R08_安和國小_新北市_4年級_數學_113上_期末2_翰林::ql-q04,"[""G4-翰林-113上-期末2-P01_R08_安和國小_新北市_4年級_數學_113上_期末2_翰林::一-1"", ""G4-翰林-113上-期末2-P01_R08_安和國小_新北市_4年級_數學_113上_期末2_翰林::一-4""]",G4-翰林-113上-期末2-P01_R08_安和國小_新北市_4年級_數學_113上_期末2_翰林,question_item,verified,source_materials/tcool_math_g1_g4_康軒_翰林/grade-4/翰林/questions/P01_R08_安和國小_新北市_4年級_數學_113上_期末2_翰林_題目卷.pdf,1,"[0, 0, 4047, 5732]",source_materials/tcool_math_g1_g4_康軒_翰林/_analysis/pilot/pages/G4-_-113_-_2-P01_R08_____4____113___2__/page-1.jpg,一-4,一個三角形有2個銳角，可能是哪一種三角形？,"[""①銳角三角形"", ""②鈍角三角形"", ""③直角三角形"", ""④以上都有可能""]",source_materials/tcool_math_g1_g4_康軒_翰林/grade-4/翰林/answers/P01_R08_安和國小_新北市_4年級_數學_113上_期末2_翰林_答案卷.pdf,1,任意三角形皆至少有2個銳角，故銳角、鈍角、直角三角形皆符合「有2個銳角」。與答案卷「4」一致。,④以上都有可能,verified,independent_calculation,翰林,G4,113,上,期末2,,,,翰林 G4 上 第7章 三角形與全等,"[""S-4-7""]",[],"[""G4-07-01""]","[""G4-07-01""]",direct,high,"[""三角形有2銳角可能種類，對應 G4-07-01""]",include,first_pass
G4-翰林-113上-期末2-P01_R08_安和國小_新北市_4年級_數學_113上_期末2_翰林::ql-q05,"[""G4-翰林-113上-期末2-P01_R08_安和國小_新北市_4年級_數學_113上_期末2_翰林::一-1"", ""G4-翰林-113上-期末2-P01_R08_安和國小_新北市_4年級_數學_113上_期末2_翰林::一-4""]",G4-翰林-113上-期末2-P01_R08_安和國小_新北市_4年級_數學_113上_期末2_翰林,question_item,verified,source_materials/tcool_math_g1_g4_康軒_翰林/grade-4/翰林/questions/P01_R08_安和國小_新北市_4年級_數學_113上_期末2_翰林_題目卷.pdf,1,"[0, 0, 4047, 5732]",source_materials/tcool_math_g1_g4_康軒_翰林/_analysis/pilot/pages/G4-_-113_-_2-P01_R08_____4____113___2__/page-1.jpg,一-5,珍珠奶茶一杯45元，換成鮮奶要加10元，小琳生日買25杯珍珠鮮奶茶請同學喝，要花多少元？下列算式哪一個正確。,"[""①(45+10)x25"", ""②(45-10)x25"", ""③(45-25)x10"", ""④(45+25)x10""]",source_materials/tcool_math_g1_g4_康軒_翰林/grade-4/翰林/answers/P01_R08_安和國小_新北市_4年級_數學_113上_期末2_翰林_答案卷.pdf,1,每杯珍珠鮮奶茶=45+10=55元，25杯=55×25。與答案卷「1」一致。,①(45+10)x25,verified,independent_calculation,翰林,G4,113,上,期末2,,,,翰林 G4 上 第8章 兩步驟問題與併式,"[""R-4-1""]",[],"[""G4-06-07""]","[""G4-06-07""]",direct,high,"[""official R-4-1 兩步驟問題併式"", ""publisher 翰林 G4 上 第8章 兩步驟問題與併式"", ""珍珠鮮奶茶算式選擇，對應 G4-06-07 加減混合計算應用題""]",include,first_pass
G4-翰林-113上-期末2-P01_R08_安和國小_新北市_4年級_數學_113上_期末2_翰林::ql-q06,"[""G4-翰林-113上-期末2-P01_R08_安和國小_新北市_4年級_數學_113上_期末2_翰林::一-1"", ""G4-翰林-113上-期末2-P01_R08_安和國小_新北市_4年級_數學_113上_期末2_翰林::一-4""]",G4-翰林-113上-期末2-P01_R08_安和國小_新北市_4年級_數學_113上_期末2_翰林,question_item,verified,source_materials/tcool_math_g1_g4_康軒_翰林/grade-4/翰林/questions/P01_R08_安和國小_新北市_4年級_數學_113上_期末2_翰林_題目卷.pdf,1,"[0, 0, 4047, 5732]",source_materials/tcool_math_g1_g4_康軒_翰林/_analysis/pilot/pages/G4-_-113_-_2-P01_R08_____4____113___2__/page-1.jpg,一-6,小羚的社區游泳池規定身高超過1.4公尺的遊客才能進入深水區。下列哪一位可以進入深水區？,"[""①身高1.39公尺的小羚"", ""②身高140公分的同學"", ""③身高145公分的鄰居"", ""④身高129公分的堂妹""]",source_materials/tcool_math_g1_g4_康軒_翰林/grade-4/翰林/answers/P01_R08_安和國小_新北市_4年級_數學_113上_期末2_翰林_答案卷.pdf,1,需嚴格超過1.4公尺(140公分)：145公分=1.45公尺>1.4公尺，符合；140公分恰等於1.4公尺，非「超過」，不符合；139/129公分皆不足。與答案卷「3」一致。,③身高145公分的鄰居,verified,independent_calculation,翰林,G4,113,上,期末2,,,,翰林 G4 上 第5章 公里,"[""N-4-9""]",[],[],[],uncertain,low,"[""official N-4-9 長度；游泳池身高門檻判斷(1.4公尺)，屬長度單位比較但翰林G4上第5章「公里」matchedSkillIds皆為公里/公尺/公分換算，非此類門檻判斷題型，保留uncertain""]",uncertain_review,first_pass
G4-翰林-113上-期末2-P01_R08_安和國小_新北市_4年級_數學_113上_期末2_翰林::ql-q07,"[""G4-翰林-113上-期末2-P01_R08_安和國小_新北市_4年級_數學_113上_期末2_翰林::一-1"", ""G4-翰林-113上-期末2-P01_R08_安和國小_新北市_4年級_數學_113上_期末2_翰林::一-4""]",G4-翰林-113上-期末2-P01_R08_安和國小_新北市_4年級_數學_113上_期末2_翰林,question_item,verified,source_materials/tcool_math_g1_g4_康軒_翰林/grade-4/翰林/questions/P01_R08_安和國小_新北市_4年級_數學_113上_期末2_翰林_題目卷.pdf,1,"[0, 0, 4047, 5732]",source_materials/tcool_math_g1_g4_康軒_翰林/_analysis/pilot/pages/G4-_-113_-_2-P01_R08_____4____113___2__/page-1.jpg,一-7,下列關於「2.06」中的「6」，哪個敘述是正確的？,"[""①是十分位數字"", ""②代表有6個0.1"", ""③前一位的0可省略不寫"", ""④代表0.06""]",source_materials/tcool_math_g1_g4_康軒_翰林/grade-4/翰林/answers/P01_R08_安和國小_新北市_4年級_數學_113上_期末2_翰林_答案卷.pdf,1,6位於百分位，代表6個0.01=0.06；十分位為0，不可省略(省略後成2.6，數值改變)。與答案卷「4」一致。,④代表0.06,verified,independent_calculation,翰林,G4,113,上,期末2,,,,翰林 G4 上 第9章 二位小數,"[""N-4-7""]",[],"[""G4-09-02""]","[""G4-09-02""]",direct,high,"[""official N-4-7 二位小數"", ""publisher 翰林 G4 上 第9章 二位小數"", ""2.06中「6」的位值意義，對應 G4-09-02 二位小數的數值""]",include,first_pass
G4-翰林-113上-期末2-P01_R08_安和國小_新北市_4年級_數學_113上_期末2_翰林::ql-q08,"[""G4-翰林-113上-期末2-P01_R08_安和國小_新北市_4年級_數學_113上_期末2_翰林::一-1"", ""G4-翰林-113上-期末2-P01_R08_安和國小_新北市_4年級_數學_113上_期末2_翰林::一-4""]",G4-翰林-113上-期末2-P01_R08_安和國小_新北市_4年級_數學_113上_期末2_翰林,question_item,verified,source_materials/tcool_math_g1_g4_康軒_翰林/grade-4/翰林/questions/P01_R08_安和國小_新北市_4年級_數學_113上_期末2_翰林_題目卷.pdf,1,"[0, 0, 4047, 5732]",source_materials/tcool_math_g1_g4_康軒_翰林/_analysis/pilot/pages/G4-_-113_-_2-P01_R08_____4____113___2__/page-1.jpg,一-8,如果要根據下面的統計表（游泳310人、打籃球370人、踢足球280人、直排輪350人）畫出長條圖，多少人以下可以用省略符號表示？,"[""①350人"", ""②300人"", ""③280人"", ""④250人""]",source_materials/tcool_math_g1_g4_康軒_翰林/grade-4/翰林/answers/P01_R08_安和國小_新北市_4年級_數學_113上_期末2_翰林_答案卷.pdf,1,省略符號的上限須嚴格小於資料最小值(280人)，選項中僅250人符合(300/350人皆≥280人此最小值，不可作為省略上限)。與答案卷「4」一致。,④250人,verified,independent_calculation,翰林,G4,113,上,期末2,,,,翰林 G4 上 第10章 統計圖表,"[""D-4-1""]",[],"[""G4-10-01""]","[""G4-10-01""]",direct,high,"[""official D-4-1 報讀長條圖與折線圖以及製作長條圖"", ""publisher 翰林 G4 上 第10章 統計圖表"", ""省略符號選擇，對應 G4-10-01 閱讀縱向長條圖(製圖前置判斷)""]",include,first_pass
G4-翰林-113上-期末2-P01_R08_安和國小_新北市_4年級_數學_113上_期末2_翰林::ql-q09,"[""G4-翰林-113上-期末2-P01_R08_安和國小_新北市_4年級_數學_113上_期末2_翰林::二-1""]",G4-翰林-113上-期末2-P01_R08_安和國小_新北市_4年級_數學_113上_期末2_翰林,question_item,verified,source_materials/tcool_math_g1_g4_康軒_翰林/grade-4/翰林/questions/P01_R08_安和國小_新北市_4年級_數學_113上_期末2_翰林_題目卷.pdf,1,"[0, 0, 4047, 5732]",source_materials/tcool_math_g1_g4_康軒_翰林/_analysis/pilot/pages/G4-_-113_-_2-P01_R08_____4____113___2__/page-1.jpg,二-1,9個1、12個0.1和9個0.01合起來是( ),[],source_materials/tcool_math_g1_g4_康軒_翰林/grade-4/翰林/answers/P01_R08_安和國小_新北市_4年級_數學_113上_期末2_翰林_答案卷.pdf,1,9+12×0.1+9×0.01=9+1.2+0.09=10.29。與答案卷「10.29」一致。,10.29,verified,independent_calculation,翰林,G4,113,上,期末2,,,,翰林 G4 上 第9章 二位小數,"[""N-4-7""]",[],"[""G4-09-02""]","[""G4-09-02""]",direct,high,"[""9個1、12個0.1和9個0.01合起來，對應 G4-09-02""]",include,first_pass
G4-翰林-113上-期末2-P01_R08_安和國小_新北市_4年級_數學_113上_期末2_翰林::ql-q10,"[""G4-翰林-113上-期末2-P01_R08_安和國小_新北市_4年級_數學_113上_期末2_翰林::二-1""]",G4-翰林-113上-期末2-P01_R08_安和國小_新北市_4年級_數學_113上_期末2_翰林,question_item,verified,source_materials/tcool_math_g1_g4_康軒_翰林/grade-4/翰林/questions/P01_R08_安和國小_新北市_4年級_數學_113上_期末2_翰林_題目卷.pdf,1,"[0, 0, 4047, 5732]",source_materials/tcool_math_g1_g4_康軒_翰林/_analysis/pilot/pages/G4-_-113_-_2-P01_R08_____4____113___2__/page-1.jpg,二-2,「9600÷700」的商是( )，餘數是( )。,[],source_materials/tcool_math_g1_g4_康軒_翰林/grade-4/翰林/answers/P01_R08_安和國小_新北市_4年級_數學_113上_期末2_翰林_答案卷.pdf,1,700×13=9100，9600-9100=500(<700)。與答案卷「13/500」一致。,商13，餘500,verified,independent_calculation,翰林,G4,113,上,期末2,,,,翰林 G4 上 第6章 除法,"[""N-4-2""]",[],[],[],partial,medium,"[""9600÷700商與餘數，屬除法概念但無單一對應skill""]",uncertain_review,first_pass
G4-翰林-113上-期末2-P01_R08_安和國小_新北市_4年級_數學_113上_期末2_翰林::ql-q11,"[""G4-翰林-113上-期末2-P01_R08_安和國小_新北市_4年級_數學_113上_期末2_翰林::二-1""]",G4-翰林-113上-期末2-P01_R08_安和國小_新北市_4年級_數學_113上_期末2_翰林,question_item,verified,source_materials/tcool_math_g1_g4_康軒_翰林/grade-4/翰林/questions/P01_R08_安和國小_新北市_4年級_數學_113上_期末2_翰林_題目卷.pdf,1,"[0, 0, 4047, 5732]",source_materials/tcool_math_g1_g4_康軒_翰林/_analysis/pilot/pages/G4-_-113_-_2-P01_R08_____4____113___2__/page-1.jpg,二-3,冬至湯圓一盒有24顆，小恩的媽媽買了5盒，平分成3次煮完，一次煮了幾顆湯圓？請寫出合併成的算式。,[],source_materials/tcool_math_g1_g4_康軒_翰林/grade-4/翰林/answers/P01_R08_安和國小_新北市_4年級_數學_113上_期末2_翰林_答案卷.pdf,1,24×5=120；120÷3=40。與答案卷「(24×5)÷3=40(顆)」一致。,(24×5)÷3=40（顆）,verified,independent_calculation,翰林,G4,113,上,期末2,,,,翰林 G4 上 第8章 兩步驟問題與併式,"[""R-4-1""]",[],"[""G4-06-04""]","[""G4-06-04""]",direct,high,"[""湯圓合併算式(24x5)÷3，對應 G4-06-04「三個數的除法」""]",include,first_pass
G4-翰林-113上-期末2-P01_R08_安和國小_新北市_4年級_數學_113上_期末2_翰林::ql-q12,"[""G4-翰林-113上-期末2-P01_R08_安和國小_新北市_4年級_數學_113上_期末2_翰林::二-1""]",G4-翰林-113上-期末2-P01_R08_安和國小_新北市_4年級_數學_113上_期末2_翰林,question_item,verified,source_materials/tcool_math_g1_g4_康軒_翰林/grade-4/翰林/questions/P01_R08_安和國小_新北市_4年級_數學_113上_期末2_翰林_題目卷.pdf,1,"[0, 0, 4047, 5732]",source_materials/tcool_math_g1_g4_康軒_翰林/_analysis/pilot/pages/G4-_-113_-_2-P01_R08_____4____113___2__/page-1.jpg,二-4,下列哪些算式的商和「6000÷300」不一樣？（複選，請在□打✓）,"[""60÷3"", ""6÷3"", ""600÷30"", ""60÷30""]",source_materials/tcool_math_g1_g4_康軒_翰林/grade-4/翰林/answers/P01_R08_安和國小_新北市_4年級_數學_113上_期末2_翰林_答案卷.pdf,1,6000÷300=20。60÷3=20(同)；6÷3=2(不同)；600÷30=20(同)；60÷30=2(不同)。與答案卷勾選「6÷3」「60÷30」一致。,6÷3、60÷30,verified,independent_calculation,翰林,G4,113,上,期末2,,,,翰林 G4 上 第6章 除法,"[""N-4-2""]",[],[],[],partial,medium,"[""複選商是否與6000÷300相同，屬除法規律但無單一對應skill""]",uncertain_review,first_pass
G4-翰林-113上-期末2-P01_R08_安和國小_新北市_4年級_數學_113上_期末2_翰林::ql-q13,"[""G4-翰林-113上-期末2-P01_R08_安和國小_新北市_4年級_數學_113上_期末2_翰林::二-1""]",G4-翰林-113上-期末2-P01_R08_安和國小_新北市_4年級_數學_113上_期末2_翰林,question_item,verified,source_materials/tcool_math_g1_g4_康軒_翰林/grade-4/翰林/questions/P01_R08_安和國小_新北市_4年級_數學_113上_期末2_翰林_題目卷.pdf,1,"[0, 0, 4047, 5732]",source_materials/tcool_math_g1_g4_康軒_翰林/_analysis/pilot/pages/G4-_-113_-_2-P01_R08_____4____113___2__/page-1.jpg,二-5,台北捷運中，運量最大的板南線（藍線）全長28.2公里，淡水信義線（紅線）比板南線長4.1公里，淡水信義線全長是( )公里。,[],source_materials/tcool_math_g1_g4_康軒_翰林/grade-4/翰林/answers/P01_R08_安和國小_新北市_4年級_數學_113上_期末2_翰林_答案卷.pdf,1,28.2+4.1=32.3。與答案卷「32.3」一致。,32.3,verified,independent_calculation,翰林,G4,113,上,期末2,,,,翰林 G4 上 第9章 二位小數,"[""N-4-7""]",[],"[""G4-09-04""]","[""G4-09-04""]",direct,high,"[""28.2+4.1=32.3 二位小數加法應用題，對應 G4-09 系列加法""]",include,first_pass
G4-翰林-113上-期末2-P01_R08_安和國小_新北市_4年級_數學_113上_期末2_翰林::ql-q14,"[""G4-翰林-113上-期末2-P01_R08_安和國小_新北市_4年級_數學_113上_期末2_翰林::二-1""]",G4-翰林-113上-期末2-P01_R08_安和國小_新北市_4年級_數學_113上_期末2_翰林,question_item,verified,source_materials/tcool_math_g1_g4_康軒_翰林/grade-4/翰林/questions/P01_R08_安和國小_新北市_4年級_數學_113上_期末2_翰林_題目卷.pdf,1,"[0, 0, 4047, 5732]",source_materials/tcool_math_g1_g4_康軒_翰林/_analysis/pilot/pages/G4-_-113_-_2-P01_R08_____4____113___2__/page-1.jpg,二-6,請依照步驟算算看，骰子共有幾個黑點？（三顆骰子圖，各顯示可見兩面）先算：( )，再算：( )，合併成一個算式：( ),[],source_materials/tcool_math_g1_g4_康軒_翰林/grade-4/翰林/answers/P01_R08_安和國小_新北市_4年級_數學_113上_期末2_翰林_答案卷.pdf,1,依答案卷步驟，三顆骰子每顆可見兩面點數分別為3點與4點，單顆合計7點，三顆共21點；骰子面朝向細節無法由縮圖逐點獨立覆核，依答案卷步驟如實記錄。,先算3+4=7，再算7×3=21，合併(3+4)×3=21,verified,visual_manual_required,翰林,G4,113,上,期末2,,,,翰林 G4 上 第8章 兩步驟問題與併式,"[""R-4-1""]",[],"[""G4-06-07""]",[],partial,medium,"[""骰子點數兩步驟合併算式，屬兩步驟問題但依賴圖像點數計數非純算式skill""]",uncertain_review,first_pass
G4-翰林-113上-期末2-P01_R08_安和國小_新北市_4年級_數學_113上_期末2_翰林::ql-q15,"[""G4-翰林-113上-期末2-P01_R08_安和國小_新北市_4年級_數學_113上_期末2_翰林::二-1""]",G4-翰林-113上-期末2-P01_R08_安和國小_新北市_4年級_數學_113上_期末2_翰林,question_item,verified,source_materials/tcool_math_g1_g4_康軒_翰林/grade-4/翰林/questions/P01_R08_安和國小_新北市_4年級_數學_113上_期末2_翰林_題目卷.pdf,1,"[0, 0, 4047, 5732]",source_materials/tcool_math_g1_g4_康軒_翰林/_analysis/pilot/pages/G4-_-113_-_2-P01_R08_____4____113___2__/page-1.jpg,二-7-(1),下圖是花卉博物館一星期參觀人數折線圖（日9萬、一4萬、二5萬、三7萬、四6萬、五7萬、六8萬，單位：萬人）。(1)星期( )的參觀人數最多。,[],source_materials/tcool_math_g1_g4_康軒_翰林/grade-4/翰林/answers/P01_R08_安和國小_新北市_4年級_數學_113上_期末2_翰林_答案卷.pdf,1,折線圖各點中星期日最高(9萬)。與答案卷「日」一致。,日,verified,independent_calculation,翰林,G4,113,上,期末2,,,,翰林 G4 上 第10章 統計圖表,"[""D-4-1""]",[],"[""G4-10-06""]","[""G4-10-06""]",direct,high,"[""折線圖判讀最高點，對應 G4-10-06 閱讀折線圖""]",include,first_pass
G4-翰林-113上-期末2-P01_R08_安和國小_新北市_4年級_數學_113上_期末2_翰林::ql-q16,"[""G4-翰林-113上-期末2-P01_R08_安和國小_新北市_4年級_數學_113上_期末2_翰林::二-1""]",G4-翰林-113上-期末2-P01_R08_安和國小_新北市_4年級_數學_113上_期末2_翰林,question_item,verified,source_materials/tcool_math_g1_g4_康軒_翰林/grade-4/翰林/questions/P01_R08_安和國小_新北市_4年級_數學_113上_期末2_翰林_題目卷.pdf,1,"[0, 0, 4047, 5732]",source_materials/tcool_math_g1_g4_康軒_翰林/_analysis/pilot/pages/G4-_-113_-_2-P01_R08_____4____113___2__/page-1.jpg,二-7-(2),(2)這星期共有( )人去參觀花卉博物館。,[],source_materials/tcool_math_g1_g4_康軒_翰林/grade-4/翰林/answers/P01_R08_安和國小_新北市_4年級_數學_113上_期末2_翰林_答案卷.pdf,1,9+4+5+7+6+7+8=46(萬人)，逐點加總後與答案卷「46萬」一致。,46 萬,verified,independent_calculation,翰林,G4,113,上,期末2,,,,翰林 G4 上 第10章 統計圖表,"[""D-4-1""]",[],"[""G4-10-07""]","[""G4-10-07""]",direct,high,"[""折線圖各點加總，對應 G4-10-07 閱讀單一折線圖並運算""]",include,first_pass
G4-翰林-113上-期末2-P01_R08_安和國小_新北市_4年級_數學_113上_期末2_翰林::ql-q17,"[""G4-翰林-113上-期末2-P01_R08_安和國小_新北市_4年級_數學_113上_期末2_翰林::二-1""]",G4-翰林-113上-期末2-P01_R08_安和國小_新北市_4年級_數學_113上_期末2_翰林,question_item,verified,source_materials/tcool_math_g1_g4_康軒_翰林/grade-4/翰林/questions/P01_R08_安和國小_新北市_4年級_數學_113上_期末2_翰林_題目卷.pdf,1,"[0, 0, 4047, 5732]",source_materials/tcool_math_g1_g4_康軒_翰林/_analysis/pilot/pages/G4-_-113_-_2-P01_R08_____4____113___2__/page-1.jpg,二-8-(1),甲和乙是全等圖形（甲：A頂點、B左下直角、C右下；乙：E左上、F右上、D下方），∠B是90度，BC是4公分，EF是8公分。(1)點A的對應點是( )，∠C的對應角是( )，∠B的對應角是( )，是( )角。,[],source_materials/tcool_math_g1_g4_康軒_翰林/grade-4/翰林/answers/P01_R08_安和國小_新北市_4年級_數學_113上_期末2_翰林_答案卷.pdf,1,由「∠B的對應角是∠E且為直角」可推知全等對應為A↔F、B↔E、C↔D（B為直角頂點對應E，是本題已知的定位錨點）。與答案卷「點F/∠D/∠E/直」一致。,點F；∠D；∠E，是直角,verified,independent_calculation,翰林,G4,113,上,期末2,,,,翰林 G4 上 第7章 三角形與全等,"[""S-4-6""]",[],[],[],partial,medium,"[""official S-4-6 平面圖形的全等"", ""publisher 翰林 G4 上 第7章 三角形與全等"", ""全等三角形對應點/角判斷，屬全等概念但翰林G4上該章matchedSkillIds為三角形分類(G4-07-*)，未見全等對應點skill，列partial""]",uncertain_review,first_pass
G4-翰林-113上-期末2-P01_R08_安和國小_新北市_4年級_數學_113上_期末2_翰林::ql-q18,"[""G4-翰林-113上-期末2-P01_R08_安和國小_新北市_4年級_數學_113上_期末2_翰林::二-1""]",G4-翰林-113上-期末2-P01_R08_安和國小_新北市_4年級_數學_113上_期末2_翰林,question_item,verified,source_materials/tcool_math_g1_g4_康軒_翰林/grade-4/翰林/questions/P01_R08_安和國小_新北市_4年級_數學_113上_期末2_翰林_題目卷.pdf,1,"[0, 0, 4047, 5732]",source_materials/tcool_math_g1_g4_康軒_翰林/_analysis/pilot/pages/G4-_-113_-_2-P01_R08_____4____113___2__/page-1.jpg,二-8-(2),(2) BA是( )公分，ED是( )公分。,[],source_materials/tcool_math_g1_g4_康軒_翰林/grade-4/翰林/answers/P01_R08_安和國小_新北市_4年級_數學_113上_期末2_翰林_答案卷.pdf,1,由(1)之對應A↔F、B↔E、C↔D：BA↔EF，故BA=EF=8；ED↔BC，故ED=BC=4。與答案卷「8/4」一致，且與題幹已知BC=4、EF=8完全自洽。,8公分，4公分,verified,independent_calculation,翰林,G4,113,上,期末2,,,,翰林 G4 上 第7章 三角形與全等,"[""S-4-6""]",[],[],[],partial,medium,"[""同 q17：對應邊長求值""]",uncertain_review,first_pass
G4-翰林-113上-期末2-P01_R08_安和國小_新北市_4年級_數學_113上_期末2_翰林::ql-q19,"[""G4-翰林-113上-期末2-P01_R08_安和國小_新北市_4年級_數學_113上_期末2_翰林::二-1""]",G4-翰林-113上-期末2-P01_R08_安和國小_新北市_4年級_數學_113上_期末2_翰林,question_item,verified,source_materials/tcool_math_g1_g4_康軒_翰林/grade-4/翰林/questions/P01_R08_安和國小_新北市_4年級_數學_113上_期末2_翰林_題目卷.pdf,1,"[0, 0, 4047, 5732]",source_materials/tcool_math_g1_g4_康軒_翰林/_analysis/pilot/pages/G4-_-113_-_2-P01_R08_____4____113___2__/page-1.jpg,二-8-(3),(3) 甲和乙是( )三角形。,[],source_materials/tcool_math_g1_g4_康軒_翰林/grade-4/翰林/answers/P01_R08_安和國小_新北市_4年級_數學_113上_期末2_翰林_答案卷.pdf,1,B(甲)/E(乙)為直角頂點，故兩者皆為直角三角形。與答案卷「直角」一致。,直角,verified,independent_calculation,翰林,G4,113,上,期末2,,,,翰林 G4 上 第7章 三角形與全等,"[""S-4-6""]",[],[],[],partial,medium,"[""同 q17：全等三角形皆為直角三角形""]",uncertain_review,first_pass
G4-翰林-113上-期末2-P01_R08_安和國小_新北市_4年級_數學_113上_期末2_翰林::ql-q20,"[""G4-翰林-113上-期末2-P01_R08_安和國小_新北市_4年級_數學_113上_期末2_翰林::二-1""]",G4-翰林-113上-期末2-P01_R08_安和國小_新北市_4年級_數學_113上_期末2_翰林,question_item,verified,source_materials/tcool_math_g1_g4_康軒_翰林/grade-4/翰林/questions/P01_R08_安和國小_新北市_4年級_數學_113上_期末2_翰林_題目卷.pdf,2,"[0, 0, 4047, 5732]",source_materials/tcool_math_g1_g4_康軒_翰林/_analysis/pilot/pages/G4-_-113_-_2-P01_R08_____4____113___2__/page-2.jpg,二-9,請圈出 5.08 張百格板（圖示：多個完整百格板、十格條與小方格）,[],source_materials/tcool_math_g1_g4_康軒_翰林/grade-4/翰林/answers/P01_R08_安和國小_新北市_4年級_數學_113上_期末2_翰林_答案卷.pdf,2,5.08=5×1+0×0.1+8×0.01，故應圈選5個完整百格板(每個代表1)與8個小方格(每個代表0.01)，不選十格條(代表0.1)。依位值定義獨立推得，屬於決定性選擇而非開放式作圖。,5個完整百格板＋8個小方格（0個十格條）,verified,visual_manual_required,翰林,G4,113,上,期末2,,,,翰林 G4 上 第9章 二位小數,"[""N-4-7""]",[],"[""G4-09-01""]","[""G4-09-01""]",direct,high,"[""圈出5.08張百格板，對應 G4-09-01「利用著色圖認識二位小數」""]",include,first_pass
G4-翰林-113上-期末2-P01_R08_安和國小_新北市_4年級_數學_113上_期末2_翰林::ql-q21,"[""G4-翰林-113上-期末2-P01_R08_安和國小_新北市_4年級_數學_113上_期末2_翰林::二-1""]",G4-翰林-113上-期末2-P01_R08_安和國小_新北市_4年級_數學_113上_期末2_翰林,question_item,verified,source_materials/tcool_math_g1_g4_康軒_翰林/grade-4/翰林/questions/P01_R08_安和國小_新北市_4年級_數學_113上_期末2_翰林_題目卷.pdf,2,"[0, 0, 4047, 5732]",source_materials/tcool_math_g1_g4_康軒_翰林/_analysis/pilot/pages/G4-_-113_-_2-P01_R08_____4____113___2__/page-2.jpg,二-10-(1),如下圖，每一顆球都一樣重（三顆球共135公克）。(1)再放1顆相同的球到秤上，秤面上顯示的重量會是( )公克。,[],source_materials/tcool_math_g1_g4_康軒_翰林/grade-4/翰林/answers/P01_R08_安和國小_新北市_4年級_數學_113上_期末2_翰林_答案卷.pdf,2,每顆=135÷3=45；4顆=45×4=180。與答案卷「180」一致。,180,verified,independent_calculation,翰林,G4,113,上,期末2,,,,,"[""N-4-3""]",[],[],[],uncertain,low,"[""等重球秤重推算(除法+乘法)，翰林G4上章節無對應此類等重物品推算題型，保留uncertain""]",uncertain_review,first_pass
G4-翰林-113上-期末2-P01_R08_安和國小_新北市_4年級_數學_113上_期末2_翰林::ql-q22,"[""G4-翰林-113上-期末2-P01_R08_安和國小_新北市_4年級_數學_113上_期末2_翰林::二-1""]",G4-翰林-113上-期末2-P01_R08_安和國小_新北市_4年級_數學_113上_期末2_翰林,question_item,verified,source_materials/tcool_math_g1_g4_康軒_翰林/grade-4/翰林/questions/P01_R08_安和國小_新北市_4年級_數學_113上_期末2_翰林_題目卷.pdf,2,"[0, 0, 4047, 5732]",source_materials/tcool_math_g1_g4_康軒_翰林/_analysis/pilot/pages/G4-_-113_-_2-P01_R08_____4____113___2__/page-2.jpg,二-10-(2),(2)拿掉1顆相同的球，秤面上顯示的重量會是( )公克。,[],source_materials/tcool_math_g1_g4_康軒_翰林/grade-4/翰林/answers/P01_R08_安和國小_新北市_4年級_數學_113上_期末2_翰林_答案卷.pdf,2,2顆=45×2=90。與答案卷「90」一致。,90,verified,independent_calculation,翰林,G4,113,上,期末2,,,,,"[""N-4-3""]",[],[],[],uncertain,low,"[""同 q21""]",uncertain_review,first_pass
G4-翰林-113上-期末2-P01_R08_安和國小_新北市_4年級_數學_113上_期末2_翰林::ql-q23,"[""G4-翰林-113上-期末2-P01_R08_安和國小_新北市_4年級_數學_113上_期末2_翰林::三-1""]",G4-翰林-113上-期末2-P01_R08_安和國小_新北市_4年級_數學_113上_期末2_翰林,question_item,verified,source_materials/tcool_math_g1_g4_康軒_翰林/grade-4/翰林/questions/P01_R08_安和國小_新北市_4年級_數學_113上_期末2_翰林_題目卷.pdf,2,"[0, 0, 4047, 5732]",source_materials/tcool_math_g1_g4_康軒_翰林/_analysis/pilot/pages/G4-_-113_-_2-P01_R08_____4____113___2__/page-2.jpg,三-1,在□裡填入>、<或=：(1) 10-2.89 □ 7.1,[],source_materials/tcool_math_g1_g4_康軒_翰林/grade-4/翰林/answers/P01_R08_安和國小_新北市_4年級_數學_113上_期末2_翰林_答案卷.pdf,2,10-2.89=7.11>7.1。與答案卷「>」一致。,>,verified,independent_calculation,翰林,G4,113,上,期末2,,,,翰林 G4 上 第9章 二位小數,"[""N-4-7""]",[],"[""G4-09-02""]","[""G4-09-02""]",direct,high,"[""10-2.89 vs 7.1 小數比大小，對應 G4-09-02""]",include,first_pass
G4-翰林-113上-期末2-P01_R08_安和國小_新北市_4年級_數學_113上_期末2_翰林::ql-q24,"[""G4-翰林-113上-期末2-P01_R08_安和國小_新北市_4年級_數學_113上_期末2_翰林::三-1""]",G4-翰林-113上-期末2-P01_R08_安和國小_新北市_4年級_數學_113上_期末2_翰林,question_item,verified,source_materials/tcool_math_g1_g4_康軒_翰林/grade-4/翰林/questions/P01_R08_安和國小_新北市_4年級_數學_113上_期末2_翰林_題目卷.pdf,2,"[0, 0, 4047, 5732]",source_materials/tcool_math_g1_g4_康軒_翰林/_analysis/pilot/pages/G4-_-113_-_2-P01_R08_____4____113___2__/page-2.jpg,三-2,(2) 603公分 □ 6.3公尺,[],source_materials/tcool_math_g1_g4_康軒_翰林/grade-4/翰林/answers/P01_R08_安和國小_新北市_4年級_數學_113上_期末2_翰林_答案卷.pdf,2,603公分=6.03公尺<6.3公尺。與答案卷「<」一致。,<,verified,independent_calculation,翰林,G4,113,上,期末2,,,,翰林 G4 上 第5章 公里,"[""N-4-9""]",[],"[""G4-04-01""]","[""G4-04-01""]",direct,high,"[""603公分 vs 6.3公尺，對應 G4-04-01 公分和公尺單位換算比較""]",include,first_pass
G4-翰林-113上-期末2-P01_R08_安和國小_新北市_4年級_數學_113上_期末2_翰林::ql-q25,"[""G4-翰林-113上-期末2-P01_R08_安和國小_新北市_4年級_數學_113上_期末2_翰林::三-1""]",G4-翰林-113上-期末2-P01_R08_安和國小_新北市_4年級_數學_113上_期末2_翰林,question_item,verified,source_materials/tcool_math_g1_g4_康軒_翰林/grade-4/翰林/questions/P01_R08_安和國小_新北市_4年級_數學_113上_期末2_翰林_題目卷.pdf,2,"[0, 0, 4047, 5732]",source_materials/tcool_math_g1_g4_康軒_翰林/_analysis/pilot/pages/G4-_-113_-_2-P01_R08_____4____113___2__/page-2.jpg,三-3,(3) 9200÷200 □ 92÷2,[],source_materials/tcool_math_g1_g4_康軒_翰林/grade-4/翰林/answers/P01_R08_安和國小_新北市_4年級_數學_113上_期末2_翰林_答案卷.pdf,2,9200÷200=46；92÷2=46，相等。與答案卷「=」一致。,=,verified,independent_calculation,翰林,G4,113,上,期末2,,,,翰林 G4 上 第6章 除法,"[""N-4-2""]",[],[],[],partial,medium,"[""9200÷200 vs 92÷2 除法規律比較，屬CH6但無單一對應skill""]",uncertain_review,first_pass
G4-翰林-113上-期末2-P01_R08_安和國小_新北市_4年級_數學_113上_期末2_翰林::ql-q26,"[""G4-翰林-113上-期末2-P01_R08_安和國小_新北市_4年級_數學_113上_期末2_翰林::三-1""]",G4-翰林-113上-期末2-P01_R08_安和國小_新北市_4年級_數學_113上_期末2_翰林,question_item,verified,source_materials/tcool_math_g1_g4_康軒_翰林/grade-4/翰林/questions/P01_R08_安和國小_新北市_4年級_數學_113上_期末2_翰林_題目卷.pdf,2,"[0, 0, 4047, 5732]",source_materials/tcool_math_g1_g4_康軒_翰林/_analysis/pilot/pages/G4-_-113_-_2-P01_R08_____4____113___2__/page-2.jpg,三-4,(4) 99個0.01 □ 1.01,[],source_materials/tcool_math_g1_g4_康軒_翰林/grade-4/翰林/answers/P01_R08_安和國小_新北市_4年級_數學_113上_期末2_翰林_答案卷.pdf,2,99個0.01=0.99<1.01。與答案卷「<」一致。,<,verified,independent_calculation,翰林,G4,113,上,期末2,,,,翰林 G4 上 第9章 二位小數,"[""N-4-7""]",[],"[""G4-09-02""]","[""G4-09-02""]",direct,high,"[""99個0.01 vs 1.01 小數比大小，對應 G4-09-02""]",include,first_pass
G4-翰林-113上-期末2-P01_R08_安和國小_新北市_4年級_數學_113上_期末2_翰林::ql-q27,"[""G4-翰林-113上-期末2-P01_R08_安和國小_新北市_4年級_數學_113上_期末2_翰林::三-1""]",G4-翰林-113上-期末2-P01_R08_安和國小_新北市_4年級_數學_113上_期末2_翰林,question_item,verified,source_materials/tcool_math_g1_g4_康軒_翰林/grade-4/翰林/questions/P01_R08_安和國小_新北市_4年級_數學_113上_期末2_翰林_題目卷.pdf,2,"[0, 0, 4047, 5732]",source_materials/tcool_math_g1_g4_康軒_翰林/_analysis/pilot/pages/G4-_-113_-_2-P01_R08_____4____113___2__/page-2.jpg,三-5,(5) 36個0.1 □ 3.7,[],source_materials/tcool_math_g1_g4_康軒_翰林/grade-4/翰林/answers/P01_R08_安和國小_新北市_4年級_數學_113上_期末2_翰林_答案卷.pdf,2,36個0.1=3.6<3.7。與答案卷「<」一致。,<,verified,independent_calculation,翰林,G4,113,上,期末2,,,,翰林 G4 上 第9章 二位小數,"[""N-4-7""]",[],"[""G4-09-02""]","[""G4-09-02""]",direct,high,"[""36個0.1 vs 3.7 小數比大小，對應 G4-09-02""]",include,first_pass
G4-翰林-113上-期末2-P01_R08_安和國小_新北市_4年級_數學_113上_期末2_翰林::ql-q28,[],G4-翰林-113上-期末2-P01_R08_安和國小_新北市_4年級_數學_113上_期末2_翰林,question_item,verified,source_materials/tcool_math_g1_g4_康軒_翰林/grade-4/翰林/questions/P01_R08_安和國小_新北市_4年級_數學_113上_期末2_翰林_題目卷.pdf,2,"[0, 0, 4047, 5732]",source_materials/tcool_math_g1_g4_康軒_翰林/_analysis/pilot/pages/G4-_-113_-_2-P01_R08_____4____113___2__/page-2.jpg,四-1,應用題：小元請爸爸購買國內遊樂園排名第一的麗寶樂園年票，可在當年度無限次入園。請問小元一年至少要去幾次，買年票才會較划算？（單日票+摩天輪搭乘券888元；年票3800元）,[],source_materials/tcool_math_g1_g4_康軒_翰林/grade-4/翰林/answers/P01_R08_安和國小_新北市_4年級_數學_113上_期末2_翰林_答案卷.pdf,2,3800÷888=4餘248，第4次單日票累計888×4=3552<3800(年票不划算)；第5次888×5=4440>3800，年票才划算，故至少第5次起划算。與答案卷「5次」一致。,5 次,verified,independent_calculation,翰林,G4,113,上,期末2,,,,翰林 G4 上 第6章 除法,"[""N-4-3""]",[],[],[],partial,medium,"[""年票除法應用(3800÷888)判斷划算次數，屬除法應用但無單一對應skill""]",uncertain_review,first_pass
G4-翰林-113上-期末2-P01_R08_安和國小_新北市_4年級_數學_113上_期末2_翰林::ql-q29,[],G4-翰林-113上-期末2-P01_R08_安和國小_新北市_4年級_數學_113上_期末2_翰林,question_item,verified,source_materials/tcool_math_g1_g4_康軒_翰林/grade-4/翰林/questions/P01_R08_安和國小_新北市_4年級_數學_113上_期末2_翰林_題目卷.pdf,2,"[0, 0, 4047, 5732]",source_materials/tcool_math_g1_g4_康軒_翰林/_analysis/pilot/pages/G4-_-113_-_2-P01_R08_____4____113___2__/page-2.jpg,四-2,下表是安和國小四年級學生最喜愛的動物統計表（熊貓32、無尾熊42、企鵝36、草泥馬18、浣熊16），請根據統計表繪製長條圖，並填寫圖表標題：( )長條圖,[],source_materials/tcool_math_g1_g4_康軒_翰林/grade-4/翰林/answers/P01_R08_安和國小_新北市_4年級_數學_113上_期末2_翰林_答案卷.pdf,2,標題直接取統計表名稱「安和國小四年級學生最喜愛的動物」，與答案卷所填一致（長條圖本身之繪製為開放式作圖，不在此獨立驗算範圍）。,安和國小四年級學生最喜愛的動物,verified,independent_calculation,翰林,G4,113,上,期末2,,,,翰林 G4 上 第10章 統計圖表,"[""D-4-1""]",[],"[""G4-10-01""]","[""G4-10-01""]",direct,high,"[""長條圖標題填寫，對應 G4-10-01""]",include,first_pass
G4-翰林-113上-期末2-P01_R08_安和國小_新北市_4年級_數學_113上_期末2_翰林::ql-q30,[],G4-翰林-113上-期末2-P01_R08_安和國小_新北市_4年級_數學_113上_期末2_翰林,question_item,verified,source_materials/tcool_math_g1_g4_康軒_翰林/grade-4/翰林/questions/P01_R08_安和國小_新北市_4年級_數學_113上_期末2_翰林_題目卷.pdf,2,"[0, 0, 4047, 5732]",source_materials/tcool_math_g1_g4_康軒_翰林/_analysis/pilot/pages/G4-_-113_-_2-P01_R08_____4____113___2__/page-2.jpg,四-3,一條緞帶長235公分，小甯布置聖誕樹用掉1.2公尺，還剩下多少公尺？,[],source_materials/tcool_math_g1_g4_康軒_翰林/grade-4/翰林/answers/P01_R08_安和國小_新北市_4年級_數學_113上_期末2_翰林_答案卷.pdf,2,235公分=2.35公尺；2.35-1.2=1.15。與答案卷「235公分=2.35公尺;2.35-1.2=1.15 答:1.15公尺」一致。,1.15 公尺,verified,independent_calculation,翰林,G4,113,上,期末2,,,,翰林 G4 上 第5章 公里,"[""N-4-9""]",[],"[""G4-04-01""]","[""G4-04-01""]",direct,high,"[""235公分=2.35公尺-1.2公尺，對應 G4-04-01 公分/公尺換算與 G4-09 小數減法""]",include,first_pass
G4-翰林-113上-期末2-P01_R08_安和國小_新北市_4年級_數學_113上_期末2_翰林::ql-q31,[],G4-翰林-113上-期末2-P01_R08_安和國小_新北市_4年級_數學_113上_期末2_翰林,question_item,verified,source_materials/tcool_math_g1_g4_康軒_翰林/grade-4/翰林/questions/P01_R08_安和國小_新北市_4年級_數學_113上_期末2_翰林_題目卷.pdf,2,"[0, 0, 4047, 5732]",source_materials/tcool_math_g1_g4_康軒_翰林/_analysis/pilot/pages/G4-_-113_-_2-P01_R08_____4____113___2__/page-2.jpg,四-4,小羽和媽媽到大賣場，買了一袋蘋果280元一個蛋糕450元，媽媽付了1000元，可以找回多少元？,[],source_materials/tcool_math_g1_g4_康軒_翰林/grade-4/翰林/answers/P01_R08_安和國小_新北市_4年級_數學_113上_期末2_翰林_答案卷.pdf,2,280+450=730；1000-730=270。與答案卷「280+450=730;1000-730=270 答:270元」一致。,270 元,verified,independent_calculation,翰林,G4,113,上,期末2,,,,翰林 G4 上 第8章 兩步驟問題與併式,"[""R-4-1""]",[],"[""G4-06-06""]","[""G4-06-06""]",direct,high,"[""蘋果蛋糕總價找零，對應 G4-06-06 加減應用題(一)""]",include,first_pass
G4-翰林-113上-期末2-P01_R08_安和國小_新北市_4年級_數學_113上_期末2_翰林::ql-q32,[],G4-翰林-113上-期末2-P01_R08_安和國小_新北市_4年級_數學_113上_期末2_翰林,question_item,verified,source_materials/tcool_math_g1_g4_康軒_翰林/grade-4/翰林/questions/P01_R08_安和國小_新北市_4年級_數學_113上_期末2_翰林_題目卷.pdf,2,"[0, 0, 4047, 5732]",source_materials/tcool_math_g1_g4_康軒_翰林/_analysis/pilot/pages/G4-_-113_-_2-P01_R08_____4____113___2__/page-2.jpg,四-5,以A為頂點，畫出∠A為120度，且兩腰為6公分的等腰三角形。（等腰三角形請標示頂點A和∠A的角度）,[],source_materials/tcool_math_g1_g4_康軒_翰林/grade-4/翰林/answers/P01_R08_安和國小_新北市_4年級_數學_113上_期末2_翰林_答案卷.pdf,2,開放式作圖題，答案卷未列固定文字答案，不計入verified可用題。,略（開放式尺規作圖題）,needs_review,visual_manual_required,翰林,G4,113,上,期末2,,,,翰林 G4 上 第7章 三角形與全等,"[""S-4-7""]",[],"[""G4-07-03""]",[],uncertain,low,"[""等腰三角形尺規作圖(開放式)，對應 G4-07-03 繪畫和製作三角形，惟無固定文字答案，保留uncertain""]",uncertain_review,first_pass
G1-康軒-108上-期中2-P05_R08_鶴聲國小_屏東縣_1年級_數學_108上_期中2_康軒::ql-q01,"[""G1-康軒-108上-期中2-P05_R08_鶴聲國小_屏東縣_1年級_數學_108上_期中2_康軒-q001"", ""G1-康軒-108上-期中2-P05_R08_鶴聲國小_屏東縣_1年級_數學_108上_期中2_康軒-q002"", ""G1-康軒-108上-期中2-P05_R08_鶴聲國小_屏東縣_1年級_數學_108上_期中2_康軒-q003""]",G1-康軒-108上-期中2-P05_R08_鶴聲國小_屏東縣_1年級_數學_108上_期中2_康軒,question_item,verified,source_materials/tcool_math_g1_g4_康軒_翰林/grade-1/康軒/questions/P05_R08_鶴聲國小_屏東縣_1年級_數學_108上_期中2_康軒_題目卷.pdf,1,"[0, 0, 1754, 2481]",source_materials/tcool_math_g1_g4_康軒_翰林/_analysis/pilot/pages/G1-_-108_-_2-P05_R08_____1____108___2__/page-1.jpg,一-1,按照順序填填看（菱形鏈：15、( )、( )、12、11、( )）,[],source_materials/tcool_math_g1_g4_康軒_翰林/grade-1/康軒/answers/P05_R08_鶴聲國小_屏東縣_1年級_數學_108上_期中2_康軒_答案卷.pdf,1,"等差-1：15,14,13,12,11,10。與答案卷「14/13/10」一致。",14、13、10,verified,independent_calculation,康軒,G1,108,上,期中2,,,,康軒 G1 上 第6章 30 以內的數,"[""N-1-1""]",[],"[""G1-08-05""]","[""G1-08-05""]",direct,high,"[""official N-1-1 一百以內的數"", ""publisher ('康軒', 'G1', '上', 6)"", ""15→10 倒數-1菱形鏈，對應 G1-08-05 運用倒數求更小的數字""]",include,first_pass
G1-康軒-108上-期中2-P05_R08_鶴聲國小_屏東縣_1年級_數學_108上_期中2_康軒::ql-q02,"[""G1-康軒-108上-期中2-P05_R08_鶴聲國小_屏東縣_1年級_數學_108上_期中2_康軒-q001"", ""G1-康軒-108上-期中2-P05_R08_鶴聲國小_屏東縣_1年級_數學_108上_期中2_康軒-q002"", ""G1-康軒-108上-期中2-P05_R08_鶴聲國小_屏東縣_1年級_數學_108上_期中2_康軒-q003""]",G1-康軒-108上-期中2-P05_R08_鶴聲國小_屏東縣_1年級_數學_108上_期中2_康軒,question_item,verified,source_materials/tcool_math_g1_g4_康軒_翰林/grade-1/康軒/questions/P05_R08_鶴聲國小_屏東縣_1年級_數學_108上_期中2_康軒_題目卷.pdf,1,"[0, 0, 1754, 2481]",source_materials/tcool_math_g1_g4_康軒_翰林/_analysis/pilot/pages/G1-_-108_-_2-P05_R08_____1____108___2__/page-1.jpg,一-2,按照順序填填看（烏龜鏈：25、( )、( )、28、( )、30）,[],source_materials/tcool_math_g1_g4_康軒_翰林/grade-1/康軒/answers/P05_R08_鶴聲國小_屏東縣_1年級_數學_108上_期中2_康軒_答案卷.pdf,1,"等差+1：25,26,27,28,29,30。與答案卷「26/27/29」一致。",26、27、29,verified,independent_calculation,康軒,G1,108,上,期中2,,,,康軒 G1 上 第6章 30 以內的數,"[""N-1-1""]",[],"[""G1-08-04""]","[""G1-08-04""]",direct,high,"[""25→30 順數+1烏龜鏈，對應 G1-08-04 運用順數求更大的數字""]",include,first_pass
G1-康軒-108上-期中2-P05_R08_鶴聲國小_屏東縣_1年級_數學_108上_期中2_康軒::ql-q03,"[""G1-康軒-108上-期中2-P05_R08_鶴聲國小_屏東縣_1年級_數學_108上_期中2_康軒-q001"", ""G1-康軒-108上-期中2-P05_R08_鶴聲國小_屏東縣_1年級_數學_108上_期中2_康軒-q002"", ""G1-康軒-108上-期中2-P05_R08_鶴聲國小_屏東縣_1年級_數學_108上_期中2_康軒-q003""]",G1-康軒-108上-期中2-P05_R08_鶴聲國小_屏東縣_1年級_數學_108上_期中2_康軒,question_item,verified,source_materials/tcool_math_g1_g4_康軒_翰林/grade-1/康軒/questions/P05_R08_鶴聲國小_屏東縣_1年級_數學_108上_期中2_康軒_題目卷.pdf,1,"[0, 0, 1754, 2481]",source_materials/tcool_math_g1_g4_康軒_翰林/_analysis/pilot/pages/G1-_-108_-_2-P05_R08_____1____108___2__/page-1.jpg,二-1,畫出一樣多的○，再把數字寫下來（海洋生物圖：魚、海馬、貝殼、螃蟹，表格填數量）,[],source_materials/tcool_math_g1_g4_康軒_翰林/grade-1/康軒/answers/P05_R08_鶴聲國小_屏東縣_1年級_數學_108上_期中2_康軒_答案卷.pdf,1,依答案卷手寫圈選與數字，表格四列依序填3、2、9、4，屬圖像計數題，已對照答案卷畫記結果如實記錄。,蟹3、海馬2、貝殼9、魚4,verified,visual_manual_required,康軒,G1,108,上,期中2,,,,康軒 G1 上 第3章 排順序、比多少,"[""N-1-1""]",[],"[""G1-03-02""]",[],partial,medium,"[""official N-1-1"", ""publisher ('康軒', 'G1', '上', 3)"", ""海洋生物圖像計數填表，貼近 G1-03-02 次序和數量但屬混合物品計數非單一skill精確對應""]",uncertain_review,first_pass
G1-康軒-108上-期中2-P05_R08_鶴聲國小_屏東縣_1年級_數學_108上_期中2_康軒::ql-q04,"[""G1-康軒-108上-期中2-P05_R08_鶴聲國小_屏東縣_1年級_數學_108上_期中2_康軒-q001"", ""G1-康軒-108上-期中2-P05_R08_鶴聲國小_屏東縣_1年級_數學_108上_期中2_康軒-q002"", ""G1-康軒-108上-期中2-P05_R08_鶴聲國小_屏東縣_1年級_數學_108上_期中2_康軒-q003""]",G1-康軒-108上-期中2-P05_R08_鶴聲國小_屏東縣_1年級_數學_108上_期中2_康軒,question_item,verified,source_materials/tcool_math_g1_g4_康軒_翰林/grade-1/康軒/questions/P05_R08_鶴聲國小_屏東縣_1年級_數學_108上_期中2_康軒_題目卷.pdf,1,"[0, 0, 1754, 2481]",source_materials/tcool_math_g1_g4_康軒_翰林/_analysis/pilot/pages/G1-_-108_-_2-P05_R08_____1____108___2__/page-1.jpg,二-2,數一數，多的用「X」畫掉，少的用「○」補上去（刀9把 vs 叉5支）,[],source_materials/tcool_math_g1_g4_康軒_翰林/grade-1/康軒/answers/P05_R08_鶴聲國小_屏東縣_1年級_數學_108上_期中2_康軒_答案卷.pdf,1,依答案卷圖示：刀列補畫2個○成9；叉列以X畫掉4個成5，與列首標示數字9、5一致。,刀補後仍9把；叉：多的X畫掉、不足處以○補，使兩列皆調整為答案卷所示最終狀態,verified,visual_manual_required,康軒,G1,108,上,期中2,,,,康軒 G1 上 第3章 排順序、比多少,"[""N-1-1""]",[],"[""G1-03-06""]","[""G1-03-06""]",direct,high,"[""刀叉數量調整符合標示數字，對應 G1-03-06「比較-多和少」""]",include,first_pass
G1-康軒-108上-期中2-P05_R08_鶴聲國小_屏東縣_1年級_數學_108上_期中2_康軒::ql-q05,"[""G1-康軒-108上-期中2-P05_R08_鶴聲國小_屏東縣_1年級_數學_108上_期中2_康軒-q001"", ""G1-康軒-108上-期中2-P05_R08_鶴聲國小_屏東縣_1年級_數學_108上_期中2_康軒-q002"", ""G1-康軒-108上-期中2-P05_R08_鶴聲國小_屏東縣_1年級_數學_108上_期中2_康軒-q003""]",G1-康軒-108上-期中2-P05_R08_鶴聲國小_屏東縣_1年級_數學_108上_期中2_康軒,question_item,verified,source_materials/tcool_math_g1_g4_康軒_翰林/grade-1/康軒/questions/P05_R08_鶴聲國小_屏東縣_1年級_數學_108上_期中2_康軒_題目卷.pdf,1,"[0, 0, 1754, 2481]",source_materials/tcool_math_g1_g4_康軒_翰林/_analysis/pilot/pages/G1-_-108_-_2-P05_R08_____1____108___2__/page-1.jpg,二-3,桌子上有3個蛋糕和8瓶蜂蜜。畫○做做看，再比一比，多的打✓，少的打X,[],source_materials/tcool_math_g1_g4_康軒_翰林/grade-1/康軒/answers/P05_R08_鶴聲國小_屏東縣_1年級_數學_108上_期中2_康軒_答案卷.pdf,1,題幹已知數字3與8直接決定多寡：8>3，故蜂蜜列打✓、蛋糕列打X。與答案卷圈畫3個、8個並標示一致。,蛋糕3、蜂蜜8；8瓶較多(✓)，3個較少(X),verified,independent_calculation,康軒,G1,108,上,期中2,,,,康軒 G1 上 第3章 排順序、比多少,"[""N-1-1""]",[],"[""G1-03-06""]","[""G1-03-06""]",direct,high,"[""3個蛋糕vs8瓶蜂蜜多少比較，對應 G1-03-06""]",include,first_pass
G1-康軒-108上-期中2-P05_R08_鶴聲國小_屏東縣_1年級_數學_108上_期中2_康軒::ql-q06,"[""G1-康軒-108上-期中2-P05_R08_鶴聲國小_屏東縣_1年級_數學_108上_期中2_康軒-q001"", ""G1-康軒-108上-期中2-P05_R08_鶴聲國小_屏東縣_1年級_數學_108上_期中2_康軒-q002"", ""G1-康軒-108上-期中2-P05_R08_鶴聲國小_屏東縣_1年級_數學_108上_期中2_康軒-q003""]",G1-康軒-108上-期中2-P05_R08_鶴聲國小_屏東縣_1年級_數學_108上_期中2_康軒,question_item,verified,source_materials/tcool_math_g1_g4_康軒_翰林/grade-1/康軒/questions/P05_R08_鶴聲國小_屏東縣_1年級_數學_108上_期中2_康軒_題目卷.pdf,1,"[0, 0, 1754, 2481]",source_materials/tcool_math_g1_g4_康軒_翰林/_analysis/pilot/pages/G1-_-108_-_2-P05_R08_____1____108___2__/page-1.jpg,二-4-(1),看提示，塗塗看：第4個氣球（從標示「第1個」的氣球開始數）,[],source_materials/tcool_math_g1_g4_康軒_翰林/grade-1/康軒/answers/P05_R08_鶴聲國小_屏東縣_1年級_數學_108上_期中2_康軒_答案卷.pdf,1,依答案卷塗色位置為標示起點後的第4個氣球，屬定位塗色題，已對照答案卷塗色格。,從第1個氣球起數第4個，塗色該氣球,verified,visual_manual_required,康軒,G1,108,上,期中2,,,,康軒 G1 上 第3章 排順序、比多少,"[""N-1-1""]",[],"[""G1-03-02""]","[""G1-03-02""]",direct,high,"[""從標示起點數第4個氣球塗色，對應 G1-03-02 次序和數量""]",include,first_pass
G1-康軒-108上-期中2-P05_R08_鶴聲國小_屏東縣_1年級_數學_108上_期中2_康軒::ql-q07,"[""G1-康軒-108上-期中2-P05_R08_鶴聲國小_屏東縣_1年級_數學_108上_期中2_康軒-q001"", ""G1-康軒-108上-期中2-P05_R08_鶴聲國小_屏東縣_1年級_數學_108上_期中2_康軒-q002"", ""G1-康軒-108上-期中2-P05_R08_鶴聲國小_屏東縣_1年級_數學_108上_期中2_康軒-q003""]",G1-康軒-108上-期中2-P05_R08_鶴聲國小_屏東縣_1年級_數學_108上_期中2_康軒,question_item,verified,source_materials/tcool_math_g1_g4_康軒_翰林/grade-1/康軒/questions/P05_R08_鶴聲國小_屏東縣_1年級_數學_108上_期中2_康軒_題目卷.pdf,1,"[0, 0, 1754, 2481]",source_materials/tcool_math_g1_g4_康軒_翰林/_analysis/pilot/pages/G1-_-108_-_2-P05_R08_____1____108___2__/page-1.jpg,二-4-(2),看提示，塗塗看：前面8棵（從標示「第1棵」的樹開始數）,[],source_materials/tcool_math_g1_g4_康軒_翰林/grade-1/康軒/answers/P05_R08_鶴聲國小_屏東縣_1年級_數學_108上_期中2_康軒_答案卷.pdf,1,依答案卷塗色範圍為標示起點後的前8棵樹，已對照答案卷塗色格。,從第1棵樹起，前8棵皆塗色,verified,visual_manual_required,康軒,G1,108,上,期中2,,,,康軒 G1 上 第3章 排順序、比多少,"[""N-1-1""]",[],"[""G1-03-02""]","[""G1-03-02""]",direct,high,"[""前面8棵樹塗色，對應 G1-03-02""]",include,first_pass
G1-康軒-108上-期中2-P05_R08_鶴聲國小_屏東縣_1年級_數學_108上_期中2_康軒::ql-q08,"[""G1-康軒-108上-期中2-P05_R08_鶴聲國小_屏東縣_1年級_數學_108上_期中2_康軒-q001"", ""G1-康軒-108上-期中2-P05_R08_鶴聲國小_屏東縣_1年級_數學_108上_期中2_康軒-q002"", ""G1-康軒-108上-期中2-P05_R08_鶴聲國小_屏東縣_1年級_數學_108上_期中2_康軒-q003""]",G1-康軒-108上-期中2-P05_R08_鶴聲國小_屏東縣_1年級_數學_108上_期中2_康軒,question_item,verified,source_materials/tcool_math_g1_g4_康軒_翰林/grade-1/康軒/questions/P05_R08_鶴聲國小_屏東縣_1年級_數學_108上_期中2_康軒_題目卷.pdf,1,"[0, 0, 1754, 2481]",source_materials/tcool_math_g1_g4_康軒_翰林/_analysis/pilot/pages/G1-_-108_-_2-P05_R08_____1____108___2__/page-1.jpg,三-1,在□裡填入適當的數：4和2合起來是( ),[],source_materials/tcool_math_g1_g4_康軒_翰林/grade-1/康軒/answers/P05_R08_鶴聲國小_屏東縣_1年級_數學_108上_期中2_康軒_答案卷.pdf,1,4+2=6。與答案卷「6」一致。,6,verified,independent_calculation,康軒,G1,108,上,期中2,,,,康軒 G1 上 第4章 分與合,"[""N-1-2"", ""N-1-3""]",[],"[""G1-04-02""]","[""G1-04-02""]",direct,high,"[""4和2合起來是6，對應 G1-04-02「2至5各數的分與合」延伸""]",include,first_pass
G1-康軒-108上-期中2-P05_R08_鶴聲國小_屏東縣_1年級_數學_108上_期中2_康軒::ql-q09,"[""G1-康軒-108上-期中2-P05_R08_鶴聲國小_屏東縣_1年級_數學_108上_期中2_康軒-q001"", ""G1-康軒-108上-期中2-P05_R08_鶴聲國小_屏東縣_1年級_數學_108上_期中2_康軒-q002"", ""G1-康軒-108上-期中2-P05_R08_鶴聲國小_屏東縣_1年級_數學_108上_期中2_康軒-q003""]",G1-康軒-108上-期中2-P05_R08_鶴聲國小_屏東縣_1年級_數學_108上_期中2_康軒,question_item,verified,source_materials/tcool_math_g1_g4_康軒_翰林/grade-1/康軒/questions/P05_R08_鶴聲國小_屏東縣_1年級_數學_108上_期中2_康軒_題目卷.pdf,1,"[0, 0, 1754, 2481]",source_materials/tcool_math_g1_g4_康軒_翰林/_analysis/pilot/pages/G1-_-108_-_2-P05_R08_____1____108___2__/page-1.jpg,三-2,( )和5合起來是8,[],source_materials/tcool_math_g1_g4_康軒_翰林/grade-1/康軒/answers/P05_R08_鶴聲國小_屏東縣_1年級_數學_108上_期中2_康軒_答案卷.pdf,1,8-5=3。與答案卷「3」一致。,3,verified,independent_calculation,康軒,G1,108,上,期中2,,,,康軒 G1 上 第4章 分與合,"[""N-1-2"", ""N-1-3""]",[],"[""G1-04-03""]","[""G1-04-03""]",direct,high,"[""()和5合起來是8，對應 G1-04-03「6至10各數的分與合」""]",include,first_pass
G1-康軒-108上-期中2-P05_R08_鶴聲國小_屏東縣_1年級_數學_108上_期中2_康軒::ql-q10,"[""G1-康軒-108上-期中2-P05_R08_鶴聲國小_屏東縣_1年級_數學_108上_期中2_康軒-q001"", ""G1-康軒-108上-期中2-P05_R08_鶴聲國小_屏東縣_1年級_數學_108上_期中2_康軒-q002"", ""G1-康軒-108上-期中2-P05_R08_鶴聲國小_屏東縣_1年級_數學_108上_期中2_康軒-q003""]",G1-康軒-108上-期中2-P05_R08_鶴聲國小_屏東縣_1年級_數學_108上_期中2_康軒,question_item,verified,source_materials/tcool_math_g1_g4_康軒_翰林/grade-1/康軒/questions/P05_R08_鶴聲國小_屏東縣_1年級_數學_108上_期中2_康軒_題目卷.pdf,1,"[0, 0, 1754, 2481]",source_materials/tcool_math_g1_g4_康軒_翰林/_analysis/pilot/pages/G1-_-108_-_2-P05_R08_____1____108___2__/page-1.jpg,三-3,7和1合起來是( ),[],source_materials/tcool_math_g1_g4_康軒_翰林/grade-1/康軒/answers/P05_R08_鶴聲國小_屏東縣_1年級_數學_108上_期中2_康軒_答案卷.pdf,1,7+1=8。與答案卷「8」一致。,8,verified,independent_calculation,康軒,G1,108,上,期中2,,,,康軒 G1 上 第4章 分與合,"[""N-1-2"", ""N-1-3""]",[],"[""G1-04-03""]","[""G1-04-03""]",direct,high,"[""7和1合起來是8，對應 G1-04-03""]",include,first_pass
G1-康軒-108上-期中2-P05_R08_鶴聲國小_屏東縣_1年級_數學_108上_期中2_康軒::ql-q11,"[""G1-康軒-108上-期中2-P05_R08_鶴聲國小_屏東縣_1年級_數學_108上_期中2_康軒-q001"", ""G1-康軒-108上-期中2-P05_R08_鶴聲國小_屏東縣_1年級_數學_108上_期中2_康軒-q002"", ""G1-康軒-108上-期中2-P05_R08_鶴聲國小_屏東縣_1年級_數學_108上_期中2_康軒-q003""]",G1-康軒-108上-期中2-P05_R08_鶴聲國小_屏東縣_1年級_數學_108上_期中2_康軒,question_item,verified,source_materials/tcool_math_g1_g4_康軒_翰林/grade-1/康軒/questions/P05_R08_鶴聲國小_屏東縣_1年級_數學_108上_期中2_康軒_題目卷.pdf,1,"[0, 0, 1754, 2481]",source_materials/tcool_math_g1_g4_康軒_翰林/_analysis/pilot/pages/G1-_-108_-_2-P05_R08_____1____108___2__/page-1.jpg,三-4,9是由( )和4合起來的,[],source_materials/tcool_math_g1_g4_康軒_翰林/grade-1/康軒/answers/P05_R08_鶴聲國小_屏東縣_1年級_數學_108上_期中2_康軒_答案卷.pdf,1,9-4=5。與答案卷「5」一致。,5,verified,independent_calculation,康軒,G1,108,上,期中2,,,,康軒 G1 上 第4章 分與合,"[""N-1-2"", ""N-1-3""]",[],"[""G1-04-03""]","[""G1-04-03""]",direct,high,"[""9是由()和4合起來，對應 G1-04-03""]",include,first_pass
G1-康軒-108上-期中2-P05_R08_鶴聲國小_屏東縣_1年級_數學_108上_期中2_康軒::ql-q12,"[""G1-康軒-108上-期中2-P05_R08_鶴聲國小_屏東縣_1年級_數學_108上_期中2_康軒-q001"", ""G1-康軒-108上-期中2-P05_R08_鶴聲國小_屏東縣_1年級_數學_108上_期中2_康軒-q002"", ""G1-康軒-108上-期中2-P05_R08_鶴聲國小_屏東縣_1年級_數學_108上_期中2_康軒-q003""]",G1-康軒-108上-期中2-P05_R08_鶴聲國小_屏東縣_1年級_數學_108上_期中2_康軒,question_item,verified,source_materials/tcool_math_g1_g4_康軒_翰林/grade-1/康軒/questions/P05_R08_鶴聲國小_屏東縣_1年級_數學_108上_期中2_康軒_題目卷.pdf,1,"[0, 0, 1754, 2481]",source_materials/tcool_math_g1_g4_康軒_翰林/_analysis/pilot/pages/G1-_-108_-_2-P05_R08_____1____108___2__/page-1.jpg,三-5,5是由3和( )合起來的,[],source_materials/tcool_math_g1_g4_康軒_翰林/grade-1/康軒/answers/P05_R08_鶴聲國小_屏東縣_1年級_數學_108上_期中2_康軒_答案卷.pdf,1,5-3=2。與答案卷「2」一致。,2,verified,independent_calculation,康軒,G1,108,上,期中2,,,,康軒 G1 上 第4章 分與合,"[""N-1-2"", ""N-1-3""]",[],"[""G1-04-02""]","[""G1-04-02""]",direct,high,"[""5是由3和()合起來，對應 G1-04-02""]",include,first_pass
G1-康軒-108上-期中2-P05_R08_鶴聲國小_屏東縣_1年級_數學_108上_期中2_康軒::ql-q13,"[""G1-康軒-108上-期中2-P05_R08_鶴聲國小_屏東縣_1年級_數學_108上_期中2_康軒-q001"", ""G1-康軒-108上-期中2-P05_R08_鶴聲國小_屏東縣_1年級_數學_108上_期中2_康軒-q002"", ""G1-康軒-108上-期中2-P05_R08_鶴聲國小_屏東縣_1年級_數學_108上_期中2_康軒-q003""]",G1-康軒-108上-期中2-P05_R08_鶴聲國小_屏東縣_1年級_數學_108上_期中2_康軒,question_item,verified,source_materials/tcool_math_g1_g4_康軒_翰林/grade-1/康軒/questions/P05_R08_鶴聲國小_屏東縣_1年級_數學_108上_期中2_康軒_題目卷.pdf,1,"[0, 0, 1754, 2481]",source_materials/tcool_math_g1_g4_康軒_翰林/_analysis/pilot/pages/G1-_-108_-_2-P05_R08_____1____108___2__/page-1.jpg,三-6,10是由6和( )合起來的,[],source_materials/tcool_math_g1_g4_康軒_翰林/grade-1/康軒/answers/P05_R08_鶴聲國小_屏東縣_1年級_數學_108上_期中2_康軒_答案卷.pdf,1,10-6=4。與答案卷「4」一致。,4,verified,independent_calculation,康軒,G1,108,上,期中2,,,,康軒 G1 上 第4章 分與合,"[""N-1-2"", ""N-1-3""]",[],"[""G1-04-03""]","[""G1-04-03""]",direct,high,"[""10是由6和()合起來，對應 G1-04-03""]",include,first_pass
G1-康軒-108上-期中2-P05_R08_鶴聲國小_屏東縣_1年級_數學_108上_期中2_康軒::ql-q14,"[""G1-康軒-108上-期中2-P05_R08_鶴聲國小_屏東縣_1年級_數學_108上_期中2_康軒-q001"", ""G1-康軒-108上-期中2-P05_R08_鶴聲國小_屏東縣_1年級_數學_108上_期中2_康軒-q002"", ""G1-康軒-108上-期中2-P05_R08_鶴聲國小_屏東縣_1年級_數學_108上_期中2_康軒-q003""]",G1-康軒-108上-期中2-P05_R08_鶴聲國小_屏東縣_1年級_數學_108上_期中2_康軒,question_item,verified,source_materials/tcool_math_g1_g4_康軒_翰林/grade-1/康軒/questions/P05_R08_鶴聲國小_屏東縣_1年級_數學_108上_期中2_康軒_題目卷.pdf,1,"[0, 0, 1754, 2481]",source_materials/tcool_math_g1_g4_康軒_翰林/_analysis/pilot/pages/G1-_-108_-_2-P05_R08_____1____108___2__/page-1.jpg,四-1-(1),比較長的打✓：(1)兩條波浪繩子圖,[],source_materials/tcool_math_g1_g4_康軒_翰林/grade-1/康軒/answers/P05_R08_鶴聲國小_屏東縣_1年級_數學_108上_期中2_康軒_答案卷.pdf,1,答案卷勾選第2條(下方，彎曲較密的繩子)。屬視覺長度判斷題。,第2條（較多彎曲、攤直後較長）,verified,visual_manual_required,康軒,G1,108,上,期中2,,,,康軒 G1 上 第2章 比長短,"[""S-1-1""]",[],"[""G1-02-01""]","[""G1-02-01""]",direct,high,"[""波浪繩子長度比較，對應 G1-02-01 直接比較長度-長短""]",include,first_pass
G1-康軒-108上-期中2-P05_R08_鶴聲國小_屏東縣_1年級_數學_108上_期中2_康軒::ql-q15,"[""G1-康軒-108上-期中2-P05_R08_鶴聲國小_屏東縣_1年級_數學_108上_期中2_康軒-q001"", ""G1-康軒-108上-期中2-P05_R08_鶴聲國小_屏東縣_1年級_數學_108上_期中2_康軒-q002"", ""G1-康軒-108上-期中2-P05_R08_鶴聲國小_屏東縣_1年級_數學_108上_期中2_康軒-q003""]",G1-康軒-108上-期中2-P05_R08_鶴聲國小_屏東縣_1年級_數學_108上_期中2_康軒,question_item,verified,source_materials/tcool_math_g1_g4_康軒_翰林/grade-1/康軒/questions/P05_R08_鶴聲國小_屏東縣_1年級_數學_108上_期中2_康軒_題目卷.pdf,1,"[0, 0, 1754, 2481]",source_materials/tcool_math_g1_g4_康軒_翰林/_analysis/pilot/pages/G1-_-108_-_2-P05_R08_____1____108___2__/page-1.jpg,四-1-(2),(2)兩個螺旋圖,[],source_materials/tcool_math_g1_g4_康軒_翰林/grade-1/康軒/answers/P05_R08_鶴聲國小_屏東縣_1年級_數學_108上_期中2_康軒_答案卷.pdf,1,答案卷勾選第2個螺旋(圈數較多者)。屬視覺長度判斷題。,第2個（圈數較多，攤直後較長）,verified,visual_manual_required,康軒,G1,108,上,期中2,,,,康軒 G1 上 第2章 比長短,"[""S-1-1""]",[],"[""G1-02-01""]","[""G1-02-01""]",direct,high,"[""螺旋圖長度比較，對應 G1-02-01""]",include,first_pass
G1-康軒-108上-期中2-P05_R08_鶴聲國小_屏東縣_1年級_數學_108上_期中2_康軒::ql-q16,"[""G1-康軒-108上-期中2-P05_R08_鶴聲國小_屏東縣_1年級_數學_108上_期中2_康軒-q001"", ""G1-康軒-108上-期中2-P05_R08_鶴聲國小_屏東縣_1年級_數學_108上_期中2_康軒-q002"", ""G1-康軒-108上-期中2-P05_R08_鶴聲國小_屏東縣_1年級_數學_108上_期中2_康軒-q003""]",G1-康軒-108上-期中2-P05_R08_鶴聲國小_屏東縣_1年級_數學_108上_期中2_康軒,question_item,verified,source_materials/tcool_math_g1_g4_康軒_翰林/grade-1/康軒/questions/P05_R08_鶴聲國小_屏東縣_1年級_數學_108上_期中2_康軒_題目卷.pdf,1,"[0, 0, 1754, 2481]",source_materials/tcool_math_g1_g4_康軒_翰林/_analysis/pilot/pages/G1-_-108_-_2-P05_R08_____1____108___2__/page-1.jpg,四-2,下圖哪一本比較厚打✓（兩本書圖）,[],source_materials/tcool_math_g1_g4_康軒_翰林/grade-1/康軒/answers/P05_R08_鶴聲國小_屏東縣_1年級_數學_108上_期中2_康軒_答案卷.pdf,1,答案卷勾選第2本(繪製較厚)。,第2本,verified,visual_manual_required,康軒,G1,108,上,期中2,,,,康軒 G1 上 第2章 比長短,"[""S-1-1""]",[],"[""G1-02-04""]","[""G1-02-04""]",direct,high,"[""書本厚薄比較，對應 G1-02-04 直接比較長度-高矮、厚薄""]",include,first_pass
G1-康軒-108上-期中2-P05_R08_鶴聲國小_屏東縣_1年級_數學_108上_期中2_康軒::ql-q17,"[""G1-康軒-108上-期中2-P05_R08_鶴聲國小_屏東縣_1年級_數學_108上_期中2_康軒-q001"", ""G1-康軒-108上-期中2-P05_R08_鶴聲國小_屏東縣_1年級_數學_108上_期中2_康軒-q002"", ""G1-康軒-108上-期中2-P05_R08_鶴聲國小_屏東縣_1年級_數學_108上_期中2_康軒-q003""]",G1-康軒-108上-期中2-P05_R08_鶴聲國小_屏東縣_1年級_數學_108上_期中2_康軒,question_item,verified,source_materials/tcool_math_g1_g4_康軒_翰林/grade-1/康軒/questions/P05_R08_鶴聲國小_屏東縣_1年級_數學_108上_期中2_康軒_題目卷.pdf,1,"[0, 0, 1754, 2481]",source_materials/tcool_math_g1_g4_康軒_翰林/_analysis/pilot/pages/G1-_-108_-_2-P05_R08_____1____108___2__/page-1.jpg,四-3,最高的打✓，最矮的打X（三名站在階梯上的兒童）,[],source_materials/tcool_math_g1_g4_康軒_翰林/grade-1/康軒/answers/P05_R08_鶴聲國小_屏東縣_1年級_數學_108上_期中2_康軒_答案卷.pdf,1,依站立階梯高度，最右者最高、最左者最矮，與答案卷「左X、右✓」一致。,最右側兒童✓（站最高階）；最左側兒童X（站最低階）,verified,visual_manual_required,康軒,G1,108,上,期中2,,,,康軒 G1 上 第2章 比長短,"[""S-1-1""]",[],"[""G1-02-05""]","[""G1-02-05""]",direct,high,"[""三名兒童身高最高最矮判斷，對應 G1-02-05""]",include,first_pass
G1-康軒-108上-期中2-P05_R08_鶴聲國小_屏東縣_1年級_數學_108上_期中2_康軒::ql-q18,"[""G1-康軒-108上-期中2-P05_R08_鶴聲國小_屏東縣_1年級_數學_108上_期中2_康軒-q001"", ""G1-康軒-108上-期中2-P05_R08_鶴聲國小_屏東縣_1年級_數學_108上_期中2_康軒-q002"", ""G1-康軒-108上-期中2-P05_R08_鶴聲國小_屏東縣_1年級_數學_108上_期中2_康軒-q003""]",G1-康軒-108上-期中2-P05_R08_鶴聲國小_屏東縣_1年級_數學_108上_期中2_康軒,question_item,verified,source_materials/tcool_math_g1_g4_康軒_翰林/grade-1/康軒/questions/P05_R08_鶴聲國小_屏東縣_1年級_數學_108上_期中2_康軒_題目卷.pdf,1,"[0, 0, 1754, 2481]",source_materials/tcool_math_g1_g4_康軒_翰林/_analysis/pilot/pages/G1-_-108_-_2-P05_R08_____1____108___2__/page-1.jpg,四-4,最大的數打✓，最小的數打X：19、26、30,[],source_materials/tcool_math_g1_g4_康軒_翰林/grade-1/康軒/answers/P05_R08_鶴聲國小_屏東縣_1年級_數學_108上_期中2_康軒_答案卷.pdf,1,30>26>19，最大30、最小19。與答案卷「19X、30✓」一致。,30✓，19X,verified,independent_calculation,康軒,G1,108,上,期中2,,,,康軒 G1 上 第6章 30 以內的數,"[""N-1-1""]",[],"[""G1-08-03""]","[""G1-08-03""]",direct,high,"[""19/26/30最大最小判斷，對應 G1-08-03「比較20以內、不多於4個數字的大小」""]",include,first_pass
G1-康軒-108上-期中2-P05_R08_鶴聲國小_屏東縣_1年級_數學_108上_期中2_康軒::ql-q19,"[""G1-康軒-108上-期中2-P05_R08_鶴聲國小_屏東縣_1年級_數學_108上_期中2_康軒-q001"", ""G1-康軒-108上-期中2-P05_R08_鶴聲國小_屏東縣_1年級_數學_108上_期中2_康軒-q002"", ""G1-康軒-108上-期中2-P05_R08_鶴聲國小_屏東縣_1年級_數學_108上_期中2_康軒-q003""]",G1-康軒-108上-期中2-P05_R08_鶴聲國小_屏東縣_1年級_數學_108上_期中2_康軒,question_item,verified,source_materials/tcool_math_g1_g4_康軒_翰林/grade-1/康軒/questions/P05_R08_鶴聲國小_屏東縣_1年級_數學_108上_期中2_康軒_題目卷.pdf,1,"[0, 0, 1754, 2481]",source_materials/tcool_math_g1_g4_康軒_翰林/_analysis/pilot/pages/G1-_-108_-_2-P05_R08_____1____108___2__/page-1.jpg,四-5,最多的打✓，最少的打X（三疊橢圓堆疊圖）,[],source_materials/tcool_math_g1_g4_康軒_翰林/grade-1/康軒/answers/P05_R08_鶴聲國小_屏東縣_1年級_數學_108上_期中2_康軒_答案卷.pdf,1,依答案卷標示，第三疊(橢圓數最多)打✓、第二疊(最少)打X，第一疊不標示。,依堆疊層數最多者✓、最少者X（第三疊✓、第二疊X）,verified,visual_manual_required,康軒,G1,108,上,期中2,,,,康軒 G1 上 第3章 排順序、比多少,"[""N-1-1""]",[],"[""G1-03-06""]","[""G1-03-06""]",direct,high,"[""三疊橢圓堆疊數量最多最少判斷，對應 G1-03-06""]",include,first_pass
G1-康軒-108上-期中2-P05_R08_鶴聲國小_屏東縣_1年級_數學_108上_期中2_康軒::ql-q20,"[""G1-康軒-108上-期中2-P05_R08_鶴聲國小_屏東縣_1年級_數學_108上_期中2_康軒-q004"", ""G1-康軒-108上-期中2-P05_R08_鶴聲國小_屏東縣_1年級_數學_108上_期中2_康軒-q005"", ""G1-康軒-108上-期中2-P05_R08_鶴聲國小_屏東縣_1年級_數學_108上_期中2_康軒-q006"", ""G1-康軒-108上-期中2-P05_R08_鶴聲國小_屏東縣_1年級_數學_108上_期中2_康軒-q007"", ""G1-康軒-108上-期中2-P05_R08_鶴聲國小_屏東縣_1年級_數學_108上_期中2_康軒-q008"", ""G1-康軒-108上-期中2-P05_R08_鶴聲國小_屏東縣_1年級_數學_108上_期中2_康軒-q009""]",G1-康軒-108上-期中2-P05_R08_鶴聲國小_屏東縣_1年級_數學_108上_期中2_康軒,question_item,verified,source_materials/tcool_math_g1_g4_康軒_翰林/grade-1/康軒/questions/P05_R08_鶴聲國小_屏東縣_1年級_數學_108上_期中2_康軒_題目卷.pdf,2,"[0, 0, 1754, 2481]",source_materials/tcool_math_g1_g4_康軒_翰林/_analysis/pilot/pages/G1-_-108_-_2-P05_R08_____1____108___2__/page-2.jpg,五-1,圈出正確的數量（標示8，圈出圖中10個橢圓中的8個）,[],source_materials/tcool_math_g1_g4_康軒_翰林/grade-1/康軒/answers/P05_R08_鶴聲國小_屏東縣_1年級_數學_108上_期中2_康軒_答案卷.pdf,2,依標示數量8，圈選圖中任意8個橢圓即為正確，與答案卷圈選8個一致。,圈出其中8個橢圓,verified,independent_calculation,康軒,G1,108,上,期中2,,,,康軒 G1 上 第1章 10 以內的數,"[""N-1-1""]",[],"[""G1-01-01""]","[""G1-01-01""]",direct,high,"[""圈出標示數量8個，對應 G1-01-01「10以內的數-數數」""]",include,first_pass
G1-康軒-108上-期中2-P05_R08_鶴聲國小_屏東縣_1年級_數學_108上_期中2_康軒::ql-q21,"[""G1-康軒-108上-期中2-P05_R08_鶴聲國小_屏東縣_1年級_數學_108上_期中2_康軒-q004"", ""G1-康軒-108上-期中2-P05_R08_鶴聲國小_屏東縣_1年級_數學_108上_期中2_康軒-q005"", ""G1-康軒-108上-期中2-P05_R08_鶴聲國小_屏東縣_1年級_數學_108上_期中2_康軒-q006"", ""G1-康軒-108上-期中2-P05_R08_鶴聲國小_屏東縣_1年級_數學_108上_期中2_康軒-q007"", ""G1-康軒-108上-期中2-P05_R08_鶴聲國小_屏東縣_1年級_數學_108上_期中2_康軒-q008"", ""G1-康軒-108上-期中2-P05_R08_鶴聲國小_屏東縣_1年級_數學_108上_期中2_康軒-q009""]",G1-康軒-108上-期中2-P05_R08_鶴聲國小_屏東縣_1年級_數學_108上_期中2_康軒,question_item,verified,source_materials/tcool_math_g1_g4_康軒_翰林/grade-1/康軒/questions/P05_R08_鶴聲國小_屏東縣_1年級_數學_108上_期中2_康軒_題目卷.pdf,2,"[0, 0, 1754, 2481]",source_materials/tcool_math_g1_g4_康軒_翰林/_analysis/pilot/pages/G1-_-108_-_2-P05_R08_____1____108___2__/page-2.jpg,五-2,有7張圖畫紙和9個小朋友，一個人拿1張，圖畫紙夠不夠？(夠，不夠),[],source_materials/tcool_math_g1_g4_康軒_翰林/grade-1/康軒/answers/P05_R08_鶴聲國小_屏東縣_1年級_數學_108上_期中2_康軒_答案卷.pdf,2,7<9，不夠分給每人一張。與答案卷圈選「不夠」一致。,不夠,verified,independent_calculation,康軒,G1,108,上,期中2,,,,康軒 G1 上 第3章 排順序、比多少,"[""N-1-1""]",[],"[""G1-03-06""]","[""G1-03-06""]",direct,high,"[""7張紙9個小朋友夠不夠判斷，對應 G1-03-06 比較多和少""]",include,first_pass
G1-康軒-108上-期中2-P05_R08_鶴聲國小_屏東縣_1年級_數學_108上_期中2_康軒::ql-q22,"[""G1-康軒-108上-期中2-P05_R08_鶴聲國小_屏東縣_1年級_數學_108上_期中2_康軒-q004"", ""G1-康軒-108上-期中2-P05_R08_鶴聲國小_屏東縣_1年級_數學_108上_期中2_康軒-q005"", ""G1-康軒-108上-期中2-P05_R08_鶴聲國小_屏東縣_1年級_數學_108上_期中2_康軒-q006"", ""G1-康軒-108上-期中2-P05_R08_鶴聲國小_屏東縣_1年級_數學_108上_期中2_康軒-q007"", ""G1-康軒-108上-期中2-P05_R08_鶴聲國小_屏東縣_1年級_數學_108上_期中2_康軒-q008"", ""G1-康軒-108上-期中2-P05_R08_鶴聲國小_屏東縣_1年級_數學_108上_期中2_康軒-q009""]",G1-康軒-108上-期中2-P05_R08_鶴聲國小_屏東縣_1年級_數學_108上_期中2_康軒,question_item,verified,source_materials/tcool_math_g1_g4_康軒_翰林/grade-1/康軒/questions/P05_R08_鶴聲國小_屏東縣_1年級_數學_108上_期中2_康軒_題目卷.pdf,2,"[0, 0, 1754, 2481]",source_materials/tcool_math_g1_g4_康軒_翰林/_analysis/pilot/pages/G1-_-108_-_2-P05_R08_____1____108___2__/page-2.jpg,五-3,10個、10個圈起來，再數一數，有多少隻蜻蜓？,[],source_materials/tcool_math_g1_g4_康軒_翰林/grade-1/康軒/answers/P05_R08_鶴聲國小_屏東縣_1年級_數學_108上_期中2_康軒_答案卷.pdf,2,答案卷以10個一組圈選兩組後餘9隻，合計29隻，屬圖像計數題，已對照答案卷圈選結果與最終書寫「29」。,29 隻,verified,visual_manual_required,康軒,G1,108,上,期中2,,,,康軒 G1 上 第6章 30 以內的數,"[""N-1-1""]",[],"[""G1-08-01""]",[],partial,medium,"[""蜻蜓計數29隻，對應 G1-08-01 但為圖像計數非標準數數練習，列partial""]",uncertain_review,first_pass
G1-康軒-108上-期中2-P05_R08_鶴聲國小_屏東縣_1年級_數學_108上_期中2_康軒::ql-q23,"[""G1-康軒-108上-期中2-P05_R08_鶴聲國小_屏東縣_1年級_數學_108上_期中2_康軒-q004"", ""G1-康軒-108上-期中2-P05_R08_鶴聲國小_屏東縣_1年級_數學_108上_期中2_康軒-q005"", ""G1-康軒-108上-期中2-P05_R08_鶴聲國小_屏東縣_1年級_數學_108上_期中2_康軒-q006"", ""G1-康軒-108上-期中2-P05_R08_鶴聲國小_屏東縣_1年級_數學_108上_期中2_康軒-q007"", ""G1-康軒-108上-期中2-P05_R08_鶴聲國小_屏東縣_1年級_數學_108上_期中2_康軒-q008"", ""G1-康軒-108上-期中2-P05_R08_鶴聲國小_屏東縣_1年級_數學_108上_期中2_康軒-q009""]",G1-康軒-108上-期中2-P05_R08_鶴聲國小_屏東縣_1年級_數學_108上_期中2_康軒,question_item,verified,source_materials/tcool_math_g1_g4_康軒_翰林/grade-1/康軒/questions/P05_R08_鶴聲國小_屏東縣_1年級_數學_108上_期中2_康軒_題目卷.pdf,2,"[0, 0, 1754, 2481]",source_materials/tcool_math_g1_g4_康軒_翰林/_analysis/pilot/pages/G1-_-108_-_2-P05_R08_____1____108___2__/page-2.jpg,六-1,哪些物品屬於「容易滾動」的，在□裡打✓（紙箱、圓柱罐、扁長方體、球）,[],source_materials/tcool_math_g1_g4_康軒_翰林/grade-1/康軒/answers/P05_R08_鶴聲國小_屏東縣_1年級_數學_108上_期中2_康軒_答案卷.pdf,2,圓柱罐(側放可滾)與球(全曲面可滾)容易滾動；紙箱與扁長方體皆為平面多，不易滾動。與答案卷勾選第2、4項一致。,圓柱罐、球,verified,independent_calculation,康軒,G1,108,上,期中2,,,,康軒 G1 上 第5章 方盒、圓罐、球,"[""S-1-2""]",[],"[""G1-05-01""]","[""G1-05-01""]",direct,high,"[""容易滾動物品判斷，對應 G1-05-01 認識立體圖形""]",include,first_pass
G1-康軒-108上-期中2-P05_R08_鶴聲國小_屏東縣_1年級_數學_108上_期中2_康軒::ql-q24,"[""G1-康軒-108上-期中2-P05_R08_鶴聲國小_屏東縣_1年級_數學_108上_期中2_康軒-q004"", ""G1-康軒-108上-期中2-P05_R08_鶴聲國小_屏東縣_1年級_數學_108上_期中2_康軒-q005"", ""G1-康軒-108上-期中2-P05_R08_鶴聲國小_屏東縣_1年級_數學_108上_期中2_康軒-q006"", ""G1-康軒-108上-期中2-P05_R08_鶴聲國小_屏東縣_1年級_數學_108上_期中2_康軒-q007"", ""G1-康軒-108上-期中2-P05_R08_鶴聲國小_屏東縣_1年級_數學_108上_期中2_康軒-q008"", ""G1-康軒-108上-期中2-P05_R08_鶴聲國小_屏東縣_1年級_數學_108上_期中2_康軒-q009""]",G1-康軒-108上-期中2-P05_R08_鶴聲國小_屏東縣_1年級_數學_108上_期中2_康軒,question_item,verified,source_materials/tcool_math_g1_g4_康軒_翰林/grade-1/康軒/questions/P05_R08_鶴聲國小_屏東縣_1年級_數學_108上_期中2_康軒_題目卷.pdf,2,"[0, 0, 1754, 2481]",source_materials/tcool_math_g1_g4_康軒_翰林/_analysis/pilot/pages/G1-_-108_-_2-P05_R08_____1____108___2__/page-2.jpg,六-2,下列哪些物品「只有平平的面」的，在□裡打✓（書盒、牛奶罐、足球、披薩狀物）,[],source_materials/tcool_math_g1_g4_康軒_翰林/grade-1/康軒/answers/P05_R08_鶴聲國小_屏東縣_1年級_數學_108上_期中2_康軒_答案卷.pdf,2,書盒(長方體，全平面)與披薩狀物(若為多面平面體)符合；牛奶罐(圓柱，含曲面)、足球(全曲面)不符合。與答案卷勾選第1、4項一致。,書盒、披薩狀物,verified,independent_calculation,康軒,G1,108,上,期中2,,,,康軒 G1 上 第5章 方盒、圓罐、球,"[""S-1-2""]",[],"[""G1-05-01""]","[""G1-05-01""]",direct,high,"[""只有平平的面物品判斷，對應 G1-05-01""]",include,first_pass
G1-康軒-108上-期中2-P05_R08_鶴聲國小_屏東縣_1年級_數學_108上_期中2_康軒::ql-q25,"[""G1-康軒-108上-期中2-P05_R08_鶴聲國小_屏東縣_1年級_數學_108上_期中2_康軒-q004"", ""G1-康軒-108上-期中2-P05_R08_鶴聲國小_屏東縣_1年級_數學_108上_期中2_康軒-q005"", ""G1-康軒-108上-期中2-P05_R08_鶴聲國小_屏東縣_1年級_數學_108上_期中2_康軒-q006"", ""G1-康軒-108上-期中2-P05_R08_鶴聲國小_屏東縣_1年級_數學_108上_期中2_康軒-q007"", ""G1-康軒-108上-期中2-P05_R08_鶴聲國小_屏東縣_1年級_數學_108上_期中2_康軒-q008"", ""G1-康軒-108上-期中2-P05_R08_鶴聲國小_屏東縣_1年級_數學_108上_期中2_康軒-q009""]",G1-康軒-108上-期中2-P05_R08_鶴聲國小_屏東縣_1年級_數學_108上_期中2_康軒,question_item,verified,source_materials/tcool_math_g1_g4_康軒_翰林/grade-1/康軒/questions/P05_R08_鶴聲國小_屏東縣_1年級_數學_108上_期中2_康軒_題目卷.pdf,2,"[0, 0, 1754, 2481]",source_materials/tcool_math_g1_g4_康軒_翰林/_analysis/pilot/pages/G1-_-108_-_2-P05_R08_____1____108___2__/page-2.jpg,六-3,下列有各種比身高的方法，正確的在□裡打✓（4組兒童比身高圖）,[],source_materials/tcool_math_g1_g4_康軒_翰林/grade-1/康軒/answers/P05_R08_鶴聲國小_屏東縣_1年級_數學_108上_期中2_康軒_答案卷.pdf,2,答案卷勾選第2、3組，屬於雙方站姿基準一致之正確比較法，第1、4組因站姿或基準不一致而不正確。,第2組、第3組（雙方站在同一水平面上比較）,verified,visual_manual_required,康軒,G1,108,上,期中2,,,,康軒 G1 上 第2章 比長短,"[""S-1-1""]",[],"[""G1-02-05""]","[""G1-02-05""]",direct,high,"[""比身高正確方法判斷，對應 G1-02-05""]",include,first_pass
G1-康軒-108上-期中2-P05_R08_鶴聲國小_屏東縣_1年級_數學_108上_期中2_康軒::ql-q26,"[""G1-康軒-108上-期中2-P05_R08_鶴聲國小_屏東縣_1年級_數學_108上_期中2_康軒-q004"", ""G1-康軒-108上-期中2-P05_R08_鶴聲國小_屏東縣_1年級_數學_108上_期中2_康軒-q005"", ""G1-康軒-108上-期中2-P05_R08_鶴聲國小_屏東縣_1年級_數學_108上_期中2_康軒-q006"", ""G1-康軒-108上-期中2-P05_R08_鶴聲國小_屏東縣_1年級_數學_108上_期中2_康軒-q007"", ""G1-康軒-108上-期中2-P05_R08_鶴聲國小_屏東縣_1年級_數學_108上_期中2_康軒-q008"", ""G1-康軒-108上-期中2-P05_R08_鶴聲國小_屏東縣_1年級_數學_108上_期中2_康軒-q009""]",G1-康軒-108上-期中2-P05_R08_鶴聲國小_屏東縣_1年級_數學_108上_期中2_康軒,question_item,verified,source_materials/tcool_math_g1_g4_康軒_翰林/grade-1/康軒/questions/P05_R08_鶴聲國小_屏東縣_1年級_數學_108上_期中2_康軒_題目卷.pdf,2,"[0, 0, 1754, 2481]",source_materials/tcool_math_g1_g4_康軒_翰林/_analysis/pilot/pages/G1-_-108_-_2-P05_R08_____1____108___2__/page-2.jpg,六-4,把比16大的數打✓：12、19、14、21,[],source_materials/tcool_math_g1_g4_康軒_翰林/grade-1/康軒/answers/P05_R08_鶴聲國小_屏東縣_1年級_數學_108上_期中2_康軒_答案卷.pdf,2,19>16、21>16；12<16、14<16。與答案卷勾選「19、21」一致。,19、21,verified,independent_calculation,康軒,G1,108,上,期中2,,,,康軒 G1 上 第6章 30 以內的數,"[""N-1-1""]",[],"[""G1-08-03""]","[""G1-08-03""]",direct,high,"[""比16大的數(12/19/14/21)判斷，對應 G1-08-03""]",include,first_pass
G1-康軒-108上-期中2-P05_R08_鶴聲國小_屏東縣_1年級_數學_108上_期中2_康軒::ql-q27,"[""G1-康軒-108上-期中2-P05_R08_鶴聲國小_屏東縣_1年級_數學_108上_期中2_康軒-q004"", ""G1-康軒-108上-期中2-P05_R08_鶴聲國小_屏東縣_1年級_數學_108上_期中2_康軒-q005"", ""G1-康軒-108上-期中2-P05_R08_鶴聲國小_屏東縣_1年級_數學_108上_期中2_康軒-q006"", ""G1-康軒-108上-期中2-P05_R08_鶴聲國小_屏東縣_1年級_數學_108上_期中2_康軒-q007"", ""G1-康軒-108上-期中2-P05_R08_鶴聲國小_屏東縣_1年級_數學_108上_期中2_康軒-q008"", ""G1-康軒-108上-期中2-P05_R08_鶴聲國小_屏東縣_1年級_數學_108上_期中2_康軒-q009""]",G1-康軒-108上-期中2-P05_R08_鶴聲國小_屏東縣_1年級_數學_108上_期中2_康軒,question_item,verified,source_materials/tcool_math_g1_g4_康軒_翰林/grade-1/康軒/questions/P05_R08_鶴聲國小_屏東縣_1年級_數學_108上_期中2_康軒_題目卷.pdf,2,"[0, 0, 1754, 2481]",source_materials/tcool_math_g1_g4_康軒_翰林/_analysis/pilot/pages/G1-_-108_-_2-P05_R08_____1____108___2__/page-2.jpg,七-1-甲-(1),數一數，寫出圖形的數量（魚形圖，由圓形氣泡＋三角形拼組而成）(1)有( )個正方形。,[],source_materials/tcool_math_g1_g4_康軒_翰林/grade-1/康軒/answers/P05_R08_鶴聲國小_屏東縣_1年級_數學_108上_期中2_康軒_答案卷.pdf,2,魚形圖僅由圓形與三角形構成，無正方形。與答案卷「0」一致。,0,verified,visual_manual_required,康軒,G1,108,上,期中2,,,,康軒 G1 上 第5章 方盒、圓罐、球,"[""S-1-2""]",[],"[""G1-05-05""]",[],partial,medium,"[""魚形複合圖形正方形計數(0個)，對應 G1-05-05「從複合圖形中辨別平面圖形」，惟康軒G1上無獨立平面圖形辨識章節，列partial""]",uncertain_review,first_pass
G1-康軒-108上-期中2-P05_R08_鶴聲國小_屏東縣_1年級_數學_108上_期中2_康軒::ql-q28,"[""G1-康軒-108上-期中2-P05_R08_鶴聲國小_屏東縣_1年級_數學_108上_期中2_康軒-q004"", ""G1-康軒-108上-期中2-P05_R08_鶴聲國小_屏東縣_1年級_數學_108上_期中2_康軒-q005"", ""G1-康軒-108上-期中2-P05_R08_鶴聲國小_屏東縣_1年級_數學_108上_期中2_康軒-q006"", ""G1-康軒-108上-期中2-P05_R08_鶴聲國小_屏東縣_1年級_數學_108上_期中2_康軒-q007"", ""G1-康軒-108上-期中2-P05_R08_鶴聲國小_屏東縣_1年級_數學_108上_期中2_康軒-q008"", ""G1-康軒-108上-期中2-P05_R08_鶴聲國小_屏東縣_1年級_數學_108上_期中2_康軒-q009""]",G1-康軒-108上-期中2-P05_R08_鶴聲國小_屏東縣_1年級_數學_108上_期中2_康軒,question_item,verified,source_materials/tcool_math_g1_g4_康軒_翰林/grade-1/康軒/questions/P05_R08_鶴聲國小_屏東縣_1年級_數學_108上_期中2_康軒_題目卷.pdf,2,"[0, 0, 1754, 2481]",source_materials/tcool_math_g1_g4_康軒_翰林/_analysis/pilot/pages/G1-_-108_-_2-P05_R08_____1____108___2__/page-2.jpg,七-1-甲-(2),(2)有( )個圓形。,[],source_materials/tcool_math_g1_g4_康軒_翰林/grade-1/康軒/answers/P05_R08_鶴聲國小_屏東縣_1年級_數學_108上_期中2_康軒_答案卷.pdf,2,依答案卷計數氣泡圓形共5個（含魚眼），已對照答案卷書寫「5」。,5,verified,visual_manual_required,康軒,G1,108,上,期中2,,,,康軒 G1 上 第5章 方盒、圓罐、球,"[""S-1-2""]",[],"[""G1-05-05""]",[],partial,medium,"[""同 q27：圓形計數""]",uncertain_review,first_pass
G1-康軒-108上-期中2-P05_R08_鶴聲國小_屏東縣_1年級_數學_108上_期中2_康軒::ql-q29,"[""G1-康軒-108上-期中2-P05_R08_鶴聲國小_屏東縣_1年級_數學_108上_期中2_康軒-q004"", ""G1-康軒-108上-期中2-P05_R08_鶴聲國小_屏東縣_1年級_數學_108上_期中2_康軒-q005"", ""G1-康軒-108上-期中2-P05_R08_鶴聲國小_屏東縣_1年級_數學_108上_期中2_康軒-q006"", ""G1-康軒-108上-期中2-P05_R08_鶴聲國小_屏東縣_1年級_數學_108上_期中2_康軒-q007"", ""G1-康軒-108上-期中2-P05_R08_鶴聲國小_屏東縣_1年級_數學_108上_期中2_康軒-q008"", ""G1-康軒-108上-期中2-P05_R08_鶴聲國小_屏東縣_1年級_數學_108上_期中2_康軒-q009""]",G1-康軒-108上-期中2-P05_R08_鶴聲國小_屏東縣_1年級_數學_108上_期中2_康軒,question_item,verified,source_materials/tcool_math_g1_g4_康軒_翰林/grade-1/康軒/questions/P05_R08_鶴聲國小_屏東縣_1年級_數學_108上_期中2_康軒_題目卷.pdf,2,"[0, 0, 1754, 2481]",source_materials/tcool_math_g1_g4_康軒_翰林/_analysis/pilot/pages/G1-_-108_-_2-P05_R08_____1____108___2__/page-2.jpg,七-1-甲-(3),(3)有( )個三角形。,[],source_materials/tcool_math_g1_g4_康軒_翰林/grade-1/康軒/answers/P05_R08_鶴聲國小_屏東縣_1年級_數學_108上_期中2_康軒_答案卷.pdf,2,依答案卷計數魚身、魚鰭、魚尾等三角形共5個，已對照答案卷書寫「5」。,5,verified,visual_manual_required,康軒,G1,108,上,期中2,,,,康軒 G1 上 第5章 方盒、圓罐、球,"[""S-1-2""]",[],"[""G1-05-05""]",[],partial,medium,"[""同 q27：三角形計數""]",uncertain_review,first_pass
G1-康軒-108上-期中2-P05_R08_鶴聲國小_屏東縣_1年級_數學_108上_期中2_康軒::ql-q30,"[""G1-康軒-108上-期中2-P05_R08_鶴聲國小_屏東縣_1年級_數學_108上_期中2_康軒-q004"", ""G1-康軒-108上-期中2-P05_R08_鶴聲國小_屏東縣_1年級_數學_108上_期中2_康軒-q005"", ""G1-康軒-108上-期中2-P05_R08_鶴聲國小_屏東縣_1年級_數學_108上_期中2_康軒-q006"", ""G1-康軒-108上-期中2-P05_R08_鶴聲國小_屏東縣_1年級_數學_108上_期中2_康軒-q007"", ""G1-康軒-108上-期中2-P05_R08_鶴聲國小_屏東縣_1年級_數學_108上_期中2_康軒-q008"", ""G1-康軒-108上-期中2-P05_R08_鶴聲國小_屏東縣_1年級_數學_108上_期中2_康軒-q009""]",G1-康軒-108上-期中2-P05_R08_鶴聲國小_屏東縣_1年級_數學_108上_期中2_康軒,question_item,verified,source_materials/tcool_math_g1_g4_康軒_翰林/grade-1/康軒/questions/P05_R08_鶴聲國小_屏東縣_1年級_數學_108上_期中2_康軒_題目卷.pdf,2,"[0, 0, 1754, 2481]",source_materials/tcool_math_g1_g4_康軒_翰林/_analysis/pilot/pages/G1-_-108_-_2-P05_R08_____1____108___2__/page-2.jpg,七-1-乙-(1),數一數，寫出圖形的數量（星頂機器人＋泰迪熊組合圖）(1)共有( )個正方形。,[],source_materials/tcool_math_g1_g4_康軒_翰林/grade-1/康軒/answers/P05_R08_鶴聲國小_屏東縣_1年級_數學_108上_期中2_康軒_答案卷.pdf,2,依答案卷計數兩圖形中正方形共4個，已對照答案卷書寫「4」。,4,verified,visual_manual_required,康軒,G1,108,上,期中2,,,,康軒 G1 上 第5章 方盒、圓罐、球,"[""S-1-2""]",[],"[""G1-05-05""]",[],partial,medium,"[""機器人+泰迪熊複合圖形正方形計數，同 q27""]",uncertain_review,first_pass
G1-康軒-108上-期中2-P05_R08_鶴聲國小_屏東縣_1年級_數學_108上_期中2_康軒::ql-q31,"[""G1-康軒-108上-期中2-P05_R08_鶴聲國小_屏東縣_1年級_數學_108上_期中2_康軒-q004"", ""G1-康軒-108上-期中2-P05_R08_鶴聲國小_屏東縣_1年級_數學_108上_期中2_康軒-q005"", ""G1-康軒-108上-期中2-P05_R08_鶴聲國小_屏東縣_1年級_數學_108上_期中2_康軒-q006"", ""G1-康軒-108上-期中2-P05_R08_鶴聲國小_屏東縣_1年級_數學_108上_期中2_康軒-q007"", ""G1-康軒-108上-期中2-P05_R08_鶴聲國小_屏東縣_1年級_數學_108上_期中2_康軒-q008"", ""G1-康軒-108上-期中2-P05_R08_鶴聲國小_屏東縣_1年級_數學_108上_期中2_康軒-q009""]",G1-康軒-108上-期中2-P05_R08_鶴聲國小_屏東縣_1年級_數學_108上_期中2_康軒,question_item,verified,source_materials/tcool_math_g1_g4_康軒_翰林/grade-1/康軒/questions/P05_R08_鶴聲國小_屏東縣_1年級_數學_108上_期中2_康軒_題目卷.pdf,2,"[0, 0, 1754, 2481]",source_materials/tcool_math_g1_g4_康軒_翰林/_analysis/pilot/pages/G1-_-108_-_2-P05_R08_____1____108___2__/page-2.jpg,七-1-乙-(2),(2)共有( )個長方形。,[],source_materials/tcool_math_g1_g4_康軒_翰林/grade-1/康軒/answers/P05_R08_鶴聲國小_屏東縣_1年級_數學_108上_期中2_康軒_答案卷.pdf,2,依答案卷計數長方形共8個，已對照答案卷書寫「8」。,8,verified,visual_manual_required,康軒,G1,108,上,期中2,,,,康軒 G1 上 第5章 方盒、圓罐、球,"[""S-1-2""]",[],"[""G1-05-05""]",[],partial,medium,"[""同 q30：長方形計數""]",uncertain_review,first_pass
G1-康軒-108上-期中2-P05_R08_鶴聲國小_屏東縣_1年級_數學_108上_期中2_康軒::ql-q32,"[""G1-康軒-108上-期中2-P05_R08_鶴聲國小_屏東縣_1年級_數學_108上_期中2_康軒-q004"", ""G1-康軒-108上-期中2-P05_R08_鶴聲國小_屏東縣_1年級_數學_108上_期中2_康軒-q005"", ""G1-康軒-108上-期中2-P05_R08_鶴聲國小_屏東縣_1年級_數學_108上_期中2_康軒-q006"", ""G1-康軒-108上-期中2-P05_R08_鶴聲國小_屏東縣_1年級_數學_108上_期中2_康軒-q007"", ""G1-康軒-108上-期中2-P05_R08_鶴聲國小_屏東縣_1年級_數學_108上_期中2_康軒-q008"", ""G1-康軒-108上-期中2-P05_R08_鶴聲國小_屏東縣_1年級_數學_108上_期中2_康軒-q009""]",G1-康軒-108上-期中2-P05_R08_鶴聲國小_屏東縣_1年級_數學_108上_期中2_康軒,question_item,verified,source_materials/tcool_math_g1_g4_康軒_翰林/grade-1/康軒/questions/P05_R08_鶴聲國小_屏東縣_1年級_數學_108上_期中2_康軒_題目卷.pdf,2,"[0, 0, 1754, 2481]",source_materials/tcool_math_g1_g4_康軒_翰林/_analysis/pilot/pages/G1-_-108_-_2-P05_R08_____1____108___2__/page-2.jpg,七-1-乙-(3),(3)共有( )個三角形。,[],source_materials/tcool_math_g1_g4_康軒_翰林/grade-1/康軒/answers/P05_R08_鶴聲國小_屏東縣_1年級_數學_108上_期中2_康軒_答案卷.pdf,2,依答案卷計數三角形共6個，已對照答案卷書寫「6」。,6,verified,visual_manual_required,康軒,G1,108,上,期中2,,,,康軒 G1 上 第5章 方盒、圓罐、球,"[""S-1-2""]",[],"[""G1-05-05""]",[],partial,medium,"[""同 q30：三角形計數""]",uncertain_review,first_pass
G1-康軒-108上-期中2-P05_R08_鶴聲國小_屏東縣_1年級_數學_108上_期中2_康軒::ql-q33,"[""G1-康軒-108上-期中2-P05_R08_鶴聲國小_屏東縣_1年級_數學_108上_期中2_康軒-q004"", ""G1-康軒-108上-期中2-P05_R08_鶴聲國小_屏東縣_1年級_數學_108上_期中2_康軒-q005"", ""G1-康軒-108上-期中2-P05_R08_鶴聲國小_屏東縣_1年級_數學_108上_期中2_康軒-q006"", ""G1-康軒-108上-期中2-P05_R08_鶴聲國小_屏東縣_1年級_數學_108上_期中2_康軒-q007"", ""G1-康軒-108上-期中2-P05_R08_鶴聲國小_屏東縣_1年級_數學_108上_期中2_康軒-q008"", ""G1-康軒-108上-期中2-P05_R08_鶴聲國小_屏東縣_1年級_數學_108上_期中2_康軒-q009""]",G1-康軒-108上-期中2-P05_R08_鶴聲國小_屏東縣_1年級_數學_108上_期中2_康軒,question_item,verified,source_materials/tcool_math_g1_g4_康軒_翰林/grade-1/康軒/questions/P05_R08_鶴聲國小_屏東縣_1年級_數學_108上_期中2_康軒_題目卷.pdf,2,"[0, 0, 1754, 2481]",source_materials/tcool_math_g1_g4_康軒_翰林/_analysis/pilot/pages/G1-_-108_-_2-P05_R08_____1____108___2__/page-2.jpg,七-2-(1),是直線的畫○，是曲線的打X：(1)鉤狀彎曲線,[],source_materials/tcool_math_g1_g4_康軒_翰林/grade-1/康軒/answers/P05_R08_鶴聲國小_屏東縣_1年級_數學_108上_期中2_康軒_答案卷.pdf,2,鉤狀線條為彎曲線，非直線。與答案卷「X」一致。,X,verified,independent_calculation,康軒,G1,108,上,期中2,,,,康軒 G1 上 第2章 比長短,"[""S-1-1""]",[],"[""G1-02-03""]","[""G1-02-03""]",direct,high,"[""鉤狀線分類為曲線，對應 G1-02-03 認識點、直線和曲線""]",include,first_pass
G1-康軒-108上-期中2-P05_R08_鶴聲國小_屏東縣_1年級_數學_108上_期中2_康軒::ql-q34,"[""G1-康軒-108上-期中2-P05_R08_鶴聲國小_屏東縣_1年級_數學_108上_期中2_康軒-q004"", ""G1-康軒-108上-期中2-P05_R08_鶴聲國小_屏東縣_1年級_數學_108上_期中2_康軒-q005"", ""G1-康軒-108上-期中2-P05_R08_鶴聲國小_屏東縣_1年級_數學_108上_期中2_康軒-q006"", ""G1-康軒-108上-期中2-P05_R08_鶴聲國小_屏東縣_1年級_數學_108上_期中2_康軒-q007"", ""G1-康軒-108上-期中2-P05_R08_鶴聲國小_屏東縣_1年級_數學_108上_期中2_康軒-q008"", ""G1-康軒-108上-期中2-P05_R08_鶴聲國小_屏東縣_1年級_數學_108上_期中2_康軒-q009""]",G1-康軒-108上-期中2-P05_R08_鶴聲國小_屏東縣_1年級_數學_108上_期中2_康軒,question_item,verified,source_materials/tcool_math_g1_g4_康軒_翰林/grade-1/康軒/questions/P05_R08_鶴聲國小_屏東縣_1年級_數學_108上_期中2_康軒_題目卷.pdf,2,"[0, 0, 1754, 2481]",source_materials/tcool_math_g1_g4_康軒_翰林/_analysis/pilot/pages/G1-_-108_-_2-P05_R08_____1____108___2__/page-2.jpg,七-2-(2),(2)直立短線段,[],source_materials/tcool_math_g1_g4_康軒_翰林/grade-1/康軒/answers/P05_R08_鶴聲國小_屏東縣_1年級_數學_108上_期中2_康軒_答案卷.pdf,2,為直線段。與答案卷「○」一致。,○,verified,independent_calculation,康軒,G1,108,上,期中2,,,,康軒 G1 上 第2章 比長短,"[""S-1-1""]",[],"[""G1-02-03""]","[""G1-02-03""]",direct,high,"[""直立短線分類為直線，對應 G1-02-03""]",include,first_pass
G1-康軒-108上-期中2-P05_R08_鶴聲國小_屏東縣_1年級_數學_108上_期中2_康軒::ql-q35,"[""G1-康軒-108上-期中2-P05_R08_鶴聲國小_屏東縣_1年級_數學_108上_期中2_康軒-q004"", ""G1-康軒-108上-期中2-P05_R08_鶴聲國小_屏東縣_1年級_數學_108上_期中2_康軒-q005"", ""G1-康軒-108上-期中2-P05_R08_鶴聲國小_屏東縣_1年級_數學_108上_期中2_康軒-q006"", ""G1-康軒-108上-期中2-P05_R08_鶴聲國小_屏東縣_1年級_數學_108上_期中2_康軒-q007"", ""G1-康軒-108上-期中2-P05_R08_鶴聲國小_屏東縣_1年級_數學_108上_期中2_康軒-q008"", ""G1-康軒-108上-期中2-P05_R08_鶴聲國小_屏東縣_1年級_數學_108上_期中2_康軒-q009""]",G1-康軒-108上-期中2-P05_R08_鶴聲國小_屏東縣_1年級_數學_108上_期中2_康軒,question_item,verified,source_materials/tcool_math_g1_g4_康軒_翰林/grade-1/康軒/questions/P05_R08_鶴聲國小_屏東縣_1年級_數學_108上_期中2_康軒_題目卷.pdf,2,"[0, 0, 1754, 2481]",source_materials/tcool_math_g1_g4_康軒_翰林/_analysis/pilot/pages/G1-_-108_-_2-P05_R08_____1____108___2__/page-2.jpg,七-2-(3),(3)螺旋捲線,[],source_materials/tcool_math_g1_g4_康軒_翰林/grade-1/康軒/answers/P05_R08_鶴聲國小_屏東縣_1年級_數學_108上_期中2_康軒_答案卷.pdf,2,螺旋為彎曲線，非直線。與答案卷「X」一致。,X,verified,independent_calculation,康軒,G1,108,上,期中2,,,,康軒 G1 上 第2章 比長短,"[""S-1-1""]",[],"[""G1-02-03""]","[""G1-02-03""]",direct,high,"[""螺旋捲線分類為曲線，對應 G1-02-03""]",include,first_pass
G1-康軒-108上-期中2-P05_R08_鶴聲國小_屏東縣_1年級_數學_108上_期中2_康軒::ql-q36,"[""G1-康軒-108上-期中2-P05_R08_鶴聲國小_屏東縣_1年級_數學_108上_期中2_康軒-q004"", ""G1-康軒-108上-期中2-P05_R08_鶴聲國小_屏東縣_1年級_數學_108上_期中2_康軒-q005"", ""G1-康軒-108上-期中2-P05_R08_鶴聲國小_屏東縣_1年級_數學_108上_期中2_康軒-q006"", ""G1-康軒-108上-期中2-P05_R08_鶴聲國小_屏東縣_1年級_數學_108上_期中2_康軒-q007"", ""G1-康軒-108上-期中2-P05_R08_鶴聲國小_屏東縣_1年級_數學_108上_期中2_康軒-q008"", ""G1-康軒-108上-期中2-P05_R08_鶴聲國小_屏東縣_1年級_數學_108上_期中2_康軒-q009""]",G1-康軒-108上-期中2-P05_R08_鶴聲國小_屏東縣_1年級_數學_108上_期中2_康軒,question_item,verified,source_materials/tcool_math_g1_g4_康軒_翰林/grade-1/康軒/questions/P05_R08_鶴聲國小_屏東縣_1年級_數學_108上_期中2_康軒_題目卷.pdf,2,"[0, 0, 1754, 2481]",source_materials/tcool_math_g1_g4_康軒_翰林/_analysis/pilot/pages/G1-_-108_-_2-P05_R08_____1____108___2__/page-2.jpg,七-3-(1),下面是姐姐的書櫃，填填看（5層書架，各層書本數不一）(1)從上面數起，第3層放了( )本書。,[],source_materials/tcool_math_g1_g4_康軒_翰林/grade-1/康軒/answers/P05_R08_鶴聲國小_屏東縣_1年級_數學_108上_期中2_康軒_答案卷.pdf,2,依答案卷計數由上數第3層書本數為2本，已對照答案卷書寫「2」。,2,verified,visual_manual_required,康軒,G1,108,上,期中2,,,,康軒 G1 上 第3章 排順序、比多少,"[""N-1-1""]",[],"[""G1-03-02""]","[""G1-03-02""]",direct,high,"[""書櫃由上數第3層書本數，對應 G1-03-02 次序和數量""]",include,first_pass
G1-康軒-108上-期中2-P05_R08_鶴聲國小_屏東縣_1年級_數學_108上_期中2_康軒::ql-q37,"[""G1-康軒-108上-期中2-P05_R08_鶴聲國小_屏東縣_1年級_數學_108上_期中2_康軒-q004"", ""G1-康軒-108上-期中2-P05_R08_鶴聲國小_屏東縣_1年級_數學_108上_期中2_康軒-q005"", ""G1-康軒-108上-期中2-P05_R08_鶴聲國小_屏東縣_1年級_數學_108上_期中2_康軒-q006"", ""G1-康軒-108上-期中2-P05_R08_鶴聲國小_屏東縣_1年級_數學_108上_期中2_康軒-q007"", ""G1-康軒-108上-期中2-P05_R08_鶴聲國小_屏東縣_1年級_數學_108上_期中2_康軒-q008"", ""G1-康軒-108上-期中2-P05_R08_鶴聲國小_屏東縣_1年級_數學_108上_期中2_康軒-q009""]",G1-康軒-108上-期中2-P05_R08_鶴聲國小_屏東縣_1年級_數學_108上_期中2_康軒,question_item,verified,source_materials/tcool_math_g1_g4_康軒_翰林/grade-1/康軒/questions/P05_R08_鶴聲國小_屏東縣_1年級_數學_108上_期中2_康軒_題目卷.pdf,2,"[0, 0, 1754, 2481]",source_materials/tcool_math_g1_g4_康軒_翰林/_analysis/pilot/pages/G1-_-108_-_2-P05_R08_____1____108___2__/page-2.jpg,七-3-(2),(2)從下面數起，第( )層放了5本書。,[],source_materials/tcool_math_g1_g4_康軒_翰林/grade-1/康軒/answers/P05_R08_鶴聲國小_屏東縣_1年級_數學_108上_期中2_康軒_答案卷.pdf,2,依答案卷計數由下數第2層書本數恰為5本，已對照答案卷書寫「2」。,2,verified,visual_manual_required,康軒,G1,108,上,期中2,,,,康軒 G1 上 第3章 排順序、比多少,"[""N-1-1""]",[],"[""G1-03-02""]","[""G1-03-02""]",direct,high,"[""書櫃由下數第幾層有5本書，對應 G1-03-02""]",include,first_pass
G1-康軒-108上-期中2-P05_R08_鶴聲國小_屏東縣_1年級_數學_108上_期中2_康軒::ql-q38,"[""G1-康軒-108上-期中2-P05_R08_鶴聲國小_屏東縣_1年級_數學_108上_期中2_康軒-q004"", ""G1-康軒-108上-期中2-P05_R08_鶴聲國小_屏東縣_1年級_數學_108上_期中2_康軒-q005"", ""G1-康軒-108上-期中2-P05_R08_鶴聲國小_屏東縣_1年級_數學_108上_期中2_康軒-q006"", ""G1-康軒-108上-期中2-P05_R08_鶴聲國小_屏東縣_1年級_數學_108上_期中2_康軒-q007"", ""G1-康軒-108上-期中2-P05_R08_鶴聲國小_屏東縣_1年級_數學_108上_期中2_康軒-q008"", ""G1-康軒-108上-期中2-P05_R08_鶴聲國小_屏東縣_1年級_數學_108上_期中2_康軒-q009""]",G1-康軒-108上-期中2-P05_R08_鶴聲國小_屏東縣_1年級_數學_108上_期中2_康軒,question_item,verified,source_materials/tcool_math_g1_g4_康軒_翰林/grade-1/康軒/questions/P05_R08_鶴聲國小_屏東縣_1年級_數學_108上_期中2_康軒_題目卷.pdf,2,"[0, 0, 1754, 2481]",source_materials/tcool_math_g1_g4_康軒_翰林/_analysis/pilot/pages/G1-_-108_-_2-P05_R08_____1____108___2__/page-2.jpg,七-4-(1),排隊拿氣球（圖示：發放氣球者旁標示「20位」，采宣、怡敏依序站在隊伍中）(1)采宣前面有( )個人已經拿完氣球。,[],source_materials/tcool_math_g1_g4_康軒_翰林/grade-1/康軒/answers/P05_R08_鶴聲國小_屏東縣_1年級_數學_108上_期中2_康軒_答案卷.pdf,2,圖示「20位」標示采宣為隊伍中第20位（正待領取），故其前面19人已領完。與答案卷「19」一致。,19,verified,independent_calculation,康軒,G1,108,上,期中2,,,,康軒 G1 上 第3章 排順序、比多少,"[""N-1-1""]",[],"[""G1-03-03""]","[""G1-03-03""]",direct,high,"[""采宣前面已拿完氣球人數，對應 G1-03-03「前、後和之間」""]",include,first_pass
G1-康軒-108上-期中2-P05_R08_鶴聲國小_屏東縣_1年級_數學_108上_期中2_康軒::ql-q39,"[""G1-康軒-108上-期中2-P05_R08_鶴聲國小_屏東縣_1年級_數學_108上_期中2_康軒-q004"", ""G1-康軒-108上-期中2-P05_R08_鶴聲國小_屏東縣_1年級_數學_108上_期中2_康軒-q005"", ""G1-康軒-108上-期中2-P05_R08_鶴聲國小_屏東縣_1年級_數學_108上_期中2_康軒-q006"", ""G1-康軒-108上-期中2-P05_R08_鶴聲國小_屏東縣_1年級_數學_108上_期中2_康軒-q007"", ""G1-康軒-108上-期中2-P05_R08_鶴聲國小_屏東縣_1年級_數學_108上_期中2_康軒-q008"", ""G1-康軒-108上-期中2-P05_R08_鶴聲國小_屏東縣_1年級_數學_108上_期中2_康軒-q009""]",G1-康軒-108上-期中2-P05_R08_鶴聲國小_屏東縣_1年級_數學_108上_期中2_康軒,question_item,verified,source_materials/tcool_math_g1_g4_康軒_翰林/grade-1/康軒/questions/P05_R08_鶴聲國小_屏東縣_1年級_數學_108上_期中2_康軒_題目卷.pdf,2,"[0, 0, 1754, 2481]",source_materials/tcool_math_g1_g4_康軒_翰林/_analysis/pilot/pages/G1-_-108_-_2-P05_R08_____1____108___2__/page-2.jpg,七-4-(2),(2)怡敏是第( )位。,[],source_materials/tcool_math_g1_g4_康軒_翰林/grade-1/康軒/answers/P05_R08_鶴聲國小_屏東縣_1年級_數學_108上_期中2_康軒_答案卷.pdf,2,採宣為第20位，怡敏排在採宣後方第4位，故為第24位；與(1)(3)之答案(19、6)互相自洽(20+6=26為隊伍總人數，24落在此範圍內)。與答案卷「24」一致。,24,verified,independent_calculation,康軒,G1,108,上,期中2,,,,康軒 G1 上 第3章 排順序、比多少,"[""N-1-1""]",[],"[""G1-03-02""]","[""G1-03-02""]",direct,high,"[""怡敏排第幾位，對應 G1-03-02 次序和數量""]",include,first_pass
G1-康軒-108上-期中2-P05_R08_鶴聲國小_屏東縣_1年級_數學_108上_期中2_康軒::ql-q40,"[""G1-康軒-108上-期中2-P05_R08_鶴聲國小_屏東縣_1年級_數學_108上_期中2_康軒-q004"", ""G1-康軒-108上-期中2-P05_R08_鶴聲國小_屏東縣_1年級_數學_108上_期中2_康軒-q005"", ""G1-康軒-108上-期中2-P05_R08_鶴聲國小_屏東縣_1年級_數學_108上_期中2_康軒-q006"", ""G1-康軒-108上-期中2-P05_R08_鶴聲國小_屏東縣_1年級_數學_108上_期中2_康軒-q007"", ""G1-康軒-108上-期中2-P05_R08_鶴聲國小_屏東縣_1年級_數學_108上_期中2_康軒-q008"", ""G1-康軒-108上-期中2-P05_R08_鶴聲國小_屏東縣_1年級_數學_108上_期中2_康軒-q009""]",G1-康軒-108上-期中2-P05_R08_鶴聲國小_屏東縣_1年級_數學_108上_期中2_康軒,question_item,verified,source_materials/tcool_math_g1_g4_康軒_翰林/grade-1/康軒/questions/P05_R08_鶴聲國小_屏東縣_1年級_數學_108上_期中2_康軒_題目卷.pdf,2,"[0, 0, 1754, 2481]",source_materials/tcool_math_g1_g4_康軒_翰林/_analysis/pilot/pages/G1-_-108_-_2-P05_R08_____1____108___2__/page-2.jpg,七-4-(3),(3)采宣後面有( )人。,[],source_materials/tcool_math_g1_g4_康軒_翰林/grade-1/康軒/answers/P05_R08_鶴聲國小_屏東縣_1年級_數學_108上_期中2_康軒_答案卷.pdf,2,與(2)之24(怡敏)及隊伍總長一致：採宣(20)後方共6人，其中第4位是怡敏(24)。與答案卷「6」一致。,6,verified,independent_calculation,康軒,G1,108,上,期中2,,,,康軒 G1 上 第3章 排順序、比多少,"[""N-1-1""]",[],"[""G1-03-03""]","[""G1-03-03""]",direct,high,"[""采宣後面有幾人，對應 G1-03-03""]",include,first_pass
G3-翰林-108上-期中1-P07_R06_鶴聲國小_屏東縣_3年級_數學_108上_期中1_翰林::ql-q01,"[""G3-翰林-108上-期中1-P07_R06_鶴聲國小_屏東縣_3年級_數學_108上_期中1_翰林::一-1""]",G3-翰林-108上-期中1-P07_R06_鶴聲國小_屏東縣_3年級_數學_108上_期中1_翰林,question_item,verified,source_materials/tcool_math_g1_g4_康軒_翰林/grade-3/翰林/questions/P07_R06_鶴聲國小_屏東縣_3年級_數學_108上_期中1_翰林_題目卷.pdf,1,"[0, 0, 4677, 6614]",source_materials/tcool_math_g1_g4_康軒_翰林/_analysis/pilot/pages/G3-_-108_-_1-P07_R06_____3____108___1__/page-1.jpg,一-1,對的畫○，錯的打×（是非題）：2 個千、4 個百和 5 個十合起來是 2450。,[],source_materials/tcool_math_g1_g4_康軒_翰林/grade-3/翰林/answers/P07_R06_鶴聲國小_屏東縣_3年級_數學_108上_期中1_翰林_答案卷.pdf,1,2000+400+50=2450，敘述為真。與答案卷「1.(○)」一致。,○,verified,independent_calculation,翰林,G3,108,上,期中1,,,,翰林 G3 上 第1章 10000 以內的數,"[""N-3-1""]",[],"[""G3-01-02""]","[""G3-01-02""]",direct,high,"[""official N-3-1 一萬以內的數"", ""publisher ('翰林', 'G3', '上', 1)"", ""skill G3-01-02 認識千位的概念，對應2千4百5十位值合成""]",include,first_pass
G3-翰林-108上-期中1-P07_R06_鶴聲國小_屏東縣_3年級_數學_108上_期中1_翰林::ql-q02,"[""G3-翰林-108上-期中1-P07_R06_鶴聲國小_屏東縣_3年級_數學_108上_期中1_翰林::一-1""]",G3-翰林-108上-期中1-P07_R06_鶴聲國小_屏東縣_3年級_數學_108上_期中1_翰林,question_item,verified,source_materials/tcool_math_g1_g4_康軒_翰林/grade-3/翰林/questions/P07_R06_鶴聲國小_屏東縣_3年級_數學_108上_期中1_翰林_題目卷.pdf,1,"[0, 0, 4677, 6614]",source_materials/tcool_math_g1_g4_康軒_翰林/_analysis/pilot/pages/G3-_-108_-_1-P07_R06_____3____108___1__/page-1.jpg,一-2,在數線上，1380 向左數 1 個一是 1379。（數線圖：方框、1380、1381，-1 弧線指向方框）,[],source_materials/tcool_math_g1_g4_康軒_翰林/grade-3/翰林/answers/P07_R06_鶴聲國小_屏東縣_3年級_數學_108上_期中1_翰林_答案卷.pdf,1,1380-1=1379，敘述為真，並與數線圖方框位置一致。與答案卷「2.(○)」一致。,○,verified,independent_calculation,翰林,G3,108,上,期中1,,,,翰林 G3 上 第5章 毫米與數線,"[""N-3-11""]",[],"[""G3-09-01""]","[""G3-09-01""]",direct,high,"[""official N-3-11 整數數線"", ""publisher ('翰林', 'G3', '上', 5)"", ""skill G3-09-01 以毫米為單位比較長度／數線單位1，對應數線減1""]",include,first_pass
G3-翰林-108上-期中1-P07_R06_鶴聲國小_屏東縣_3年級_數學_108上_期中1_翰林::ql-q03,"[""G3-翰林-108上-期中1-P07_R06_鶴聲國小_屏東縣_3年級_數學_108上_期中1_翰林::一-1""]",G3-翰林-108上-期中1-P07_R06_鶴聲國小_屏東縣_3年級_數學_108上_期中1_翰林,question_item,verified,source_materials/tcool_math_g1_g4_康軒_翰林/grade-3/翰林/questions/P07_R06_鶴聲國小_屏東縣_3年級_數學_108上_期中1_翰林_題目卷.pdf,1,"[0, 0, 4677, 6614]",source_materials/tcool_math_g1_g4_康軒_翰林/_analysis/pilot/pages/G3-_-108_-_1-P07_R06_____3____108___1__/page-1.jpg,一-3,小海豚從 67 向右游到 73，是游了 7 格。（數線圖：67 68 69 70 71 72 73）,[],source_materials/tcool_math_g1_g4_康軒_翰林/grade-3/翰林/answers/P07_R06_鶴聲國小_屏東縣_3年級_數學_108上_期中1_翰林_答案卷.pdf,1,73-67=6 格，非 7 格，敘述為假。與答案卷「3.(×)」一致。,×,verified,independent_calculation,翰林,G3,108,上,期中1,,,,翰林 G3 上 第5章 毫米與數線,"[""N-3-11""]",[],[],[],partial,medium,"[""數線區間格數計算(67→73)，屬N-3-11數線範疇但無單一對應skill""]",uncertain_review,first_pass
G3-翰林-108上-期中1-P07_R06_鶴聲國小_屏東縣_3年級_數學_108上_期中1_翰林::ql-q04,"[""G3-翰林-108上-期中1-P07_R06_鶴聲國小_屏東縣_3年級_數學_108上_期中1_翰林::一-1""]",G3-翰林-108上-期中1-P07_R06_鶴聲國小_屏東縣_3年級_數學_108上_期中1_翰林,question_item,verified,source_materials/tcool_math_g1_g4_康軒_翰林/grade-3/翰林/questions/P07_R06_鶴聲國小_屏東縣_3年級_數學_108上_期中1_翰林_題目卷.pdf,1,"[0, 0, 4677, 6614]",source_materials/tcool_math_g1_g4_康軒_翰林/_analysis/pilot/pages/G3-_-108_-_1-P07_R06_____3____108___1__/page-1.jpg,一-4,小蝴蝶從 54 向左飛 6 格，會飛到 48。（數線圖：49 50 51 52 53 54 55）,[],source_materials/tcool_math_g1_g4_康軒_翰林/grade-3/翰林/answers/P07_R06_鶴聲國小_屏東縣_3年級_數學_108上_期中1_翰林_答案卷.pdf,1,54-6=48，敘述為真。與答案卷「4.(○)」一致。,○,verified,independent_calculation,翰林,G3,108,上,期中1,,,,翰林 G3 上 第5章 毫米與數線,"[""N-3-11""]",[],[],[],partial,medium,"[""數線減法(54-6=48)，同q03""]",uncertain_review,first_pass
G3-翰林-108上-期中1-P07_R06_鶴聲國小_屏東縣_3年級_數學_108上_期中1_翰林::ql-q05,"[""G3-翰林-108上-期中1-P07_R06_鶴聲國小_屏東縣_3年級_數學_108上_期中1_翰林::一-1""]",G3-翰林-108上-期中1-P07_R06_鶴聲國小_屏東縣_3年級_數學_108上_期中1_翰林,question_item,verified,source_materials/tcool_math_g1_g4_康軒_翰林/grade-3/翰林/questions/P07_R06_鶴聲國小_屏東縣_3年級_數學_108上_期中1_翰林_題目卷.pdf,1,"[0, 0, 4677, 6614]",source_materials/tcool_math_g1_g4_康軒_翰林/_analysis/pilot/pages/G3-_-108_-_1-P07_R06_____3____108___1__/page-1.jpg,一-5,有一個四位數比 6000 大，這個數的千位數字最小一定是 6。,[],source_materials/tcool_math_g1_g4_康軒_翰林/grade-3/翰林/answers/P07_R06_鶴聲國小_屏東縣_3年級_數學_108上_期中1_翰林_答案卷.pdf,1,大於6000的最小四位數為6001，千位數字為6；千位<6則數必≤5999<6000，故千位數字最小可能值恰為6，敘述為真。與答案卷「5.(○)」一致。,○,verified,independent_calculation,翰林,G3,108,上,期中1,,,,翰林 G3 上 第1章 10000 以內的數,"[""N-3-1""]",[],"[""G3-01-02""]","[""G3-01-02""]",direct,high,"[""四位數千位數字最小值判斷，對應 G3-01-02 認識千位的概念""]",include,first_pass
G3-翰林-108上-期中1-P07_R06_鶴聲國小_屏東縣_3年級_數學_108上_期中1_翰林::ql-q06,"[""G3-翰林-108上-期中1-P07_R06_鶴聲國小_屏東縣_3年級_數學_108上_期中1_翰林::二-1"", ""G3-翰林-108上-期中1-P07_R06_鶴聲國小_屏東縣_3年級_數學_108上_期中1_翰林::二-3""]",G3-翰林-108上-期中1-P07_R06_鶴聲國小_屏東縣_3年級_數學_108上_期中1_翰林,question_item,verified,source_materials/tcool_math_g1_g4_康軒_翰林/grade-3/翰林/questions/P07_R06_鶴聲國小_屏東縣_3年級_數學_108上_期中1_翰林_題目卷.pdf,1,"[0, 0, 4677, 6614]",source_materials/tcool_math_g1_g4_康軒_翰林/_analysis/pilot/pages/G3-_-108_-_1-P07_R06_____3____108___1__/page-1.jpg,二-1,兔子從 1130 開始，向左跳 4 格，最後會停在（數線圖：每跳一次-10，標示 1110 1120 1130）,"[""①1090"", ""②1080"", ""③1180"", ""④1190""]",source_materials/tcool_math_g1_g4_康軒_翰林/grade-3/翰林/answers/P07_R06_鶴聲國小_屏東縣_3年級_數學_108上_期中1_翰林_答案卷.pdf,1,4 次-10：1130-40=1090。與答案卷「1.(1)」一致。,①1090,verified,independent_calculation,翰林,G3,108,上,期中1,,,,翰林 G3 上 第5章 毫米與數線,"[""N-3-11""]",[],[],[],partial,medium,"[""數線跳格(-10x4)，屬N-3-11但無單一對應skill""]",uncertain_review,first_pass
G3-翰林-108上-期中1-P07_R06_鶴聲國小_屏東縣_3年級_數學_108上_期中1_翰林::ql-q07,"[""G3-翰林-108上-期中1-P07_R06_鶴聲國小_屏東縣_3年級_數學_108上_期中1_翰林::二-1"", ""G3-翰林-108上-期中1-P07_R06_鶴聲國小_屏東縣_3年級_數學_108上_期中1_翰林::二-3""]",G3-翰林-108上-期中1-P07_R06_鶴聲國小_屏東縣_3年級_數學_108上_期中1_翰林,question_item,verified,source_materials/tcool_math_g1_g4_康軒_翰林/grade-3/翰林/questions/P07_R06_鶴聲國小_屏東縣_3年級_數學_108上_期中1_翰林_題目卷.pdf,1,"[0, 0, 4677, 6614]",source_materials/tcool_math_g1_g4_康軒_翰林/_analysis/pilot/pages/G3-_-108_-_1-P07_R06_____3____108___1__/page-1.jpg,二-2,蚯蚓從 220 開始，先向右爬 4 格，再向左爬 5 格，最後會停在哪一個數？（數線圖：218 219 220，每格 1）,"[""①217"", ""②218"", ""③219"", ""④220""]",source_materials/tcool_math_g1_g4_康軒_翰林/grade-3/翰林/answers/P07_R06_鶴聲國小_屏東縣_3年級_數學_108上_期中1_翰林_答案卷.pdf,1,220+4-5=219。與答案卷「2.(3)」一致。,③219,verified,independent_calculation,翰林,G3,108,上,期中1,,,,翰林 G3 上 第5章 毫米與數線,"[""N-3-11""]",[],[],[],partial,medium,"[""數線移動(+4-5)，同q06""]",uncertain_review,first_pass
G3-翰林-108上-期中1-P07_R06_鶴聲國小_屏東縣_3年級_數學_108上_期中1_翰林::ql-q08,"[""G3-翰林-108上-期中1-P07_R06_鶴聲國小_屏東縣_3年級_數學_108上_期中1_翰林::二-1"", ""G3-翰林-108上-期中1-P07_R06_鶴聲國小_屏東縣_3年級_數學_108上_期中1_翰林::二-3""]",G3-翰林-108上-期中1-P07_R06_鶴聲國小_屏東縣_3年級_數學_108上_期中1_翰林,question_item,verified,source_materials/tcool_math_g1_g4_康軒_翰林/grade-3/翰林/questions/P07_R06_鶴聲國小_屏東縣_3年級_數學_108上_期中1_翰林_題目卷.pdf,1,"[0, 0, 4677, 6614]",source_materials/tcool_math_g1_g4_康軒_翰林/_analysis/pilot/pages/G3-_-108_-_1-P07_R06_____3____108___1__/page-1.jpg,二-3,清風飲料店今天上午賣出 1279 杯紅茶，下午比上午多賣出 215 杯，今天飲料店共做出多少杯的紅茶？,"[""①1494 杯"", ""②2873 杯"", ""③2773 杯"", ""④1064 杯""]",source_materials/tcool_math_g1_g4_康軒_翰林/grade-3/翰林/answers/P07_R06_鶴聲國小_屏東縣_3年級_數學_108上_期中1_翰林_答案卷.pdf,1,下午=1279+215=1494；共計=1279+1494=2773。與答案卷「3.(3)」一致。,③2773 杯,verified,independent_calculation,翰林,G3,108,上,期中1,,,,翰林 G3 上 第3章 10000 以內的加減,"[""N-3-2""]",[],"[""G3-05-02""]","[""G3-05-02""]",direct,high,"[""official N-3-2 加減直式計算"", ""publisher ('翰林', 'G3', '上', 3)"", ""skill G3-05-02 三個數的加法，對應1279+215+1279應用題""]",include,first_pass
G3-翰林-108上-期中1-P07_R06_鶴聲國小_屏東縣_3年級_數學_108上_期中1_翰林::ql-q09,"[""G3-翰林-108上-期中1-P07_R06_鶴聲國小_屏東縣_3年級_數學_108上_期中1_翰林::二-1"", ""G3-翰林-108上-期中1-P07_R06_鶴聲國小_屏東縣_3年級_數學_108上_期中1_翰林::二-3""]",G3-翰林-108上-期中1-P07_R06_鶴聲國小_屏東縣_3年級_數學_108上_期中1_翰林,question_item,verified,source_materials/tcool_math_g1_g4_康軒_翰林/grade-3/翰林/questions/P07_R06_鶴聲國小_屏東縣_3年級_數學_108上_期中1_翰林_題目卷.pdf,1,"[0, 0, 4677, 6614]",source_materials/tcool_math_g1_g4_康軒_翰林/_analysis/pilot/pages/G3-_-108_-_1-P07_R06_____3____108___1__/page-1.jpg,二-4,把 1005、992 和 929 這三個數依照由小到大的順序排列，正確的順序是？,"[""①1005<992<929"", ""②992<929<1005"", ""③929<1005<992"", ""④929<992<1005""]",source_materials/tcool_math_g1_g4_康軒_翰林/grade-3/翰林/answers/P07_R06_鶴聲國小_屏東縣_3年級_數學_108上_期中1_翰林_答案卷.pdf,1,929<992<1005 為正確遞增順序。與答案卷「4.(4)」一致。,④929<992<1005,verified,independent_calculation,翰林,G3,108,上,期中1,,,,翰林 G3 上 第1章 10000 以內的數,"[""N-3-1""]",[],"[""G3-01-04""]","[""G3-01-04""]",direct,high,"[""三數排序(1005/992/929)，對應 G3-01-04 比較大小-千位數字相同""]",include,first_pass
G3-翰林-108上-期中1-P07_R06_鶴聲國小_屏東縣_3年級_數學_108上_期中1_翰林::ql-q10,"[""G3-翰林-108上-期中1-P07_R06_鶴聲國小_屏東縣_3年級_數學_108上_期中1_翰林::二-1"", ""G3-翰林-108上-期中1-P07_R06_鶴聲國小_屏東縣_3年級_數學_108上_期中1_翰林::二-3""]",G3-翰林-108上-期中1-P07_R06_鶴聲國小_屏東縣_3年級_數學_108上_期中1_翰林,question_item,verified,source_materials/tcool_math_g1_g4_康軒_翰林/grade-3/翰林/questions/P07_R06_鶴聲國小_屏東縣_3年級_數學_108上_期中1_翰林_題目卷.pdf,1,"[350, 5600, 1400, 400]",source_materials/tcool_math_g1_g4_康軒_翰林/_analysis/pilot/pages/G3-_-108_-_1-P07_R06_____3____108___1__/page-1.jpg,二-5,下面□的位置表示哪一個數？（數線圖：18、20 兩刻度標示，等距刻度延伸至□）,"[""①22"", ""②24"", ""③26"", ""④28""]",source_materials/tcool_math_g1_g4_康軒_翰林/grade-3/翰林/answers/P07_R06_鶴聲國小_屏東縣_3年級_數學_108上_期中1_翰林_答案卷.pdf,1,"裁圖確認刻度等距、18→20 間距為2；□位於20之後第3個刻度：22,24,26。與答案卷「5.(3)」一致，數線間距已由裁圖覆核。",③26,verified,independent_calculation,翰林,G3,108,上,期中1,,,,翰林 G3 上 第5章 毫米與數線,"[""N-3-11""]",[],[],[],uncertain,low,"[""數線等距刻度推算，需圖像判讀且本卷已裁圖覆核，惟無對應正式skill條目，保留uncertain""]",uncertain_review,first_pass
G3-翰林-108上-期中1-P07_R06_鶴聲國小_屏東縣_3年級_數學_108上_期中1_翰林::ql-q11,"[""G3-翰林-108上-期中1-P07_R06_鶴聲國小_屏東縣_3年級_數學_108上_期中1_翰林::三-1""]",G3-翰林-108上-期中1-P07_R06_鶴聲國小_屏東縣_3年級_數學_108上_期中1_翰林,question_item,verified,source_materials/tcool_math_g1_g4_康軒_翰林/grade-3/翰林/questions/P07_R06_鶴聲國小_屏東縣_3年級_數學_108上_期中1_翰林_題目卷.pdf,1,"[0, 0, 4677, 6614]",source_materials/tcool_math_g1_g4_康軒_翰林/_analysis/pilot/pages/G3-_-108_-_1-P07_R06_____3____108___1__/page-1.jpg,三-1,2 個千、1 個十和 8 個一是( )。,[],source_materials/tcool_math_g1_g4_康軒_翰林/grade-3/翰林/answers/P07_R06_鶴聲國小_屏東縣_3年級_數學_108上_期中1_翰林_答案卷.pdf,1,2000+10+8=2018。與答案卷「1.(2018)」一致。,2018,verified,independent_calculation,翰林,G3,108,上,期中1,,,,翰林 G3 上 第1章 10000 以內的數,"[""N-3-1""]",[],"[""G3-01-02""]","[""G3-01-02""]",direct,high,"[""位值合成(2千1十8一=2018)，對應 G3-01-02""]",include,first_pass
G3-翰林-108上-期中1-P07_R06_鶴聲國小_屏東縣_3年級_數學_108上_期中1_翰林::ql-q12,"[""G3-翰林-108上-期中1-P07_R06_鶴聲國小_屏東縣_3年級_數學_108上_期中1_翰林::三-1""]",G3-翰林-108上-期中1-P07_R06_鶴聲國小_屏東縣_3年級_數學_108上_期中1_翰林,question_item,verified,source_materials/tcool_math_g1_g4_康軒_翰林/grade-3/翰林/questions/P07_R06_鶴聲國小_屏東縣_3年級_數學_108上_期中1_翰林_題目卷.pdf,1,"[0, 0, 4677, 6614]",source_materials/tcool_math_g1_g4_康軒_翰林/_analysis/pilot/pages/G3-_-108_-_1-P07_R06_____3____108___1__/page-1.jpg,三-2,1372 是( )個千、( )個百、( )個十和( )個一。,[],source_materials/tcool_math_g1_g4_康軒_翰林/grade-3/翰林/answers/P07_R06_鶴聲國小_屏東縣_3年級_數學_108上_期中1_翰林_答案卷.pdf,1,"1372 千百十個位分別為1,3,7,2。與答案卷「2.(1)(3)(7)(2)」一致。",1、3、7、2,verified,independent_calculation,翰林,G3,108,上,期中1,,,,翰林 G3 上 第1章 10000 以內的數,"[""N-3-1""]",[],"[""G3-01-02""]","[""G3-01-02""]",direct,high,"[""位值分解(1372拆千百十個)，對應 G3-01-02""]",include,first_pass
G3-翰林-108上-期中1-P07_R06_鶴聲國小_屏東縣_3年級_數學_108上_期中1_翰林::ql-q13,"[""G3-翰林-108上-期中1-P07_R06_鶴聲國小_屏東縣_3年級_數學_108上_期中1_翰林::三-1""]",G3-翰林-108上-期中1-P07_R06_鶴聲國小_屏東縣_3年級_數學_108上_期中1_翰林,question_item,verified,source_materials/tcool_math_g1_g4_康軒_翰林/grade-3/翰林/questions/P07_R06_鶴聲國小_屏東縣_3年級_數學_108上_期中1_翰林_題目卷.pdf,1,"[0, 0, 4677, 6614]",source_materials/tcool_math_g1_g4_康軒_翰林/_analysis/pilot/pages/G3-_-108_-_1-P07_R06_____3____108___1__/page-1.jpg,三-3,2153=2000+100+( )+3,[],source_materials/tcool_math_g1_g4_康軒_翰林/grade-3/翰林/answers/P07_R06_鶴聲國小_屏東縣_3年級_數學_108上_期中1_翰林_答案卷.pdf,1,2153-2000-100-3=50。與答案卷「3.(50)」一致。,50,verified,independent_calculation,翰林,G3,108,上,期中1,,,,翰林 G3 上 第1章 10000 以內的數,"[""N-3-1""]",[],"[""G3-01-02""]","[""G3-01-02""]",direct,high,"[""2153=2000+100+□+3 位值拆解，對應 G3-01-02""]",include,first_pass
G3-翰林-108上-期中1-P07_R06_鶴聲國小_屏東縣_3年級_數學_108上_期中1_翰林::ql-q14,"[""G3-翰林-108上-期中1-P07_R06_鶴聲國小_屏東縣_3年級_數學_108上_期中1_翰林::三-1""]",G3-翰林-108上-期中1-P07_R06_鶴聲國小_屏東縣_3年級_數學_108上_期中1_翰林,question_item,verified,source_materials/tcool_math_g1_g4_康軒_翰林/grade-3/翰林/questions/P07_R06_鶴聲國小_屏東縣_3年級_數學_108上_期中1_翰林_題目卷.pdf,1,"[0, 0, 4677, 6614]",source_materials/tcool_math_g1_g4_康軒_翰林/_analysis/pilot/pages/G3-_-108_-_1-P07_R06_____3____108___1__/page-1.jpg,三-4,在□中填入代表位置的數。（數線：45 50 55 □ 65 □ □ □ 80 □，等距刻度）,[],source_materials/tcool_math_g1_g4_康軒_翰林/grade-3/翰林/answers/P07_R06_鶴聲國小_屏東縣_3年級_數學_108上_期中1_翰林_答案卷.pdf,1,"等差+5：45,50,55,60,65,70,75,80,85，共5個空格依序60,70,75,85（其中一格已知80）。與答案卷紅字填入「60、70、75、85」一致。",60、70、75、85,verified,independent_calculation,翰林,G3,108,上,期中1,,,,翰林 G3 上 第5章 毫米與數線,"[""N-3-11""]",[],[],[],partial,medium,"[""數線等差+5填空，屬N-3-11但無單一對應skill""]",uncertain_review,first_pass
G3-翰林-108上-期中1-P07_R06_鶴聲國小_屏東縣_3年級_數學_108上_期中1_翰林::ql-q15,"[""G3-翰林-108上-期中1-P07_R06_鶴聲國小_屏東縣_3年級_數學_108上_期中1_翰林::三-1""]",G3-翰林-108上-期中1-P07_R06_鶴聲國小_屏東縣_3年級_數學_108上_期中1_翰林,question_item,verified,source_materials/tcool_math_g1_g4_康軒_翰林/grade-3/翰林/questions/P07_R06_鶴聲國小_屏東縣_3年級_數學_108上_期中1_翰林_題目卷.pdf,1,"[0, 0, 4677, 6614]",source_materials/tcool_math_g1_g4_康軒_翰林/_analysis/pilot/pages/G3-_-108_-_1-P07_R06_____3____108___1__/page-1.jpg,三-5,3 個千、0 個百、1 個十和 9 個一合起來是( )，讀作( )。,[],source_materials/tcool_math_g1_g4_康軒_翰林/grade-3/翰林/answers/P07_R06_鶴聲國小_屏東縣_3年級_數學_108上_期中1_翰林_答案卷.pdf,1,3000+0+10+9=3019，讀作三千零十九。與答案卷「5.(3019)(三千零十九)」一致。,3019、三千零十九,verified,independent_calculation,翰林,G3,108,上,期中1,,,,翰林 G3 上 第1章 10000 以內的數,"[""N-3-1""]",[],"[""G3-01-02""]","[""G3-01-02""]",direct,high,"[""位值合成+讀法(3019=三千零十九)，對應 G3-01-02""]",include,first_pass
G3-翰林-108上-期中1-P07_R06_鶴聲國小_屏東縣_3年級_數學_108上_期中1_翰林::ql-q16,"[""G3-翰林-108上-期中1-P07_R06_鶴聲國小_屏東縣_3年級_數學_108上_期中1_翰林::三-1""]",G3-翰林-108上-期中1-P07_R06_鶴聲國小_屏東縣_3年級_數學_108上_期中1_翰林,question_item,verified,source_materials/tcool_math_g1_g4_康軒_翰林/grade-3/翰林/questions/P07_R06_鶴聲國小_屏東縣_3年級_數學_108上_期中1_翰林_題目卷.pdf,1,"[0, 0, 4677, 6614]",source_materials/tcool_math_g1_g4_康軒_翰林/_analysis/pilot/pages/G3-_-108_-_1-P07_R06_____3____108___1__/page-1.jpg,三-6,按照數的順序填填看。6800→( )→( )→( )→( )→7300→7400,[],source_materials/tcool_math_g1_g4_康軒_翰林/grade-3/翰林/answers/P07_R06_鶴聲國小_屏東縣_3年級_數學_108上_期中1_翰林_答案卷.pdf,1,"等差+100：6800,6900,7000,7100,7200,7300,7400。與答案卷「6.(6900)(7000)(7100)(7200)」一致。",6900、7000、7100、7200,verified,independent_calculation,翰林,G3,108,上,期中1,,,,翰林 G3 上 第1章 10000 以內的數,"[""N-3-1""]",[],"[""G3-01-06""]","[""G3-01-06""]",direct,high,"[""等差+100數列(6800-7400)，對應 G3-01-06 順數和倒數""]",include,first_pass
G3-翰林-108上-期中1-P07_R06_鶴聲國小_屏東縣_3年級_數學_108上_期中1_翰林::ql-q17,"[""G3-翰林-108上-期中1-P07_R06_鶴聲國小_屏東縣_3年級_數學_108上_期中1_翰林::三-1""]",G3-翰林-108上-期中1-P07_R06_鶴聲國小_屏東縣_3年級_數學_108上_期中1_翰林,question_item,verified,source_materials/tcool_math_g1_g4_康軒_翰林/grade-3/翰林/questions/P07_R06_鶴聲國小_屏東縣_3年級_數學_108上_期中1_翰林_題目卷.pdf,1,"[0, 0, 4677, 6614]",source_materials/tcool_math_g1_g4_康軒_翰林/_analysis/pilot/pages/G3-_-108_-_1-P07_R06_____3____108___1__/page-1.jpg,三-7,雪山的高度是 3886 公尺，是臺灣第二高的山。3886 是( )個千、( )個百、( )個十和( )個一合起來。,[],source_materials/tcool_math_g1_g4_康軒_翰林/grade-3/翰林/answers/P07_R06_鶴聲國小_屏東縣_3年級_數學_108上_期中1_翰林_答案卷.pdf,1,"3886 千百十個位分別為3,8,8,6。與答案卷「7.(3)(8)(8)(6)」一致。",3、8、8、6,verified,independent_calculation,翰林,G3,108,上,期中1,,,,翰林 G3 上 第1章 10000 以內的數,"[""N-3-1""]",[],"[""G3-01-02""]","[""G3-01-02""]",direct,high,"[""3886位值分解，對應 G3-01-02""]",include,first_pass
G3-翰林-108上-期中1-P07_R06_鶴聲國小_屏東縣_3年級_數學_108上_期中1_翰林::ql-q18,"[""G3-翰林-108上-期中1-P07_R06_鶴聲國小_屏東縣_3年級_數學_108上_期中1_翰林::三-1""]",G3-翰林-108上-期中1-P07_R06_鶴聲國小_屏東縣_3年級_數學_108上_期中1_翰林,question_item,verified,source_materials/tcool_math_g1_g4_康軒_翰林/grade-3/翰林/questions/P07_R06_鶴聲國小_屏東縣_3年級_數學_108上_期中1_翰林_題目卷.pdf,1,"[0, 0, 4677, 6614]",source_materials/tcool_math_g1_g4_康軒_翰林/_analysis/pilot/pages/G3-_-108_-_1-P07_R06_____3____108___1__/page-1.jpg,三-8,按照數的順序填填看。960→970→980→( )→( )→( )→( )→( ),[],source_materials/tcool_math_g1_g4_康軒_翰林/grade-3/翰林/answers/P07_R06_鶴聲國小_屏東縣_3年級_數學_108上_期中1_翰林_答案卷.pdf,1,"等差+10：960,970,980,990,1000,1010,1020,1030。與答案卷「8.(990)(1000)(1010)(1020)(1030)」一致。",990、1000、1010、1020、1030,verified,independent_calculation,翰林,G3,108,上,期中1,,,,翰林 G3 上 第1章 10000 以內的數,"[""N-3-1""]",[],"[""G3-01-06""]","[""G3-01-06""]",direct,high,"[""等差+10數列(960-1030)，對應 G3-01-06""]",include,first_pass
G3-翰林-108上-期中1-P07_R06_鶴聲國小_屏東縣_3年級_數學_108上_期中1_翰林::ql-q19,"[""G3-翰林-108上-期中1-P07_R06_鶴聲國小_屏東縣_3年級_數學_108上_期中1_翰林::三-1""]",G3-翰林-108上-期中1-P07_R06_鶴聲國小_屏東縣_3年級_數學_108上_期中1_翰林,question_item,verified,source_materials/tcool_math_g1_g4_康軒_翰林/grade-3/翰林/questions/P07_R06_鶴聲國小_屏東縣_3年級_數學_108上_期中1_翰林_題目卷.pdf,1,"[0, 0, 4677, 6614]",source_materials/tcool_math_g1_g4_康軒_翰林/_analysis/pilot/pages/G3-_-108_-_1-P07_R06_____3____108___1__/page-1.jpg,三-9,有多少元？填填看。（圖示：4 張千元鈔＋2 張千元鈔（共4張千元鈔排列於上兩排）、2 張百元鈔、3 個十元硬幣）,[],source_materials/tcool_math_g1_g4_康軒_翰林/grade-3/翰林/answers/P07_R06_鶴聲國小_屏東縣_3年級_數學_108上_期中1_翰林_答案卷.pdf,1,清點圖示：1000元鈔4張=4000、100元鈔2張=200、10元幣3個=30；4000+200+30=4230。與答案卷「9.(4230)元」一致。,4230 元,verified,independent_calculation,翰林,G3,108,上,期中1,,,,翰林 G3 上 第1章 10000 以內的數,"[""N-3-1""]",[],"[""G3-01-02""]",[],partial,medium,"[""鈔票/硬幣清點求總金額，位值概念相關但非教材正式skill定義範圍""]",uncertain_review,first_pass
G3-翰林-108上-期中1-P07_R06_鶴聲國小_屏東縣_3年級_數學_108上_期中1_翰林::ql-q20,"[""G3-翰林-108上-期中1-P07_R06_鶴聲國小_屏東縣_3年級_數學_108上_期中1_翰林::三-1""]",G3-翰林-108上-期中1-P07_R06_鶴聲國小_屏東縣_3年級_數學_108上_期中1_翰林,question_item,verified,source_materials/tcool_math_g1_g4_康軒_翰林/grade-3/翰林/questions/P07_R06_鶴聲國小_屏東縣_3年級_數學_108上_期中1_翰林_題目卷.pdf,1,"[0, 0, 4677, 6614]",source_materials/tcool_math_g1_g4_康軒_翰林/_analysis/pilot/pages/G3-_-108_-_1-P07_R06_____3____108___1__/page-1.jpg,三-10,按照數的順序填填看。[ ]→[ ]→9000→[ ]→9200→9300,[],source_materials/tcool_math_g1_g4_康軒_翰林/grade-3/翰林/answers/P07_R06_鶴聲國小_屏東縣_3年級_數學_108上_期中1_翰林_答案卷.pdf,1,"等差+100倒推/正推：8800,8900,9000,9100,9200,9300。與答案卷「10.(8800)(8900)(9100)」一致。",8800、8900、9100,verified,independent_calculation,翰林,G3,108,上,期中1,,,,翰林 G3 上 第1章 10000 以內的數,"[""N-3-1""]",[],"[""G3-01-06""]","[""G3-01-06""]",direct,high,"[""等差+100雙向數列(8800-9300)，對應 G3-01-06""]",include,first_pass
G3-翰林-108上-期中1-P07_R06_鶴聲國小_屏東縣_3年級_數學_108上_期中1_翰林::ql-q21,"[""G3-翰林-108上-期中1-P07_R06_鶴聲國小_屏東縣_3年級_數學_108上_期中1_翰林::三-1""]",G3-翰林-108上-期中1-P07_R06_鶴聲國小_屏東縣_3年級_數學_108上_期中1_翰林,question_item,verified,source_materials/tcool_math_g1_g4_康軒_翰林/grade-3/翰林/questions/P07_R06_鶴聲國小_屏東縣_3年級_數學_108上_期中1_翰林_題目卷.pdf,1,"[0, 0, 4677, 6614]",source_materials/tcool_math_g1_g4_康軒_翰林/_analysis/pilot/pages/G3-_-108_-_1-P07_R06_____3____108___1__/page-1.jpg,三-11,爸爸的生日是 9 月 20 日，再過 5 天就是琦琦的生日。琦琦生日是 9 月( )日。,[],source_materials/tcool_math_g1_g4_康軒_翰林/grade-3/翰林/answers/P07_R06_鶴聲國小_屏東縣_3年級_數學_108上_期中1_翰林_答案卷.pdf,1,20+5=25。與答案卷「11.(25)」一致。,25,verified,independent_calculation,翰林,G3,108,上,期中1,,,,翰林 G3 上 第3章 10000 以內的加減,"[""N-3-2""]",[],[],[],partial,medium,"[""生日日期加法(20+5=25)，屬簡單加法但非本冊正式時間章節""]",uncertain_review,first_pass
G3-翰林-108上-期中1-P07_R06_鶴聲國小_屏東縣_3年級_數學_108上_期中1_翰林::ql-q22,"[""G3-翰林-108上-期中1-P07_R06_鶴聲國小_屏東縣_3年級_數學_108上_期中1_翰林::三-1""]",G3-翰林-108上-期中1-P07_R06_鶴聲國小_屏東縣_3年級_數學_108上_期中1_翰林,question_item,verified,source_materials/tcool_math_g1_g4_康軒_翰林/grade-3/翰林/questions/P07_R06_鶴聲國小_屏東縣_3年級_數學_108上_期中1_翰林_題目卷.pdf,1,"[0, 0, 4677, 6614]",source_materials/tcool_math_g1_g4_康軒_翰林/_analysis/pilot/pages/G3-_-108_-_1-P07_R06_____3____108___1__/page-1.jpg,三-12,三年甲班排隊，每 2 個男同學之間站 1 個女同學，全班同學剛好排完，三年甲班有 8 個女同學，三年甲班男同學有( )人，全班同學共( )人。,[],source_materials/tcool_math_g1_g4_康軒_翰林/grade-3/翰林/answers/P07_R06_鶴聲國小_屏東縣_3年級_數學_108上_期中1_翰林_答案卷.pdf,1,女同學站在相鄰男同學之間的間隔中：N個男同學相鄰間隔數=N-1，故N-1=8→N=9；全班=9+8=17。與答案卷「12.(9)(17)」一致。,9、17,verified,independent_calculation,翰林,G3,108,上,期中1,,,,,"[""N-3-6""]",[],[],[],uncertain,low,"[""official N-3-6 解題(排隊間隔應用)，翰林G3上出版社章節無對應此類排隊間隔題型之明確條目，保留uncertain""]",uncertain_review,first_pass
G3-翰林-108上-期中1-P07_R06_鶴聲國小_屏東縣_3年級_數學_108上_期中1_翰林::ql-q23,"[""G3-翰林-108上-期中1-P07_R06_鶴聲國小_屏東縣_3年級_數學_108上_期中1_翰林::三-1""]",G3-翰林-108上-期中1-P07_R06_鶴聲國小_屏東縣_3年級_數學_108上_期中1_翰林,question_item,verified,source_materials/tcool_math_g1_g4_康軒_翰林/grade-3/翰林/questions/P07_R06_鶴聲國小_屏東縣_3年級_數學_108上_期中1_翰林_題目卷.pdf,1,"[0, 0, 4677, 6614]",source_materials/tcool_math_g1_g4_康軒_翰林/_analysis/pilot/pages/G3-_-108_-_1-P07_R06_____3____108___1__/page-1.jpg,三-13,將 4507 記在位值表上。（千位／百位／十位／個位表格）,[],source_materials/tcool_math_g1_g4_康軒_翰林/grade-3/翰林/answers/P07_R06_鶴聲國小_屏東縣_3年級_數學_108上_期中1_翰林_答案卷.pdf,1,"4507 千百十個位分別為4,5,0,7。與答案卷表格填入「4/5/0/7」一致。",千位4、百位5、十位0、個位7,verified,independent_calculation,翰林,G3,108,上,期中1,,,,翰林 G3 上 第1章 10000 以內的數,"[""N-3-1""]",[],"[""G3-01-02""]","[""G3-01-02""]",direct,high,"[""4507填入位值表，對應 G3-01-02""]",include,first_pass
G3-翰林-108上-期中1-P07_R06_鶴聲國小_屏東縣_3年級_數學_108上_期中1_翰林::ql-q24,"[""G3-翰林-108上-期中1-P07_R06_鶴聲國小_屏東縣_3年級_數學_108上_期中1_翰林::三-1""]",G3-翰林-108上-期中1-P07_R06_鶴聲國小_屏東縣_3年級_數學_108上_期中1_翰林,question_item,verified,source_materials/tcool_math_g1_g4_康軒_翰林/grade-3/翰林/questions/P07_R06_鶴聲國小_屏東縣_3年級_數學_108上_期中1_翰林_題目卷.pdf,2,"[0, 0, 4677, 6614]",source_materials/tcool_math_g1_g4_康軒_翰林/_analysis/pilot/pages/G3-_-108_-_1-P07_R06_____3____108___1__/page-2.jpg,三-14,「八千零三」記成數字是( )。,[],source_materials/tcool_math_g1_g4_康軒_翰林/grade-3/翰林/answers/P07_R06_鶴聲國小_屏東縣_3年級_數學_108上_期中1_翰林_答案卷.pdf,2,八千零三=8000+3=8003（百位、十位為0）。與答案卷「14.(8003)」一致。,8003,verified,independent_calculation,翰林,G3,108,上,期中1,,,,翰林 G3 上 第1章 10000 以內的數,"[""N-3-1""]",[],"[""G3-01-07""]","[""G3-01-07""]",direct,high,"[""「八千零三」讀法轉數字，對應 G3-01-07/G3-01-02 位值概念""]",include,first_pass
G3-翰林-108上-期中1-P07_R06_鶴聲國小_屏東縣_3年級_數學_108上_期中1_翰林::ql-q25,"[""G3-翰林-108上-期中1-P07_R06_鶴聲國小_屏東縣_3年級_數學_108上_期中1_翰林::三-1""]",G3-翰林-108上-期中1-P07_R06_鶴聲國小_屏東縣_3年級_數學_108上_期中1_翰林,question_item,verified,source_materials/tcool_math_g1_g4_康軒_翰林/grade-3/翰林/questions/P07_R06_鶴聲國小_屏東縣_3年級_數學_108上_期中1_翰林_題目卷.pdf,2,"[0, 0, 4677, 6614]",source_materials/tcool_math_g1_g4_康軒_翰林/_analysis/pilot/pages/G3-_-108_-_1-P07_R06_____3____108___1__/page-2.jpg,三-15,幸福國小有女生 835 人，男生 568 人，女生比男生多幾人？（線段圖：女生835人、男生568人、差距方框）,[],source_materials/tcool_math_g1_g4_康軒_翰林/grade-3/翰林/answers/P07_R06_鶴聲國小_屏東縣_3年級_數學_108上_期中1_翰林_答案卷.pdf,2,答案卷方框手寫填「167人」，但獨立驗算 835-568=267，與答案卷數值不符（568+267=835 可驗證267才是正確差值；568+167=735≠835）。本題答案卷本身疑似計算或謄寫錯誤，correctAnswer 依規定如實保留答案卷原始文字「167 人」，並標記 needs_review、列入 answer-review-queue，不得逕自改為 267 或視為 verified。,167 人,needs_review,independent_calculation,翰林,G3,108,上,期中1,,,,翰林 G3 上 第3章 10000 以內的加減,"[""N-3-2""]",[],[],[],uncertain,low,"[""835-568差幾人：answerStatus已標needs_review(答案卷與獨立驗算不符)，對齊亦保留uncertain，不因對齊掩蓋答案爭議""]",uncertain_review,first_pass
G3-翰林-108上-期中1-P07_R06_鶴聲國小_屏東縣_3年級_數學_108上_期中1_翰林::ql-q26,"[""G3-翰林-108上-期中1-P07_R06_鶴聲國小_屏東縣_3年級_數學_108上_期中1_翰林::三-1""]",G3-翰林-108上-期中1-P07_R06_鶴聲國小_屏東縣_3年級_數學_108上_期中1_翰林,question_item,verified,source_materials/tcool_math_g1_g4_康軒_翰林/grade-3/翰林/questions/P07_R06_鶴聲國小_屏東縣_3年級_數學_108上_期中1_翰林_題目卷.pdf,2,"[0, 0, 4677, 6614]",source_materials/tcool_math_g1_g4_康軒_翰林/_analysis/pilot/pages/G3-_-108_-_1-P07_R06_____3____108___1__/page-2.jpg,三-16,在□中填入正確的數字。3□74 + □9□1 = 9605（直式加法，三個內部空格＋和的個位空格）,[],source_materials/tcool_math_g1_g4_康軒_翰林/grade-3/翰林/answers/P07_R06_鶴聲國小_屏東縣_3年級_數學_108上_期中1_翰林_答案卷.pdf,2,設第一加數=3X74，第二加數=Y9Z1，和=960W。逐位驗算：3674+5931=9605 成立（百位6、千位5、十位3、個位W=5均與答案卷手寫紅字一致）。,3674+5931=9605（依序：百位6、千位5、十位3、和的個位5）,verified,independent_calculation,翰林,G3,108,上,期中1,,,,翰林 G3 上 第3章 10000 以內的加減,"[""N-3-2""]",[],"[""G3-05-02""]","[""G3-05-02""]",direct,high,"[""3674+5931=9605 直式加法填空，對應 G3-05-02""]",include,first_pass
G3-翰林-108上-期中1-P07_R06_鶴聲國小_屏東縣_3年級_數學_108上_期中1_翰林::ql-q27,"[""G3-翰林-108上-期中1-P07_R06_鶴聲國小_屏東縣_3年級_數學_108上_期中1_翰林::三-1""]",G3-翰林-108上-期中1-P07_R06_鶴聲國小_屏東縣_3年級_數學_108上_期中1_翰林,question_item,verified,source_materials/tcool_math_g1_g4_康軒_翰林/grade-3/翰林/questions/P07_R06_鶴聲國小_屏東縣_3年級_數學_108上_期中1_翰林_題目卷.pdf,2,"[0, 0, 4677, 6614]",source_materials/tcool_math_g1_g4_康軒_翰林/_analysis/pilot/pages/G3-_-108_-_1-P07_R06_____3____108___1__/page-2.jpg,三-17,有一個四位數，比 2899 大，比 2905 小，這個數的百位數字是多少？寫出一個這樣的四位數。,[],source_materials/tcool_math_g1_g4_康軒_翰林/grade-3/翰林/answers/P07_R06_鶴聲國小_屏東縣_3年級_數學_108上_期中1_翰林_答案卷.pdf,2,介於2899與2905之間的四位數為2900-2904，皆屬29xx，百位數字固定為9。與答案卷「17.百位數字是(9)，這個數是(2900)（或2901-2904）」一致。,百位數字 9，例如 2900（2900-2904 皆合乎範圍）,verified,independent_calculation,翰林,G3,108,上,期中1,,,,翰林 G3 上 第1章 10000 以內的數,"[""N-3-1""]",[],"[""G3-01-05""]","[""G3-01-05""]",direct,high,"[""夾擠範圍(2899<x<2905)求百位數字，對應 G3-01-05 比較大小-千位和百位數字相同""]",include,first_pass
G3-翰林-108上-期中1-P07_R06_鶴聲國小_屏東縣_3年級_數學_108上_期中1_翰林::ql-q28,"[""G3-翰林-108上-期中1-P07_R06_鶴聲國小_屏東縣_3年級_數學_108上_期中1_翰林::四-1""]",G3-翰林-108上-期中1-P07_R06_鶴聲國小_屏東縣_3年級_數學_108上_期中1_翰林,question_item,verified,source_materials/tcool_math_g1_g4_康軒_翰林/grade-3/翰林/questions/P07_R06_鶴聲國小_屏東縣_3年級_數學_108上_期中1_翰林_題目卷.pdf,2,"[0, 0, 4677, 6614]",source_materials/tcool_math_g1_g4_康軒_翰林/_analysis/pilot/pages/G3-_-108_-_1-P07_R06_____3____108___1__/page-2.jpg,四-1,填入 >、< 或 =：4469( )4489,[],source_materials/tcool_math_g1_g4_康軒_翰林/grade-3/翰林/answers/P07_R06_鶴聲國小_屏東縣_3年級_數學_108上_期中1_翰林_答案卷.pdf,2,4469<4489。與答案卷「1.(<)」一致。,<,verified,independent_calculation,翰林,G3,108,上,期中1,,,,翰林 G3 上 第1章 10000 以內的數,"[""N-3-1""]",[],"[""G3-01-03""]","[""G3-01-03""]",direct,high,"[""4469 vs 4489 比大小，對應 G3-01-03/04 比較大小""]",include,first_pass
G3-翰林-108上-期中1-P07_R06_鶴聲國小_屏東縣_3年級_數學_108上_期中1_翰林::ql-q29,"[""G3-翰林-108上-期中1-P07_R06_鶴聲國小_屏東縣_3年級_數學_108上_期中1_翰林::四-1""]",G3-翰林-108上-期中1-P07_R06_鶴聲國小_屏東縣_3年級_數學_108上_期中1_翰林,question_item,verified,source_materials/tcool_math_g1_g4_康軒_翰林/grade-3/翰林/questions/P07_R06_鶴聲國小_屏東縣_3年級_數學_108上_期中1_翰林_題目卷.pdf,2,"[0, 0, 4677, 6614]",source_materials/tcool_math_g1_g4_康軒_翰林/_analysis/pilot/pages/G3-_-108_-_1-P07_R06_____3____108___1__/page-2.jpg,四-2,填入 >、< 或 =：一千零二( )一千零二十,[],source_materials/tcool_math_g1_g4_康軒_翰林/grade-3/翰林/answers/P07_R06_鶴聲國小_屏東縣_3年級_數學_108上_期中1_翰林_答案卷.pdf,2,1002<1020。與答案卷「2.(<)」一致。,<,verified,independent_calculation,翰林,G3,108,上,期中1,,,,翰林 G3 上 第1章 10000 以內的數,"[""N-3-1""]",[],"[""G3-01-02""]","[""G3-01-02""]",direct,high,"[""一千零二 vs 一千零二十，對應位值讀法與比較""]",include,first_pass
G3-翰林-108上-期中1-P07_R06_鶴聲國小_屏東縣_3年級_數學_108上_期中1_翰林::ql-q30,"[""G3-翰林-108上-期中1-P07_R06_鶴聲國小_屏東縣_3年級_數學_108上_期中1_翰林::四-1""]",G3-翰林-108上-期中1-P07_R06_鶴聲國小_屏東縣_3年級_數學_108上_期中1_翰林,question_item,verified,source_materials/tcool_math_g1_g4_康軒_翰林/grade-3/翰林/questions/P07_R06_鶴聲國小_屏東縣_3年級_數學_108上_期中1_翰林_題目卷.pdf,2,"[0, 0, 4677, 6614]",source_materials/tcool_math_g1_g4_康軒_翰林/_analysis/pilot/pages/G3-_-108_-_1-P07_R06_____3____108___1__/page-2.jpg,四-3,填入 >、< 或 =：7208( )6995,[],source_materials/tcool_math_g1_g4_康軒_翰林/grade-3/翰林/answers/P07_R06_鶴聲國小_屏東縣_3年級_數學_108上_期中1_翰林_答案卷.pdf,2,7208>6995。與答案卷「3.(>)」一致。,>,verified,independent_calculation,翰林,G3,108,上,期中1,,,,翰林 G3 上 第1章 10000 以內的數,"[""N-3-1""]",[],"[""G3-01-03""]","[""G3-01-03""]",direct,high,"[""7208 vs 6995，對應 G3-01-03 比較大小-千位數字不同""]",include,first_pass
G3-翰林-108上-期中1-P07_R06_鶴聲國小_屏東縣_3年級_數學_108上_期中1_翰林::ql-q31,"[""G3-翰林-108上-期中1-P07_R06_鶴聲國小_屏東縣_3年級_數學_108上_期中1_翰林::四-1""]",G3-翰林-108上-期中1-P07_R06_鶴聲國小_屏東縣_3年級_數學_108上_期中1_翰林,question_item,verified,source_materials/tcool_math_g1_g4_康軒_翰林/grade-3/翰林/questions/P07_R06_鶴聲國小_屏東縣_3年級_數學_108上_期中1_翰林_題目卷.pdf,2,"[0, 0, 4677, 6614]",source_materials/tcool_math_g1_g4_康軒_翰林/_analysis/pilot/pages/G3-_-108_-_1-P07_R06_____3____108___1__/page-2.jpg,四-4,填入 >、< 或 =：5006( )5060,[],source_materials/tcool_math_g1_g4_康軒_翰林/grade-3/翰林/answers/P07_R06_鶴聲國小_屏東縣_3年級_數學_108上_期中1_翰林_答案卷.pdf,2,5006<5060。與答案卷「4.(<)」一致。,<,verified,independent_calculation,翰林,G3,108,上,期中1,,,,翰林 G3 上 第1章 10000 以內的數,"[""N-3-1""]",[],"[""G3-01-04""]","[""G3-01-04""]",direct,high,"[""5006 vs 5060，對應 G3-01-04""]",include,first_pass
G3-翰林-108上-期中1-P07_R06_鶴聲國小_屏東縣_3年級_數學_108上_期中1_翰林::ql-q32,"[""G3-翰林-108上-期中1-P07_R06_鶴聲國小_屏東縣_3年級_數學_108上_期中1_翰林::四-1""]",G3-翰林-108上-期中1-P07_R06_鶴聲國小_屏東縣_3年級_數學_108上_期中1_翰林,question_item,verified,source_materials/tcool_math_g1_g4_康軒_翰林/grade-3/翰林/questions/P07_R06_鶴聲國小_屏東縣_3年級_數學_108上_期中1_翰林_題目卷.pdf,2,"[0, 0, 4677, 6614]",source_materials/tcool_math_g1_g4_康軒_翰林/_analysis/pilot/pages/G3-_-108_-_1-P07_R06_____3____108___1__/page-2.jpg,四-5,填入 >、< 或 =：3509( )3590,[],source_materials/tcool_math_g1_g4_康軒_翰林/grade-3/翰林/answers/P07_R06_鶴聲國小_屏東縣_3年級_數學_108上_期中1_翰林_答案卷.pdf,2,3509<3590。與答案卷「5.(<)」一致。,<,verified,independent_calculation,翰林,G3,108,上,期中1,,,,翰林 G3 上 第1章 10000 以內的數,"[""N-3-1""]",[],"[""G3-01-04""]","[""G3-01-04""]",direct,high,"[""3509 vs 3590，對應 G3-01-04""]",include,first_pass
G3-翰林-108上-期中1-P07_R06_鶴聲國小_屏東縣_3年級_數學_108上_期中1_翰林::ql-q33,"[""G3-翰林-108上-期中1-P07_R06_鶴聲國小_屏東縣_3年級_數學_108上_期中1_翰林::五-1""]",G3-翰林-108上-期中1-P07_R06_鶴聲國小_屏東縣_3年級_數學_108上_期中1_翰林,question_item,verified,source_materials/tcool_math_g1_g4_康軒_翰林/grade-3/翰林/questions/P07_R06_鶴聲國小_屏東縣_3年級_數學_108上_期中1_翰林_題目卷.pdf,2,"[0, 0, 4677, 6614]",source_materials/tcool_math_g1_g4_康軒_翰林/_analysis/pilot/pages/G3-_-108_-_1-P07_R06_____3____108___1__/page-2.jpg,五-1,寫出直式算算看：581-267=( ),[],source_materials/tcool_math_g1_g4_康軒_翰林/grade-3/翰林/answers/P07_R06_鶴聲國小_屏東縣_3年級_數學_108上_期中1_翰林_答案卷.pdf,2,581-267=314。與答案卷「1.(314)」一致（並經直式重算覆核）。,314,verified,independent_calculation,翰林,G3,108,上,期中1,,,,翰林 G3 上 第3章 10000 以內的加減,"[""N-3-2""]",[],"[""G3-05-03""]","[""G3-05-03""]",direct,high,"[""581-267 直式減法，對應 G3-05-03 三個數的減法(簡化為二數)""]",include,first_pass
G3-翰林-108上-期中1-P07_R06_鶴聲國小_屏東縣_3年級_數學_108上_期中1_翰林::ql-q34,"[""G3-翰林-108上-期中1-P07_R06_鶴聲國小_屏東縣_3年級_數學_108上_期中1_翰林::五-1""]",G3-翰林-108上-期中1-P07_R06_鶴聲國小_屏東縣_3年級_數學_108上_期中1_翰林,question_item,verified,source_materials/tcool_math_g1_g4_康軒_翰林/grade-3/翰林/questions/P07_R06_鶴聲國小_屏東縣_3年級_數學_108上_期中1_翰林_題目卷.pdf,2,"[0, 0, 4677, 6614]",source_materials/tcool_math_g1_g4_康軒_翰林/_analysis/pilot/pages/G3-_-108_-_1-P07_R06_____3____108___1__/page-2.jpg,五-2,寫出直式算算看：1523+5588=( ),[],source_materials/tcool_math_g1_g4_康軒_翰林/grade-3/翰林/answers/P07_R06_鶴聲國小_屏東縣_3年級_數學_108上_期中1_翰林_答案卷.pdf,2,1523+5588=7111。與答案卷「2.(7111)」一致。,7111,verified,independent_calculation,翰林,G3,108,上,期中1,,,,翰林 G3 上 第3章 10000 以內的加減,"[""N-3-2""]",[],"[""G3-05-02""]","[""G3-05-02""]",direct,high,"[""1523+5588 直式加法，對應 G3-05-02""]",include,first_pass
G3-翰林-108上-期中1-P07_R06_鶴聲國小_屏東縣_3年級_數學_108上_期中1_翰林::ql-q35,"[""G3-翰林-108上-期中1-P07_R06_鶴聲國小_屏東縣_3年級_數學_108上_期中1_翰林::五-1""]",G3-翰林-108上-期中1-P07_R06_鶴聲國小_屏東縣_3年級_數學_108上_期中1_翰林,question_item,verified,source_materials/tcool_math_g1_g4_康軒_翰林/grade-3/翰林/questions/P07_R06_鶴聲國小_屏東縣_3年級_數學_108上_期中1_翰林_題目卷.pdf,2,"[0, 0, 4677, 6614]",source_materials/tcool_math_g1_g4_康軒_翰林/_analysis/pilot/pages/G3-_-108_-_1-P07_R06_____3____108___1__/page-2.jpg,五-3,寫出直式算算看：540+2560=( ),[],source_materials/tcool_math_g1_g4_康軒_翰林/grade-3/翰林/answers/P07_R06_鶴聲國小_屏東縣_3年級_數學_108上_期中1_翰林_答案卷.pdf,2,540+2560=3100。與答案卷「3.(3100)」一致。,3100,verified,independent_calculation,翰林,G3,108,上,期中1,,,,翰林 G3 上 第3章 10000 以內的加減,"[""N-3-2""]",[],"[""G3-05-02""]","[""G3-05-02""]",direct,high,"[""540+2560 直式加法，對應 G3-05-02""]",include,first_pass
G3-翰林-108上-期中1-P07_R06_鶴聲國小_屏東縣_3年級_數學_108上_期中1_翰林::ql-q36,"[""G3-翰林-108上-期中1-P07_R06_鶴聲國小_屏東縣_3年級_數學_108上_期中1_翰林::五-1""]",G3-翰林-108上-期中1-P07_R06_鶴聲國小_屏東縣_3年級_數學_108上_期中1_翰林,question_item,verified,source_materials/tcool_math_g1_g4_康軒_翰林/grade-3/翰林/questions/P07_R06_鶴聲國小_屏東縣_3年級_數學_108上_期中1_翰林_題目卷.pdf,2,"[0, 0, 4677, 6614]",source_materials/tcool_math_g1_g4_康軒_翰林/_analysis/pilot/pages/G3-_-108_-_1-P07_R06_____3____108___1__/page-2.jpg,五-4,寫出直式算算看：1983-785=( ),[],source_materials/tcool_math_g1_g4_康軒_翰林/grade-3/翰林/answers/P07_R06_鶴聲國小_屏東縣_3年級_數學_108上_期中1_翰林_答案卷.pdf,2,1983-785=1198。與答案卷「4.(1198)」一致。,1198,verified,independent_calculation,翰林,G3,108,上,期中1,,,,翰林 G3 上 第3章 10000 以內的加減,"[""N-3-2""]",[],"[""G3-05-03""]","[""G3-05-03""]",direct,high,"[""1983-785 直式減法，對應 G3-05-03""]",include,first_pass
G3-翰林-108上-期中1-P07_R06_鶴聲國小_屏東縣_3年級_數學_108上_期中1_翰林::ql-q37,"[""G3-翰林-108上-期中1-P07_R06_鶴聲國小_屏東縣_3年級_數學_108上_期中1_翰林::六-1""]",G3-翰林-108上-期中1-P07_R06_鶴聲國小_屏東縣_3年級_數學_108上_期中1_翰林,question_item,verified,source_materials/tcool_math_g1_g4_康軒_翰林/grade-3/翰林/questions/P07_R06_鶴聲國小_屏東縣_3年級_數學_108上_期中1_翰林_題目卷.pdf,2,"[0, 0, 4677, 6614]",source_materials/tcool_math_g1_g4_康軒_翰林/_analysis/pilot/pages/G3-_-108_-_1-P07_R06_____3____108___1__/page-2.jpg,六-1,寫出算式做做看：一件襯衫賣 800 元，一條圍巾比一件襯衫便宜 375 元，一條圍巾賣幾元？,[],source_materials/tcool_math_g1_g4_康軒_翰林/grade-3/翰林/answers/P07_R06_鶴聲國小_屏東縣_3年級_數學_108上_期中1_翰林_答案卷.pdf,2,800-375=425。與答案卷「1. 800-375=425 答:425元」一致。,425 元,verified,independent_calculation,翰林,G3,108,上,期中1,,,,翰林 G3 上 第3章 10000 以內的加減,"[""N-3-2""]",[],"[""G3-05-03""]","[""G3-05-03""]",direct,high,"[""800-375 減法應用題，對應 G3-05-03""]",include,first_pass
G3-翰林-108上-期中1-P07_R06_鶴聲國小_屏東縣_3年級_數學_108上_期中1_翰林::ql-q38,"[""G3-翰林-108上-期中1-P07_R06_鶴聲國小_屏東縣_3年級_數學_108上_期中1_翰林::六-1""]",G3-翰林-108上-期中1-P07_R06_鶴聲國小_屏東縣_3年級_數學_108上_期中1_翰林,question_item,verified,source_materials/tcool_math_g1_g4_康軒_翰林/grade-3/翰林/questions/P07_R06_鶴聲國小_屏東縣_3年級_數學_108上_期中1_翰林_題目卷.pdf,2,"[0, 0, 4677, 6614]",source_materials/tcool_math_g1_g4_康軒_翰林/_analysis/pilot/pages/G3-_-108_-_1-P07_R06_____3____108___1__/page-2.jpg,六-2,甲店今天賺 5900 元，乙店今天賺 4629 元，哪一家店賺比較多？多幾元？,[],source_materials/tcool_math_g1_g4_康軒_翰林/grade-3/翰林/answers/P07_R06_鶴聲國小_屏東縣_3年級_數學_108上_期中1_翰林_答案卷.pdf,2,5900-4629=1271；5900>4629。與答案卷「2. 5900-4629=1271 A:甲店多1271元」一致。,甲店多 1271 元,verified,independent_calculation,翰林,G3,108,上,期中1,,,,翰林 G3 上 第3章 10000 以內的加減,"[""N-3-2""]",[],"[""G3-05-03""]","[""G3-05-03""]",direct,high,"[""5900-4629 差額比較應用題，對應 G3-05-03""]",include,first_pass
G3-翰林-108上-期中1-P07_R06_鶴聲國小_屏東縣_3年級_數學_108上_期中1_翰林::ql-q39,"[""G3-翰林-108上-期中1-P07_R06_鶴聲國小_屏東縣_3年級_數學_108上_期中1_翰林::六-1""]",G3-翰林-108上-期中1-P07_R06_鶴聲國小_屏東縣_3年級_數學_108上_期中1_翰林,question_item,verified,source_materials/tcool_math_g1_g4_康軒_翰林/grade-3/翰林/questions/P07_R06_鶴聲國小_屏東縣_3年級_數學_108上_期中1_翰林_題目卷.pdf,2,"[0, 0, 4677, 6614]",source_materials/tcool_math_g1_g4_康軒_翰林/_analysis/pilot/pages/G3-_-108_-_1-P07_R06_____3____108___1__/page-2.jpg,六-3,上星期到圖書館借書的有 1805 人，這星期借書的有 2718 人，這兩個星期共有幾人到圖書館借書？,[],source_materials/tcool_math_g1_g4_康軒_翰林/grade-3/翰林/answers/P07_R06_鶴聲國小_屏東縣_3年級_數學_108上_期中1_翰林_答案卷.pdf,2,1805+2718=4523。與答案卷「3. 1805+2718=4523 A:4523人」一致。,4523 人,verified,independent_calculation,翰林,G3,108,上,期中1,,,,翰林 G3 上 第3章 10000 以內的加減,"[""N-3-2""]",[],"[""G3-05-02""]","[""G3-05-02""]",direct,high,"[""1805+2718 加法應用題，對應 G3-05-02""]",include,first_pass
G3-翰林-108上-期中1-P07_R06_鶴聲國小_屏東縣_3年級_數學_108上_期中1_翰林::ql-q40,"[""G3-翰林-108上-期中1-P07_R06_鶴聲國小_屏東縣_3年級_數學_108上_期中1_翰林::六-1""]",G3-翰林-108上-期中1-P07_R06_鶴聲國小_屏東縣_3年級_數學_108上_期中1_翰林,question_item,verified,source_materials/tcool_math_g1_g4_康軒_翰林/grade-3/翰林/questions/P07_R06_鶴聲國小_屏東縣_3年級_數學_108上_期中1_翰林_題目卷.pdf,2,"[0, 0, 4677, 6614]",source_materials/tcool_math_g1_g4_康軒_翰林/_analysis/pilot/pages/G3-_-108_-_1-P07_R06_____3____108___1__/page-2.jpg,六-4,麻雀從 18 開始，向左飛 9 格，會停在哪一個數？（數線圖：9~20）,[],source_materials/tcool_math_g1_g4_康軒_翰林/grade-3/翰林/answers/P07_R06_鶴聲國小_屏東縣_3年級_數學_108上_期中1_翰林_答案卷.pdf,2,18-9=9。與答案卷「4. 18-9=9 A:9」一致。,9,verified,independent_calculation,翰林,G3,108,上,期中1,,,,翰林 G3 上 第5章 毫米與數線,"[""N-3-11""]",[],[],[],partial,medium,"[""數線減法應用(18-9)，屬N-3-11但無單一對應skill""]",uncertain_review,first_pass
G3-翰林-108上-期中1-P07_R06_鶴聲國小_屏東縣_3年級_數學_108上_期中1_翰林::ql-q41,"[""G3-翰林-108上-期中1-P07_R06_鶴聲國小_屏東縣_3年級_數學_108上_期中1_翰林::六-1""]",G3-翰林-108上-期中1-P07_R06_鶴聲國小_屏東縣_3年級_數學_108上_期中1_翰林,question_item,verified,source_materials/tcool_math_g1_g4_康軒_翰林/grade-3/翰林/questions/P07_R06_鶴聲國小_屏東縣_3年級_數學_108上_期中1_翰林_題目卷.pdf,2,"[0, 0, 4677, 6614]",source_materials/tcool_math_g1_g4_康軒_翰林/_analysis/pilot/pages/G3-_-108_-_1-P07_R06_____3____108___1__/page-2.jpg,六-5,蚱蜢依照順序跳，一次跳一個間隔到另一朵花上，從第 18 朵花跳到第 31 朵花，蚱蜢共跳了幾次？（圖示花朵編號 18-22...）,[],source_materials/tcool_math_g1_g4_康軒_翰林/grade-3/翰林/answers/P07_R06_鶴聲國小_屏東縣_3年級_數學_108上_期中1_翰林_答案卷.pdf,2,跳躍次數=位置差=31-18=13。與答案卷「5. 31-18=13 A:13次」一致。,13 次,verified,independent_calculation,翰林,G3,108,上,期中1,,,,,"[""N-3-6""]",[],[],[],uncertain,low,"[""跳格次數應用題(31-18=13次)，翰林G3上出版社章節無明確對應條目，保留uncertain""]",uncertain_review,first_pass
G3-翰林-108上-期中1-P07_R06_鶴聲國小_屏東縣_3年級_數學_108上_期中1_翰林::ql-q42,"[""G3-翰林-108上-期中1-P07_R06_鶴聲國小_屏東縣_3年級_數學_108上_期中1_翰林::六-1""]",G3-翰林-108上-期中1-P07_R06_鶴聲國小_屏東縣_3年級_數學_108上_期中1_翰林,question_item,verified,source_materials/tcool_math_g1_g4_康軒_翰林/grade-3/翰林/questions/P07_R06_鶴聲國小_屏東縣_3年級_數學_108上_期中1_翰林_題目卷.pdf,2,"[0, 0, 4677, 6614]",source_materials/tcool_math_g1_g4_康軒_翰林/_analysis/pilot/pages/G3-_-108_-_1-P07_R06_____3____108___1__/page-2.jpg,六-6,有一場電影，截至開演前，賣掉的全票比半票多 634 張，賣掉的半票比優待票多 895 張，賣掉的全票比優待票多幾張？（線段圖：全票／半票／優待票）,[],source_materials/tcool_math_g1_g4_康軒_翰林/grade-3/翰林/answers/P07_R06_鶴聲國小_屏東縣_3年級_數學_108上_期中1_翰林_答案卷.pdf,2,634+895=1529（差值可直接相加，因半票為共同比較基準）。與答案卷「6. 634+895=1529 A:1529張」一致。,1529 張,verified,independent_calculation,翰林,G3,108,上,期中1,,,,翰林 G3 上 第3章 10000 以內的加減,"[""N-3-2""]",[],"[""G3-05-02""]","[""G3-05-02""]",direct,high,"[""634+895 兩步驟差額相加應用題，對應 G3-05-02""]",include,first_pass
